#VRML V2.0 utf8
# 3D model generated by easyeda2kicad.py (https://github.com/uPesy/easyeda2kicad.py)

Shape{
    appearance Appearance {
        material  Material 	{
            diffuseColor 1.0 0.9411764705882353 0.8549019607843137
            specularColor 0.30196078431372547 0.2823529411764706 0.2549019607843137
            ambientIntensity 0.9489
            transparency 0.0
            shininess 0.5
        }
    }
    geometry IndexedFaceSet {
        ccw TRUE
        solid FALSE
        coord DEF co Coordinate {
            point [
                1.2701 0.5669 0.0984, 1.3069 0.5485 0.0984, 1.3081 0.5455 0.0984, 1.0827 0.5394 0.0984, 1.1102 0.5669 0.0984, 1.3091 0.5394 0.0984, 1.3088 0.5425 0.0984, 1.2788 0.5662 0.0984, 1.287 0.5642 0.0984, 1.3052 0.5513 0.0984, 1.2944 0.5609 0.0984, 1.3006 0.5566 0.0984, 0.9843 -0.3189 0.4921, 0.9843 0.5394 0.4921, 1.0925 -0.3189 0.4921, 1.0925 0.5394 0.4921, 0.9843 -0.3189 0.0984, 0.9843 0.5394 0.0984, 0.9843 -0.3189 0.1083, 0.9843 0.5394 0.1083, 0.9847 -0.3189 0.0984, 0.987 -0.3189 0.4079, 0.9843 -0.3189 0.3839, 1.0684 -0.3189 0.4894, 1.0455 -0.3189 0.4814, 1.025 -0.3189 0.4685, 1.0079 -0.3189 0.4514, 0.995 -0.3189 0.4308, 0.8366 0.5669 0.7598, 0.8366 0.5669 0.0984, 0.8366 0.5394 0.7874, 0.8366 0.566 0.767, 0.8366 -0.5354 0.0984, 0.8366 -0.5354 0.7598, 0.8366 -0.5079 0.7874, 0.8366 0.5465 0.7865, 0.8366 0.5532 0.7837, 0.8366 0.5589 0.7793, 0.8366 0.5632 0.7736, 0.8366 -0.5345 0.767, 0.8366 -0.5317 0.7736, 0.8366 -0.515 0.7865, 0.8366 -0.5274 0.7793, 0.8366 -0.5216 0.7837, 1.3996 -0.5354 0.228, 1.3996 -0.5354 0.6972, 1.2701 -0.5354 0.0984, 1.337 -0.5354 0.7598, 1.4272 -0.5079 0.2165, 1.4272 0.5394 0.2165, 1.4272 -0.5079 0.7087, 1.4272 0.5394 0.7087, 0.9567 0.5669 0.5197, 0.9567 0.5669 0.0984, 1.1102 0.5669 0.3661, 1.3563 0.5669 0.3661, 1.3996 0.5669 0.228, 1.3563 0.5669 0.5197, 1.337 0.5669 0.7598, 1.3996 0.5669 0.6972, 1.3484 -0.5079 0.7874, 1.3484 0.5394 0.7874, 1.3091 -0.3189 0.0984, 1.3091 -0.5079 0.0984, 1.3061 -0.5184 0.0984, 1.3038 -0.5216 0.0984, 1.301 -0.5246 0.0984, 1.2976 -0.5274 0.0984, 1.2896 -0.5317 0.0984, 1.2802 -0.5345 0.0984, 1.3087 -0.5115 0.0984, 1.3077 -0.515 0.0984, 0.9843 0.5394 0.3839, 1.0827 0.5394 0.3937, 1.3287 0.5394 0.3937, 1.3287 0.5394 0.4921, 1.4067 -0.5345 0.225, 1.4134 -0.5317 0.2222, 1.4191 -0.5274 0.2199, 1.4215 -0.5246 0.2189, 1.4235 -0.5216 0.2181, 1.4251 -0.5184 0.2174, 1.4262 -0.515 0.2169, 1.4269 -0.5115 0.2166, 1.4251 -0.5184 0.7078, 1.4235 -0.5216 0.7071, 1.4215 -0.5246 0.7063, 1.4191 -0.5274 0.7053, 1.4134 -0.5317 0.703, 1.4067 -0.5345 0.7002, 1.4269 -0.5115 0.7086, 1.4262 -0.515 0.7083, 1.34 -0.5345 0.767, 1.3427 -0.5317 0.7736, 1.3451 -0.5274 0.7793, 1.3461 -0.5246 0.7817, 1.3469 -0.5216 0.7837, 1.3476 -0.5184 0.7853, 1.3483 -0.5115 0.7872, 1.348 -0.515 0.7865, 1.3395 0.5661 0.766, 1.34 0.566 0.767, 1.3419 0.564 0.7717, 1.3427 0.5632 0.7736, 1.3441 0.5607 0.7769, 1.3451 0.5589 0.7793, 1.3459 0.5566 0.7814, 1.3468 0.5531 0.7836, 1.3473 0.5513 0.7847, 1.348 0.5465 0.7864, 1.3481 0.5455 0.7867, 1.4057 0.5661 0.6998, 1.4067 0.566 0.7002, 1.4115 0.564 0.7022, 1.4134 0.5632 0.703, 1.4166 0.5607 0.7043, 1.4191 0.5589 0.7053, 1.4212 0.5566 0.7062, 1.4233 0.5531 0.7071, 1.4244 0.5513 0.7075, 1.4261 0.5465 0.7082, 1.4265 0.5455 0.7084, 1.4057 0.5661 0.2254, 1.4067 0.566 0.225, 1.4115 0.564 0.223, 1.4134 0.5632 0.2222, 1.4166 0.5607 0.2209, 1.4191 0.5589 0.2199, 1.4212 0.5566 0.219, 1.4233 0.5531 0.2181, 1.4244 0.5513 0.2177, 1.4261 0.5465 0.217, 1.4265 0.5455 0.2168
            ]
        }
        coordIndex [
            0,1,2,-1,3,4,5,-1,5,4,0,-1,5,0,6,-1,6,0,2,-1,0,7,1,-1,1,7,8,-1,1,8,9,-1,9,8,10,-1,9,10,11,-1,12,13,14,-1,14,13,15,-1,16,17,18,-1,18,17,19,-1,18,20,16,-1,21,22,12,-1,14,23,12,-1,12,23,24,-1,12,24,25,-1,25,26,12,-1,12,26,27,-1,12,27,21,-1,28,29,30,-1,28,30,31,-1,29,32,30,-1,30,32,33,-1,30,33,34,-1,35,36,37,-1,35,37,30,-1,30,37,38,-1,30,38,31,-1,33,39,34,-1,34,39,40,-1,34,40,41,-1,41,40,42,-1,41,42,43,-1,44,45,46,-1,46,45,47,-1,46,47,32,-1,32,47,33,-1,48,49,50,-1,50,49,51,-1,52,53,29,-1,4,54,0,-1,0,54,55,-1,0,55,56,-1,56,55,57,-1,29,28,52,-1,52,28,58,-1,52,58,57,-1,57,58,59,-1,57,59,56,-1,60,61,34,-1,34,61,30,-1,20,62,63,-1,53,17,29,-1,29,17,16,-1,20,46,16,-1,16,46,32,-1,16,32,29,-1,64,65,20,-1,20,65,66,-1,20,66,67,-1,67,68,20,-1,20,68,69,-1,20,69,46,-1,63,70,20,-1,20,70,71,-1,20,71,64,-1,72,13,22,-1,22,13,12,-1,50,51,60,-1,60,51,61,-1,5,49,62,-1,62,49,48,-1,62,48,63,-1,73,54,3,-1,3,54,4,-1,74,55,73,-1,73,55,54,-1,75,57,74,-1,74,57,55,-1,13,52,15,-1,15,52,57,-1,15,57,75,-1,19,17,53,-1,19,53,72,-1,72,53,52,-1,72,52,13,-1,44,46,69,-1,44,69,76,-1,76,69,68,-1,76,68,77,-1,77,68,67,-1,77,67,78,-1,78,67,66,-1,78,66,79,-1,79,66,65,-1,79,65,80,-1,80,65,64,-1,80,64,81,-1,81,64,71,-1,81,71,82,-1,82,71,70,-1,82,70,83,-1,83,70,63,-1,83,63,48,-1,82,84,81,-1,81,84,85,-1,81,85,80,-1,80,85,86,-1,80,86,79,-1,79,86,87,-1,79,87,78,-1,78,87,88,-1,78,88,77,-1,77,88,89,-1,77,89,76,-1,76,89,45,-1,76,45,44,-1,48,50,83,-1,83,50,90,-1,83,90,82,-1,82,90,91,-1,82,91,84,-1,47,45,89,-1,47,89,92,-1,92,89,88,-1,92,88,93,-1,93,88,87,-1,93,87,94,-1,94,87,95,-1,95,87,86,-1,95,86,96,-1,91,97,84,-1,84,97,96,-1,84,96,85,-1,85,96,86,-1,50,60,90,-1,90,60,98,-1,90,98,91,-1,91,98,99,-1,91,99,97,-1,60,34,98,-1,98,34,41,-1,98,41,99,-1,99,41,97,-1,97,41,43,-1,97,43,96,-1,96,43,95,-1,95,43,42,-1,95,42,94,-1,94,42,40,-1,94,40,93,-1,93,40,39,-1,93,39,92,-1,92,39,33,-1,92,33,47,-1,100,58,28,-1,100,28,101,-1,101,28,31,-1,101,31,102,-1,102,31,103,-1,103,31,38,-1,103,38,104,-1,104,38,37,-1,104,37,105,-1,105,37,106,-1,106,37,36,-1,106,36,107,-1,107,36,108,-1,108,36,35,-1,108,35,109,-1,109,35,110,-1,110,35,30,-1,110,30,61,-1,58,100,59,-1,59,100,111,-1,111,100,112,-1,112,100,101,-1,112,101,113,-1,113,101,102,-1,113,102,114,-1,114,102,103,-1,114,103,115,-1,103,104,115,-1,115,104,105,-1,115,105,116,-1,116,105,106,-1,116,106,117,-1,117,106,118,-1,118,106,107,-1,118,107,119,-1,107,108,119,-1,119,108,109,-1,119,109,120,-1,120,109,110,-1,120,110,121,-1,121,110,61,-1,121,61,51,-1,56,59,122,-1,122,59,111,-1,122,111,123,-1,123,111,112,-1,123,112,124,-1,124,112,125,-1,112,113,125,-1,125,113,114,-1,125,114,126,-1,126,114,115,-1,126,115,127,-1,127,115,116,-1,127,116,128,-1,128,116,117,-1,128,117,129,-1,129,117,118,-1,129,118,130,-1,130,118,119,-1,130,119,131,-1,119,120,131,-1,131,120,121,-1,131,121,132,-1,132,121,51,-1,132,51,49,-1,8,7,122,-1,122,7,0,-1,122,0,56,-1,122,123,8,-1,8,123,124,-1,8,124,10,-1,124,125,10,-1,10,125,126,-1,10,126,11,-1,11,126,127,-1,132,49,5,-1,127,128,11,-1,11,128,129,-1,11,129,9,-1,9,129,130,-1,9,130,1,-1,1,130,131,-1,1,131,2,-1,2,131,132,-1,2,132,6,-1,6,132,5,-1,
        ]
    }
}
Shape{
    appearance Appearance {
        material  Material 	{
            diffuseColor 0.7686274509803922 0.7686274509803922 0.7686274509803922
            specularColor 0.615686274509804 0.615686274509804 0.615686274509804
            ambientIntensity 0.7686
            transparency 0.0
            shininess 0.5
        }
    }
    geometry IndexedFaceSet {
        ccw TRUE
        solid FALSE
        coord DEF co Coordinate {
            point [
                1.4075 -0.3189 0.0, 1.4075 -0.3189 0.0984, 1.3091 -0.3189 0.0984, 1.0925 -0.3189 0.0, 0.9847 -0.3189 0.0984, 0.987 -0.3189 0.0842, 1.025 -0.3189 0.0236, 1.0684 -0.3189 0.0027, 1.0455 -0.3189 0.0107, 0.995 -0.3189 0.0613, 1.0079 -0.3189 0.0408, 1.3091 0.5394 0.0984, 1.4075 0.5394 0.0984, 1.4075 0.5394 0.0, 1.3287 0.5394 0.4921, 1.3287 0.5394 0.3937, 1.0925 0.5394 0.4921, 1.0827 0.5394 0.3937, 1.025 0.5394 0.4685, 1.0455 0.5394 0.4814, 1.0684 0.5394 0.4894, 1.0827 0.5394 0.0984, 1.0079 0.5394 0.0408, 0.995 0.5394 0.0613, 1.0925 0.5394 0.0, 1.0684 0.5394 0.0027, 0.987 0.5394 0.4079, 0.995 0.5394 0.4308, 1.0079 0.5394 0.4514, 1.0455 0.5394 0.0107, 1.025 0.5394 0.0236, 0.987 0.5394 0.0842, 0.9843 0.5394 0.1083, 0.9843 0.5394 0.3839, 1.5059 0.441 0.0984, 1.5059 -0.2205 0.0984, 1.4927 0.4902 0.0984, 1.4771 0.5106 0.0984, 1.4567 0.5262 0.0984, 1.433 -0.3155 0.0984, 1.4567 -0.3057 0.0984, 1.5026 0.4664 0.0984, 1.433 0.536 0.0984, 1.4771 -0.2901 0.0984, 1.4927 -0.2697 0.0984, 1.5026 -0.2459 0.0984, 1.5059 0.441 0.0, 1.5059 -0.2205 0.0, 1.5026 0.4664 0.0, 1.4567 0.5262 0.0, 1.4771 0.5106 0.0, 1.4927 0.4902 0.0, 1.433 -0.3155 0.0, 1.4927 -0.2697 0.0, 1.4771 -0.2901 0.0, 1.4567 -0.3057 0.0, 1.433 0.536 0.0, 1.5026 -0.2459 0.0, 0.9843 -0.3189 0.1083, 0.9843 -0.3189 0.3839, 0.987 -0.3189 0.4079, 0.995 -0.3189 0.4308, 1.0079 -0.3189 0.4514, 1.025 -0.3189 0.4685, 1.0455 -0.3189 0.4814, 1.0684 -0.3189 0.4894, 1.0925 -0.3189 0.4921
            ]
        }
        coordIndex [
            0,1,2,-1,0,2,3,-1,3,2,4,-1,3,4,5,-1,3,6,7,-1,7,6,8,-1,5,9,3,-1,3,9,10,-1,3,10,6,-1,11,12,13,-1,14,15,16,-1,16,15,17,-1,18,19,17,-1,17,19,20,-1,17,20,16,-1,21,22,23,-1,11,13,21,-1,21,13,24,-1,21,24,25,-1,26,27,17,-1,17,27,28,-1,17,28,18,-1,25,29,21,-1,21,29,30,-1,21,30,22,-1,23,31,21,-1,21,31,32,-1,21,32,17,-1,17,32,33,-1,17,33,26,-1,12,11,34,-1,34,11,35,-1,11,2,1,-1,36,37,38,-1,11,1,35,-1,35,1,39,-1,35,39,40,-1,34,41,12,-1,12,41,36,-1,12,36,42,-1,42,36,38,-1,43,44,40,-1,40,44,45,-1,40,45,35,-1,34,35,46,-1,46,35,47,-1,48,46,13,-1,3,24,0,-1,0,24,13,-1,49,50,51,-1,13,46,0,-1,0,46,47,-1,0,47,52,-1,53,54,55,-1,48,13,51,-1,51,13,56,-1,51,56,49,-1,52,47,55,-1,55,47,57,-1,55,57,53,-1,58,32,4,-1,4,32,31,-1,4,31,5,-1,5,31,23,-1,5,23,9,-1,9,23,22,-1,9,22,10,-1,10,22,30,-1,10,30,6,-1,6,30,29,-1,6,29,8,-1,8,29,25,-1,8,25,7,-1,7,25,24,-1,7,24,3,-1,33,59,60,-1,33,60,26,-1,26,60,61,-1,26,61,27,-1,27,61,62,-1,27,62,28,-1,28,62,63,-1,28,63,18,-1,18,63,64,-1,18,64,19,-1,19,64,65,-1,19,65,20,-1,20,65,66,-1,20,66,16,-1,34,46,48,-1,34,48,41,-1,41,48,51,-1,41,51,36,-1,36,51,50,-1,36,50,37,-1,37,50,49,-1,37,49,38,-1,38,49,56,-1,38,56,42,-1,42,56,13,-1,42,13,12,-1,47,35,45,-1,47,45,57,-1,57,45,44,-1,57,44,53,-1,53,44,43,-1,53,43,54,-1,54,43,40,-1,54,40,55,-1,55,40,39,-1,55,39,52,-1,52,39,1,-1,52,1,0,-1,
        ]
    }
}
Shape{
    appearance Appearance {
        material  Material 	{
            diffuseColor 1.0 0.9411764705882353 0.8549019607843137
            specularColor 0.30196078431372547 0.2823529411764706 0.2549019607843137
            ambientIntensity 0.9489
            transparency 0.0
            shininess 0.5
        }
    }
    geometry IndexedFaceSet {
        ccw TRUE
        solid FALSE
        coord DEF co Coordinate {
            point [
                -1.1102 0.5669 0.0984, -1.0827 0.5394 0.0984, -1.2701 0.5669 0.0984, -1.3091 0.5394 0.0984, -1.3088 0.5425 0.0984, -1.3081 0.5455 0.0984, -1.3069 0.5485 0.0984, -1.3006 0.5566 0.0984, -1.2944 0.5609 0.0984, -1.3052 0.5513 0.0984, -1.287 0.5642 0.0984, -1.2788 0.5662 0.0984, -0.9843 0.5394 0.4921, -0.9843 -0.3189 0.4921, -1.0925 0.5394 0.4921, -1.0925 -0.3189 0.4921, -0.9843 0.5394 0.0984, -0.9843 -0.3189 0.0984, -0.9843 0.5394 0.1083, -0.9843 -0.3189 0.1083, -0.9847 -0.3189 0.0984, -0.9843 -0.3189 0.3839, -0.987 -0.3189 0.4079, -0.995 -0.3189 0.4308, -1.0079 -0.3189 0.4514, -1.025 -0.3189 0.4685, -1.0455 -0.3189 0.4814, -1.0684 -0.3189 0.4894, -0.8366 0.5589 0.7793, -0.8366 0.5532 0.7837, -0.8366 0.5465 0.7865, -0.8366 -0.5354 0.0984, -0.8366 0.5669 0.0984, -0.8366 -0.5354 0.7598, -0.8366 0.5669 0.7598, -0.8366 0.5394 0.7874, -0.8366 0.5632 0.7736, -0.8366 0.566 0.767, -0.8366 -0.5317 0.7736, -0.8366 -0.515 0.7865, -0.8366 -0.5274 0.7793, -0.8366 -0.5216 0.7837, -0.8366 -0.5079 0.7874, -0.8366 -0.5345 0.767, -1.337 -0.5354 0.7598, -1.3996 -0.5354 0.6972, -1.3996 -0.5354 0.228, -1.2701 -0.5354 0.0984, -1.4272 0.5394 0.2165, -1.4272 -0.5079 0.2165, -1.4272 0.5394 0.7087, -1.4272 -0.5079 0.7087, -0.9567 0.5669 0.0984, -0.9567 0.5669 0.5197, -1.337 0.5669 0.7598, -1.3563 0.5669 0.5197, -1.3996 0.5669 0.6972, -1.3996 0.5669 0.228, -1.3563 0.5669 0.3661, -1.1102 0.5669 0.3661, -1.3484 0.5394 0.7874, -1.3484 -0.5079 0.7874, -1.3091 -0.5079 0.0984, -1.3091 -0.3189 0.0984, -1.3069 -0.517 0.0984, -1.3081 -0.514 0.0984, -1.3088 -0.5109 0.0984, -1.2788 -0.5347 0.0984, -1.287 -0.5327 0.0984, -1.3052 -0.5198 0.0984, -1.2944 -0.5294 0.0984, -1.3006 -0.525 0.0984, -0.9843 0.5394 0.3839, -1.0827 0.5394 0.3937, -1.3287 0.5394 0.3937, -1.3287 0.5394 0.4921, -1.4265 -0.514 0.2168, -1.4261 -0.515 0.217, -1.4244 -0.5198 0.2177, -1.4233 -0.5216 0.2181, -1.4212 -0.525 0.219, -1.4166 -0.5292 0.2209, -1.4191 -0.5274 0.2199, -1.4057 -0.5346 0.2254, -1.4067 -0.5345 0.225, -1.4115 -0.5325 0.223, -1.4134 -0.5317 0.2222, -1.4057 -0.5346 0.6998, -1.4067 -0.5345 0.7002, -1.4115 -0.5325 0.7022, -1.4134 -0.5317 0.703, -1.4166 -0.5292 0.7043, -1.4191 -0.5274 0.7053, -1.4212 -0.525 0.7062, -1.4233 -0.5216 0.7071, -1.4244 -0.5198 0.7075, -1.4261 -0.515 0.7082, -1.4265 -0.514 0.7084, -1.3481 -0.514 0.7867, -1.348 -0.515 0.7864, -1.3473 -0.5198 0.7847, -1.3468 -0.5216 0.7836, -1.3459 -0.525 0.7814, -1.3451 -0.5274 0.7793, -1.3441 -0.5292 0.7769, -1.3427 -0.5317 0.7736, -1.3419 -0.5325 0.7717, -1.34 -0.5345 0.767, -1.3395 -0.5346 0.766, -1.3481 0.5455 0.7867, -1.348 0.5465 0.7864, -1.3473 0.5513 0.7847, -1.3468 0.5531 0.7836, -1.3459 0.5566 0.7814, -1.3451 0.5589 0.7793, -1.3441 0.5607 0.7769, -1.3427 0.5632 0.7736, -1.3419 0.564 0.7717, -1.34 0.566 0.767, -1.3395 0.5661 0.766, -1.4265 0.5455 0.7084, -1.4261 0.5465 0.7082, -1.4244 0.5513 0.7075, -1.4233 0.5531 0.7071, -1.4212 0.5566 0.7062, -1.4191 0.5589 0.7053, -1.4166 0.5607 0.7043, -1.4134 0.5632 0.703, -1.4115 0.564 0.7022, -1.4067 0.566 0.7002, -1.4057 0.5661 0.6998, -1.4057 0.5661 0.2254, -1.4067 0.566 0.225, -1.4115 0.564 0.223, -1.4134 0.5632 0.2222, -1.4265 0.5455 0.2168, -1.4261 0.5465 0.217, -1.4244 0.5513 0.2177, -1.4233 0.5531 0.2181, -1.4212 0.5566 0.219, -1.4166 0.5607 0.2209, -1.4191 0.5589 0.2199
            ]
        }
        coordIndex [
            0,1,2,-1,2,1,3,-1,3,4,2,-1,2,4,5,-1,2,5,6,-1,7,8,9,-1,9,8,10,-1,9,10,6,-1,6,10,11,-1,6,11,2,-1,12,13,14,-1,14,13,15,-1,16,17,18,-1,18,17,19,-1,17,20,19,-1,13,21,22,-1,22,23,13,-1,13,23,24,-1,13,24,25,-1,25,26,13,-1,13,26,27,-1,13,27,15,-1,28,29,30,-1,31,32,33,-1,33,32,34,-1,33,34,35,-1,28,30,36,-1,35,34,30,-1,30,34,37,-1,30,37,36,-1,38,39,40,-1,40,39,41,-1,35,42,33,-1,33,42,39,-1,33,39,43,-1,43,39,38,-1,31,33,44,-1,45,46,44,-1,44,46,47,-1,44,47,31,-1,48,49,50,-1,50,49,51,-1,32,52,34,-1,34,52,53,-1,34,53,54,-1,54,53,55,-1,54,55,56,-1,56,55,57,-1,57,55,58,-1,57,58,2,-1,2,58,59,-1,2,59,0,-1,60,61,35,-1,35,61,42,-1,62,63,20,-1,16,52,17,-1,17,52,32,-1,17,32,31,-1,47,64,65,-1,65,66,47,-1,47,66,62,-1,47,62,31,-1,31,62,20,-1,31,20,17,-1,47,67,64,-1,64,67,68,-1,64,68,69,-1,69,68,70,-1,69,70,71,-1,12,72,13,-1,13,72,21,-1,50,51,60,-1,60,51,61,-1,48,3,49,-1,49,3,63,-1,49,63,62,-1,59,73,0,-1,0,73,1,-1,58,74,59,-1,59,74,73,-1,55,75,58,-1,58,75,74,-1,75,55,14,-1,14,55,53,-1,14,53,12,-1,16,18,52,-1,52,18,72,-1,52,72,53,-1,53,72,12,-1,76,49,62,-1,62,66,76,-1,76,66,65,-1,76,65,77,-1,77,65,64,-1,77,64,78,-1,78,64,69,-1,78,69,79,-1,79,69,71,-1,79,71,80,-1,70,81,71,-1,71,81,82,-1,71,82,80,-1,83,84,68,-1,68,84,85,-1,68,85,70,-1,70,85,86,-1,70,86,81,-1,68,67,83,-1,83,67,47,-1,83,47,46,-1,87,88,84,-1,89,90,86,-1,86,90,91,-1,86,91,81,-1,81,91,92,-1,81,92,82,-1,82,92,93,-1,82,93,80,-1,80,93,94,-1,80,94,79,-1,79,94,95,-1,79,95,78,-1,78,95,96,-1,78,96,77,-1,77,96,97,-1,77,97,76,-1,76,97,51,-1,76,51,49,-1,89,86,88,-1,88,86,85,-1,88,85,84,-1,87,84,45,-1,45,84,83,-1,45,83,46,-1,51,97,61,-1,61,97,98,-1,98,97,99,-1,99,97,96,-1,99,96,100,-1,96,95,100,-1,100,95,94,-1,100,94,101,-1,101,94,93,-1,101,93,102,-1,102,93,92,-1,102,92,103,-1,103,92,91,-1,103,91,104,-1,104,91,105,-1,105,91,90,-1,105,90,106,-1,90,89,106,-1,106,89,88,-1,106,88,107,-1,107,88,87,-1,107,87,108,-1,108,87,45,-1,108,45,44,-1,108,44,33,-1,108,33,107,-1,107,33,43,-1,107,43,106,-1,106,43,105,-1,105,43,38,-1,105,38,104,-1,104,38,40,-1,104,40,103,-1,103,40,102,-1,102,40,41,-1,102,41,101,-1,101,41,100,-1,100,41,39,-1,100,39,99,-1,99,39,98,-1,98,39,42,-1,98,42,61,-1,60,35,109,-1,109,35,30,-1,109,30,110,-1,110,30,111,-1,111,30,29,-1,111,29,112,-1,112,29,113,-1,113,29,28,-1,113,28,114,-1,114,28,115,-1,115,28,36,-1,115,36,116,-1,116,36,117,-1,117,36,37,-1,117,37,118,-1,118,37,119,-1,119,37,34,-1,119,34,54,-1,60,109,50,-1,50,109,120,-1,120,109,121,-1,121,109,110,-1,121,110,122,-1,122,110,111,-1,122,111,123,-1,123,111,112,-1,123,112,124,-1,124,112,113,-1,124,113,125,-1,125,113,114,-1,125,114,126,-1,126,114,115,-1,126,115,127,-1,127,115,116,-1,127,116,128,-1,128,116,117,-1,128,117,129,-1,129,117,118,-1,129,118,130,-1,118,119,130,-1,130,119,54,-1,130,54,56,-1,131,132,129,-1,133,134,127,-1,48,50,135,-1,135,50,120,-1,135,120,136,-1,120,121,136,-1,136,121,122,-1,136,122,137,-1,137,122,123,-1,137,123,138,-1,138,123,124,-1,138,124,139,-1,139,124,125,-1,127,134,126,-1,126,134,140,-1,126,140,125,-1,125,140,141,-1,125,141,139,-1,133,127,132,-1,132,127,128,-1,132,128,129,-1,131,129,57,-1,57,129,130,-1,57,130,56,-1,3,48,4,-1,4,48,135,-1,4,135,5,-1,5,135,136,-1,5,136,6,-1,6,136,137,-1,6,137,9,-1,9,137,138,-1,9,138,7,-1,138,139,7,-1,7,139,141,-1,7,141,8,-1,141,140,8,-1,8,140,134,-1,8,134,10,-1,134,133,10,-1,10,133,132,-1,10,132,11,-1,132,131,11,-1,11,131,57,-1,11,57,2,-1,
        ]
    }
}
Shape{
    appearance Appearance {
        material  Material 	{
            diffuseColor 0.7686274509803922 0.7686274509803922 0.7686274509803922
            specularColor 0.615686274509804 0.615686274509804 0.615686274509804
            ambientIntensity 0.7686
            transparency 0.0
            shininess 0.5
        }
    }
    geometry IndexedFaceSet {
        ccw TRUE
        solid FALSE
        coord DEF co Coordinate {
            point [
                -1.3091 -0.3189 0.0984, -1.4075 -0.3189 0.0984, -1.4075 -0.3189 0.0, -0.9847 -0.3189 0.0984, -1.0925 -0.3189 0.0, -0.987 -0.3189 0.0842, -1.025 -0.3189 0.0236, -1.0079 -0.3189 0.0408, -0.995 -0.3189 0.0613, -1.0455 -0.3189 0.0107, -1.0684 -0.3189 0.0027, -1.0827 0.5394 0.3937, -1.3287 0.5394 0.3937, -1.3287 0.5394 0.4921, -0.987 0.5394 0.0842, -0.995 0.5394 0.0613, -1.0827 0.5394 0.0984, -1.0455 0.5394 0.0107, -1.0684 0.5394 0.0027, -1.0925 0.5394 0.0, -1.3091 0.5394 0.0984, -1.4075 0.5394 0.0, -1.4075 0.5394 0.0984, -1.0079 0.5394 0.0408, -1.025 0.5394 0.0236, -1.0925 0.5394 0.4921, -1.0684 0.5394 0.4894, -1.0455 0.5394 0.4814, -1.025 0.5394 0.4685, -1.0079 0.5394 0.4514, -0.995 0.5394 0.4308, -0.987 0.5394 0.4079, -0.9843 0.5394 0.3839, -0.9843 0.5394 0.1083, -1.5059 0.441 0.0984, -1.4771 0.5106 0.0984, -1.4567 0.5262 0.0984, -1.433 0.536 0.0984, -1.4927 0.4902 0.0984, -1.5026 0.4664 0.0984, -1.5059 -0.2205 0.0984, -1.5026 -0.2459 0.0984, -1.4927 -0.2697 0.0984, -1.4771 -0.2901 0.0984, -1.4567 -0.3057 0.0984, -1.433 -0.3155 0.0984, -1.5059 -0.2205 0.0, -1.5059 0.441 0.0, -1.5026 0.4664 0.0, -1.4927 0.4902 0.0, -1.4771 0.5106 0.0, -1.4567 0.5262 0.0, -1.433 0.536 0.0, -1.4771 -0.2901 0.0, -1.4567 -0.3057 0.0, -1.433 -0.3155 0.0, -1.4927 -0.2697 0.0, -1.5026 -0.2459 0.0, -0.9843 -0.3189 0.1083, -1.0925 -0.3189 0.4921, -1.0684 -0.3189 0.4894, -1.0455 -0.3189 0.4814, -1.025 -0.3189 0.4685, -1.0079 -0.3189 0.4514, -0.995 -0.3189 0.4308, -0.987 -0.3189 0.4079, -0.9843 -0.3189 0.3839
            ]
        }
        coordIndex [
            0,1,2,-1,0,2,3,-1,3,2,4,-1,3,4,5,-1,6,7,8,-1,6,8,9,-1,5,4,8,-1,8,4,10,-1,8,10,9,-1,11,12,13,-1,14,15,16,-1,17,18,16,-1,16,18,19,-1,16,19,20,-1,20,19,21,-1,20,21,22,-1,15,23,16,-1,16,23,24,-1,16,24,17,-1,13,25,11,-1,11,25,26,-1,11,26,27,-1,27,28,11,-1,11,28,29,-1,11,29,30,-1,30,31,11,-1,11,31,32,-1,11,32,16,-1,16,32,33,-1,16,33,14,-1,0,20,1,-1,1,20,22,-1,1,22,34,-1,35,22,36,-1,36,22,37,-1,35,38,22,-1,22,38,39,-1,22,39,34,-1,34,40,1,-1,1,40,41,-1,1,41,42,-1,42,43,1,-1,1,43,44,-1,1,44,45,-1,40,34,46,-1,46,34,47,-1,19,4,21,-1,21,4,2,-1,21,2,46,-1,46,47,21,-1,21,47,48,-1,21,48,49,-1,49,50,21,-1,21,50,51,-1,21,51,52,-1,53,2,54,-1,54,2,55,-1,53,56,2,-1,2,56,57,-1,2,57,46,-1,33,58,3,-1,33,3,14,-1,3,5,14,-1,14,5,8,-1,14,8,15,-1,15,8,7,-1,15,7,23,-1,23,7,6,-1,23,6,24,-1,24,6,9,-1,24,9,17,-1,17,9,10,-1,17,10,18,-1,18,10,4,-1,18,4,19,-1,25,59,60,-1,25,60,26,-1,26,60,61,-1,26,61,27,-1,27,61,62,-1,27,62,28,-1,28,62,63,-1,28,63,29,-1,29,63,64,-1,29,64,30,-1,30,64,65,-1,30,65,31,-1,31,65,66,-1,31,66,32,-1,22,21,52,-1,22,52,37,-1,37,52,51,-1,37,51,36,-1,36,51,50,-1,36,50,35,-1,35,50,49,-1,35,49,38,-1,38,49,48,-1,38,48,39,-1,39,48,47,-1,39,47,34,-1,2,1,45,-1,2,45,55,-1,55,45,44,-1,55,44,54,-1,54,44,43,-1,54,43,53,-1,53,43,42,-1,53,42,56,-1,56,42,41,-1,56,41,57,-1,57,41,40,-1,57,40,46,-1,
        ]
    }
}
Shape{
    appearance Appearance {
        material  Material 	{
            diffuseColor 1.0 0.9411764705882353 0.8549019607843137
            specularColor 0.30196078431372547 0.2823529411764706 0.2549019607843137
            ambientIntensity 0.9489
            transparency 0.0
            shininess 0.5
        }
    }
    geometry IndexedFaceSet {
        ccw TRUE
        solid FALSE
        coord DEF co Coordinate {
            point [
                0.5807 0.5669 0.8661, 0.5807 0.5669 0.9509, 0.1614 0.5669 0.9509, -0.2705 0.5669 0.4035, -0.2705 0.5669 0.2362, -0.1909 0.5669 0.4035, -0.1664 0.5669 0.2362, -0.1889 0.5669 0.4038, -0.2705 0.5669 0.6791, -0.1909 0.5669 0.6791, -0.1664 0.5669 0.8147, -0.1889 0.5669 0.6789, -0.187 0.5669 0.6781, -0.1854 0.5669 0.6768, -0.1841 0.5669 0.6752, -0.1833 0.5669 0.6733, -0.1841 0.5669 0.4075, -0.1854 0.5669 0.4058, -0.187 0.5669 0.4046, -0.1831 0.5669 0.6713, -0.1831 0.5669 0.4114, -0.1833 0.5669 0.4094, -0.6988 0.5669 0.5512, -0.5807 0.5669 0.5512, -0.2705 0.5669 0.8147, -0.3067 0.5669 0.4058, -0.308 0.5669 0.4075, -0.5807 0.5669 0.2362, -0.3012 0.5669 0.4035, -0.3032 0.5669 0.4038, -0.3051 0.5669 0.4046, -0.3051 0.5669 0.6781, -0.3032 0.5669 0.6789, -0.3012 0.5669 0.6791, -0.3088 0.5669 0.6733, -0.308 0.5669 0.6752, -0.3067 0.5669 0.6768, -0.3088 0.5669 0.4094, -0.3091 0.5669 0.4114, -0.3091 0.5669 0.6713, -0.0619 0.5669 1.0705, -0.0735 0.5669 0.9707, -0.0619 0.5669 0.9509, -0.0735 0.5669 0.9578, -0.086 0.5669 0.9526, -0.0908 0.5669 1.0705, -0.0871 0.5669 1.0702, -0.0735 0.5669 1.0665, -0.0735 0.5669 1.0507, -0.0868 0.5669 1.0564, -0.0756 0.5669 0.9696, -0.1011 0.5669 1.0582, -0.1127 0.5669 1.0569, -0.1216 0.5669 1.0537, -0.1298 0.5669 1.0483, -0.1369 0.5669 1.0404, -0.1455 0.5669 1.0095, -0.1443 0.5669 0.9967, -0.1411 0.5669 0.9865, -0.1148 0.5669 0.9644, -0.1038 0.5669 0.9632, -0.1234 0.5669 0.9676, -0.1306 0.5669 0.9725, -0.1362 0.5669 0.9783, -0.0881 0.5669 0.9649, -0.1418 0.5669 1.0313, -0.1449 0.5669 1.0186, -0.1013 0.5669 1.0712, -0.0619 0.5669 1.1811, -0.1101 0.5669 1.0705, -0.1664 0.5669 1.1811, -0.1551 0.5669 1.0387, -0.1482 0.5669 1.0497, -0.1664 0.5669 1.0705, -0.1415 0.5669 0.9617, -0.1503 0.5669 0.9711, -0.1664 0.5669 0.9509, -0.1566 0.5669 0.9823, -0.1129 0.5669 0.9509, -0.1205 0.5669 0.9517, -0.132 0.5669 0.9557, -0.1375 0.5669 1.06, -0.1263 0.5669 1.0664, -0.1131 0.5669 1.0702, -0.1602 0.5669 0.9948, -0.1613 0.5669 1.0085, -0.1596 0.5669 1.0253, -0.098 0.5669 0.9509, -0.1027 0.5669 0.9503, -0.0619 0.5669 0.8147, -0.106 0.5669 0.9502, -0.5807 0.5669 0.9509, -0.5807 0.5669 0.8661, -0.6988 0.5669 0.8147, -0.6988 0.5669 0.8661, -0.2705 0.5669 0.9509, -0.2705 0.5669 1.0705, -0.5807 0.5669 1.0705, 0.1683 0.5669 0.9848, 0.1614 0.5669 0.9646, 0.2171 0.5669 0.9848, 0.229 0.5669 0.9517, 0.2463 0.5669 0.9517, 0.2002 0.5669 1.0698, 0.5807 0.5669 1.0705, 0.1614 0.5669 1.0705, 0.6988 0.5669 0.5512, 0.6988 0.5669 0.8147, 0.5807 0.5669 0.5512, 0.1614 0.5669 0.8147, 0.3073 0.5669 0.4065, 0.3061 0.5669 0.4053, 0.5807 0.5669 0.2362, 0.1909 0.5669 0.4035, 0.1892 0.5669 0.4037, 0.1614 0.5669 0.2362, 0.1875 0.5669 0.4043, 0.186 0.5669 0.4053, 0.1831 0.5669 0.6713, 0.1833 0.5669 0.673, 0.3046 0.5669 0.4043, 0.3029 0.5669 0.4037, 0.3012 0.5669 0.4035, 0.1848 0.5669 0.4065, 0.1839 0.5669 0.408, 0.1833 0.5669 0.4097, 0.1831 0.5669 0.4114, 0.3091 0.5669 0.4114, 0.3089 0.5669 0.4097, 0.3083 0.5669 0.408, 0.1839 0.5669 0.6747, 0.1848 0.5669 0.6762, 0.186 0.5669 0.6774, 0.3073 0.5669 0.6762, 0.3061 0.5669 0.6774, 0.3046 0.5669 0.6784, 0.3083 0.5669 0.6747, 0.3089 0.5669 0.673, 0.3091 0.5669 0.6713, 0.1875 0.5669 0.6784, 0.1892 0.5669 0.6789, 0.1909 0.5669 0.6791, 0.3012 0.5669 0.6791, 0.3029 0.5669 0.6789, 0.157 0.5669 0.9517, 0.1354 0.5669 0.9509, 0.1397 0.5669 0.9517, 0.1354 0.5669 1.0705, 0.1614 0.5669 1.009, 0.1844 0.5669 1.0698, 0.0693 0.5669 1.0698, 0.0245 0.5669 1.0705, 0.0864 0.5669 1.0679, 0.1002 0.5669 1.0631, 0.1131 0.5669 1.0545, 0.1252 0.5669 0.984, 0.1184 0.5669 0.9735, 0.1087 0.5669 0.9642, 0.0963 0.5669 0.957, 0.1132 0.5669 1.0544, 0.1216 0.5669 1.0451, 0.127 0.5669 1.0349, 0.0827 0.5669 0.9529, 0.0681 0.5669 0.9517, 0.0245 0.5669 0.9509, 0.036 0.5669 0.9517, 0.036 0.5669 1.0698, 0.1302 0.5669 1.0233, 0.1311 0.5669 1.0122, 0.1294 0.5669 0.9964, 0.0245 0.5669 0.8147, 0.1354 0.5669 0.8147, 0.6988 0.5669 0.8661, -0.0346 0.5669 1.0568, -0.0346 0.5669 1.0179, 0.0101 0.5669 1.0568, 0.0072 0.5669 1.0179, 0.0101 0.5669 1.0698, 0.0072 0.5669 1.005, -0.0346 0.5669 1.005, -0.0346 0.5669 0.9646, 0.013 0.5669 0.9646, 0.013 0.5669 0.9517, -0.0504 0.5669 0.9517, -0.0504 0.5669 1.0698, 0.5807 0.5669 1.1811, 0.1614 0.5669 1.1811, 0.1354 0.5669 1.1811, 0.0245 0.5669 1.1811, 0.1354 0.5669 0.2362, 0.0245 0.5669 0.2362, -0.0619 0.5669 0.2362, -0.2161 0.5669 1.0698, -0.2161 0.5669 0.9646, -0.1714 0.5669 0.9646, -0.2319 0.5669 0.9517, -0.2319 0.5669 1.0698, -0.1714 0.5669 0.9517, -0.2705 0.5669 1.1811, -0.5807 0.5669 1.1811, 0.434 0.8819 0.6164, 0.5599 0.8819 0.6164, 0.5599 0.8819 0.5255, 0.7382 0.8819 0.3721, 0.6353 0.8819 0.4085, 0.7393 0.8819 0.4085, -0.4793 0.8819 0.6164, 0.0 0.8819 0.6164, -0.1831 0.8819 0.5413, 0.0 0.8819 0.4085, -0.1831 0.8819 0.4085, -0.1831 0.8819 0.5255, -0.3091 0.8819 0.4085, -0.3091 0.8819 0.3248, -0.4793 0.8819 0.2662, -0.1831 0.8819 0.3248, 0.0 0.8819 0.2662, 0.3091 0.8819 0.3248, 0.3091 0.8819 0.4085, 0.434 0.8819 0.4085, 0.3091 0.8819 0.5255, 0.0 0.8819 0.5255, 0.1831 0.8819 0.4085, 0.1831 0.8819 0.3248, 0.434 0.8819 0.2662, -0.6952 0.8819 0.6164, -0.6952 0.8819 0.6593, -0.6767 0.8819 0.647, -0.6496 0.8819 0.6362, -0.6496 0.8819 0.6602, -0.4793 0.8819 0.7091, -0.6812 0.8819 0.673, -0.7099 0.8819 0.6914, -0.7779 0.8819 0.7091, -0.7192 0.8819 0.6914, -0.7779 0.8819 0.6164, -0.7192 0.8819 0.6164, -0.7192 0.8819 0.5255, -0.3091 0.8819 0.5413, -0.4793 0.8819 0.5255, -0.6952 0.8819 0.5255, -0.6952 0.8819 0.4921, -0.4793 0.8819 0.4085, -0.7192 0.8819 0.4921, -0.7779 0.8819 0.4085, -0.7779 0.8819 0.5255, 0.5599 0.8819 0.7761, 0.5592 0.8819 0.7719, 0.434 0.8819 0.7091, 0.6413 0.8819 0.8183, 0.6333 0.8819 0.8246, 0.663 0.8819 0.8082, 0.6694 0.8819 0.8149, 0.5885 0.8819 0.8249, 0.5599 0.8819 0.9252, 0.5988 0.8819 0.8286, 0.6125 0.8819 0.8301, 0.7393 0.8819 0.7803, 0.7388 0.8819 0.7855, 0.7393 0.8819 0.9252, 0.7346 0.8819 0.7986, 0.7278 0.8819 0.8099, 0.6241 0.8819 0.8286, 0.6773 0.8819 0.8198, 0.579 0.8819 0.8183, 0.5717 0.8819 0.8101, 0.5696 0.8819 0.8069, 0.7215 0.8819 0.8161, 0.7146 0.8819 0.8202, 0.7067 0.8819 0.8228, 0.6546 0.8819 0.7896, 0.654 0.8819 0.7896, 0.6583 0.8819 0.8002, 0.6514 0.8819 0.8017, 0.647 0.8819 0.8111, 0.6974 0.8819 0.8237, 0.6861 0.8819 0.8226, 0.8366 0.8819 0.9252, 0.8366 0.8819 0.7091, 0.7403 0.8819 0.7685, 0.7393 0.8819 0.7573, 0.7113 0.8819 0.7702, 0.7123 0.8819 0.7603, 0.696 0.8819 0.7864, 0.7015 0.8819 0.7264, 0.7311 0.8819 0.7264, 0.7393 0.8819 0.7091, 0.7383 0.8819 0.7469, 0.5659 0.8819 0.7237, 0.5678 0.8819 0.7199, 0.5599 0.8819 0.7091, 0.5999 0.8819 0.7199, 0.5589 0.8819 0.7634, 0.5599 0.8819 0.7502, 0.5607 0.8819 0.7411, 0.5875 0.8819 0.7516, 0.6388 0.8819 0.7532, 0.5918 0.8819 0.7344, 0.6388 0.8819 0.7372, 0.6669 0.8819 0.7372, 0.7048 0.8819 0.732, 0.6669 0.8819 0.7516, 0.7104 0.8819 0.7461, 0.6231 0.8819 0.7912, 0.6269 0.8819 0.7887, 0.6375 0.8819 0.7681, 0.6304 0.8819 0.7852, 0.6343 0.8819 0.7788, 0.6679 0.8819 0.7649, 0.6704 0.8819 0.7737, 0.587 0.8819 0.761, 0.5878 0.8819 0.7711, 0.5902 0.8819 0.7789, 0.6023 0.8819 0.7915, 0.6074 0.8819 0.793, 0.6127 0.8819 0.7934, 0.6185 0.8819 0.7928, 0.6733 0.8819 0.7789, 0.6764 0.8819 0.7823, 0.6798 0.8819 0.7846, 0.7005 0.8819 0.785, 0.704 0.8819 0.7829, 0.7068 0.8819 0.7802, 0.5942 0.8819 0.7853, 0.5977 0.8819 0.7888, 0.684 0.8819 0.7862, 0.6903 0.8819 0.7869, 0.7093 0.8819 0.7763, 0.561 0.8819 0.6534, 0.6196 0.8819 0.6216, 0.561 0.8819 0.6983, 0.6503 0.8819 0.6432, 0.6311 0.8819 0.6181, 0.6311 0.8819 0.6176, 0.6253 0.8819 0.6195, 0.6271 0.8819 0.6164, 0.6772 0.8819 0.6224, 0.6847 0.8819 0.6255, 0.7393 0.8819 0.6164, 0.7382 0.8819 0.6544, 0.7382 0.8819 0.6962, 0.561 0.8819 0.5363, 0.6497 0.8819 0.5933, 0.7382 0.8819 0.5406, 0.7382 0.8819 0.587, 0.7393 0.8819 0.5255, 0.6251 0.8819 0.6158, 0.6193 0.8819 0.6135, 0.561 0.8819 0.5815, 0.6696 0.8819 0.6192, 0.6696 0.8819 0.6196, 0.677 0.8819 0.6168, 0.6779 0.8819 0.6164, 0.6842 0.8819 0.6137, 0.7382 0.8819 0.4628, 0.7382 0.8819 0.5147, 0.561 0.8819 0.5147, 0.561 0.8819 0.478, 0.6062 0.8819 0.4164, 0.6062 0.8819 0.4172, 0.6188 0.8819 0.4138, 0.6188 0.8819 0.4206, 0.6311 0.8819 0.4099, 0.6313 0.8819 0.4245, 0.6871 0.8819 0.4789, 0.7058 0.8819 0.481, 0.7058 0.8819 0.4801, 0.561 0.8819 0.4304, 0.561 0.8819 0.4085, 0.5599 0.8819 0.4085, 0.561 0.8819 0.4002, 0.7058 0.8819 0.3505, 0.7058 0.8819 0.3495, 0.6938 0.8819 0.353, 0.6835 0.8819 0.3502, 0.6819 0.8819 0.3561, 0.7382 0.8819 0.3159, 0.7393 0.8819 0.2662, 0.561 0.8819 0.3159, 0.5599 0.8819 0.2662, 0.561 0.8819 0.3505, 0.8366 0.8819 0.6164, 0.8366 0.8819 0.5255, 0.8366 0.8819 0.4085, 0.8366 0.8819 0.2662, 0.6943 0.8819 0.4777, 0.6831 0.8819 0.4746, 0.6684 0.8819 0.478, 0.434 0.8819 0.5255, 0.3091 0.8819 0.5413, 0.1831 0.8819 0.5413, 0.1831 0.8819 0.5255, 0.6611 0.8819 0.3505, 0.0 0.8819 0.7091, -0.6529 0.8819 0.6371, 0.5629 0.8819 0.7924, 0.434 0.8819 0.9252, 0.0 0.8819 0.9252, -0.4793 0.8819 0.9252, -0.7779 0.8819 0.9252, -0.8366 0.8819 0.9252, -0.3091 0.8819 0.5255, -0.7779 0.8819 0.2662, -0.8366 0.8819 0.7091, -0.8366 0.8819 0.6164, -0.8366 0.8819 0.5255, -0.8366 0.8819 0.4085, -0.8366 0.8819 0.2662, 0.8366 0.8819 0.2165, 0.7393 0.8819 0.2165, 0.5599 0.8819 0.2165, 0.434 0.8819 0.2165, 0.0 0.8819 0.2165, -0.4793 0.8819 0.2165, -0.7779 0.8819 0.2165, -0.8366 0.8819 0.2165, -0.7579 0.9606 0.0787, -0.8366 0.9606 0.0787, -0.8366 0.9606 0.2165, 0.8366 0.9606 0.2165, 0.7579 0.9606 0.0787, 0.8366 0.9606 0.0787, -0.561 0.9606 0.0787, -0.561 0.9606 0.0, -0.7579 0.9606 0.0, 0.561 0.9606 0.0787, 0.561 0.9606 0.0, 0.7579 0.9606 0.0, -0.7579 -0.6929 0.0, -0.561 -0.6929 0.0, -0.1969 -0.122 0.2362, -0.0591 -0.122 0.2362, -0.1969 -0.122 0.0787, -0.0591 -0.122 0.0787, -0.0591 -0.6732 0.0787, -0.0591 -0.6142 0.2362, -0.0591 -0.6929 0.1575, -0.0591 -0.6831 0.0814, -0.0591 -0.6922 0.0933, -0.0591 -0.6871 0.0845, -0.0591 -0.6903 0.0886, -0.0591 -0.6929 0.0984, -0.0591 -0.6783 0.0794, 0.0591 -0.122 0.2362, 0.0591 -0.122 0.0787, 0.0591 -0.6142 0.2362, 0.0591 -0.6732 0.0787, 0.0591 -0.6929 0.1575, 0.0591 -0.6929 0.0984, 0.0591 -0.6922 0.0933, 0.0591 -0.6783 0.0794, 0.0591 -0.6831 0.0814, 0.0591 -0.6871 0.0845, 0.0591 -0.6903 0.0886, 0.1969 -0.122 0.2362, 0.1969 -0.122 0.0787, 0.1969 0.3307 0.2362, 0.1969 0.3307 0.0787, -0.1969 0.3307 0.2362, -0.1969 0.3307 0.0787, 0.8366 -0.6732 0.0787, 0.8366 -0.2598 1.1614, 0.8366 -0.6732 1.1614, 0.8366 0.7638 1.3189, 0.8366 -0.2598 1.3189, 0.8366 0.7638 1.063, 0.8366 0.8819 0.3204, 0.8366 0.9606 0.9252, 0.8366 0.9606 1.063, -0.7579 -0.6929 0.0984, -0.561 -0.6929 0.0984, -0.6988 -0.6929 0.1575, -0.8169 -0.6929 0.0984, -0.6988 -0.6929 0.5512, -0.8169 -0.6929 1.1614, -0.6988 -0.6929 0.8661, -0.6988 -0.6929 1.1614, -0.5906 -0.2598 1.1785, -0.5865 -0.2598 1.1753, -0.5807 -0.2598 1.2598, -0.4429 -0.2598 1.2598, -0.4429 -0.2598 1.3189, -0.8169 -0.2598 1.3189, -0.5953 -0.2598 1.1804, -0.5833 -0.2598 1.1713, -0.5814 -0.2598 1.1665, -0.5807 -0.2598 1.1614, -0.8169 -0.2598 1.1811, -0.6004 -0.2598 1.1811, 0.4429 -0.2401 1.3386, 0.8169 -0.2401 1.3386, 0.4429 -0.0433 1.3386, 0.8169 0.7638 1.3386, -0.4626 -0.0433 1.3386, 0.6398 0.7638 1.3386, 0.1476 0.7638 1.3386, 0.1476 0.9606 1.3386, -0.1476 0.9606 1.3386, -0.1476 0.7638 1.3386, -0.3445 0.7638 1.3386, 0.3445 0.7638 1.3386, 0.3445 0.9606 1.3386, 0.6398 0.9606 1.3386, -0.3445 0.9606 1.3386, -0.6398 0.9606 1.3386, -0.6398 0.7638 1.3386, -0.8366 0.7638 1.3386, -0.4626 -0.2401 1.3386, -0.8366 -0.2401 1.3386, 0.5807 -0.1811 1.1811, 0.4429 -0.1811 1.1811, 0.4429 0.0158 1.1811, -0.4429 -0.1811 1.1811, -0.5807 -0.1811 1.1811, -0.4429 0.0158 1.1811, 0.6398 0.9606 1.063, -0.8366 0.9606 0.9252, -0.6398 0.9606 1.063, -0.8366 0.9606 1.063, -0.1476 0.9606 1.063, -0.3445 0.9606 1.063, 0.3445 0.9606 1.063, 0.1476 0.9606 1.063, -0.8366 -0.6732 0.0787, -0.8366 -0.6732 1.1614, -0.8366 -0.2401 1.1614, -0.8366 0.7638 1.063, -0.8366 0.8819 0.3204, 0.6988 -0.6929 0.5512, 0.6988 -0.6929 0.1575, 0.7579 -0.6929 0.0984, 0.561 -0.6929 0.0984, 0.561 -0.6929 0.0, 0.7579 -0.6929 0.0, 0.6988 -0.6929 1.1614, 0.6988 -0.6929 0.8661, 0.8169 -0.6929 1.1614, 0.8169 -0.6929 0.0984, 0.5807 -0.5748 0.5512, 0.5807 -0.5748 0.2362, 0.6201 -0.6142 0.2362, -0.6201 -0.6142 0.2362, -0.5807 -0.5748 0.2362, -0.5807 -0.5748 0.5512, -0.5807 -0.5748 0.8661, -0.5807 -0.5748 1.1614, 0.5807 -0.2598 1.1614, 0.5807 -0.2598 1.2598, 0.5807 -0.5748 0.8661, 0.5807 -0.5748 1.1614, -0.8169 -0.6732 1.1811, -0.6791 -0.6732 1.1811, -0.6004 -0.5945 1.1811, 0.6004 -0.2598 1.1811, 0.6004 -0.5945 1.1811, 0.8169 -0.2598 1.1811, 0.6791 -0.6732 1.1811, 0.8169 -0.6732 1.1811, 0.4429 -0.2598 1.3189, 0.4429 -0.2598 1.2598, 0.5814 -0.2598 1.1665, 0.5833 -0.2598 1.1713, 0.5865 -0.2598 1.1753, 0.5906 -0.2598 1.1785, 0.8213 -0.2598 1.1806, 0.8255 -0.2598 1.1792, 0.8292 -0.2598 1.1768, 0.8323 -0.2598 1.1737, 0.8347 -0.2598 1.17, 0.8361 -0.2598 1.1658, 0.5953 -0.2598 1.1804, -0.4429 -0.063 1.2598, -0.4429 -0.063 1.3189, 0.4429 -0.063 1.2598, 0.4429 -0.0531 1.3359, 0.4429 -0.0484 1.3379, 0.4429 -0.0572 1.3328, 0.4429 -0.0603 1.3287, 0.4429 -0.0623 1.324, 0.4429 -0.063 1.3189, 0.4429 -0.2541 1.3328, 0.4429 -0.2452 1.3379, 0.4429 -0.25 1.3359, 0.4429 -0.2592 1.324, 0.4429 -0.2572 1.3287, -0.5833 -0.5774 1.1713, -0.5848 -0.5789 1.1734, -0.5865 -0.5806 1.1753, -0.5953 -0.5894 1.1804, -0.5906 -0.5846 1.1785, -0.5809 -0.575 1.164, -0.5814 -0.5755 1.1665, -0.5822 -0.5763 1.169, -0.6948 -0.6888 1.1734, -0.6931 -0.6871 1.1753, -0.6842 -0.6783 1.1804, -0.689 -0.6831 1.1785, -0.6962 -0.6903 1.1713, -0.6973 -0.6914 1.169, -0.6981 -0.6922 1.1665, -0.6987 -0.6927 1.164, 0.6973 -0.6914 1.169, 0.6962 -0.6903 1.1713, 0.5848 -0.5789 1.1734, 0.5865 -0.5806 1.1753, 0.5953 -0.5894 1.1804, 0.5906 -0.5846 1.1785, 0.6981 -0.6922 1.1665, 0.6948 -0.6888 1.1734, 0.6931 -0.6871 1.1753, 0.6842 -0.6783 1.1804, 0.689 -0.6831 1.1785, 0.5833 -0.5774 1.1713, 0.5822 -0.5763 1.169, 0.5814 -0.5755 1.1665, 0.5809 -0.575 1.164, 0.6987 -0.6927 1.164, 0.6398 0.7638 1.063, 0.834 0.7638 1.3287, 0.822 0.7638 1.3379, 0.8308 0.7638 1.3328, 0.8268 0.7638 1.3359, 0.8359 0.7638 1.324, 0.3445 0.7638 1.063, 0.1476 0.7638 1.063, -0.1476 0.7638 1.063, -0.3445 0.7638 1.063, -0.6398 0.7638 1.063, 0.7579 -0.6922 0.0933, 0.7579 -0.6783 0.0794, 0.7579 -0.6831 0.0814, 0.7579 -0.6732 0.0787, 0.7579 -0.6871 0.0845, 0.7579 -0.6903 0.0886, -0.561 -0.6732 0.0787, 0.561 -0.6732 0.0787, -0.561 -0.6922 0.0933, -0.561 -0.6903 0.0886, -0.561 -0.6783 0.0794, -0.561 -0.6831 0.0814, -0.561 -0.6871 0.0845, 0.561 -0.6922 0.0933, 0.561 -0.6903 0.0886, 0.561 -0.6871 0.0845, 0.561 -0.6831 0.0814, 0.561 -0.6783 0.0794, -0.7579 -0.6922 0.0933, -0.7579 -0.6903 0.0886, -0.7579 -0.6871 0.0845, -0.7579 -0.6831 0.0814, -0.7579 -0.6732 0.0787, -0.7579 -0.6783 0.0794, 0.8169 -0.6922 1.1665, 0.8169 -0.6903 1.1713, 0.8169 -0.6871 1.1753, 0.8169 -0.6831 1.1785, 0.8169 -0.6783 1.1804, 0.8213 -0.6732 1.1805, 0.822 -0.6732 1.1804, 0.8254 -0.6732 1.179, 0.8268 -0.6732 1.1785, 0.8291 -0.6732 1.1767, 0.8308 -0.6732 1.1753, 0.8322 -0.6732 1.1736, 0.834 -0.6732 1.1713, 0.8345 -0.6732 1.1699, 0.8359 -0.6732 1.1665, 0.836 -0.6732 1.1658, 0.8334 -0.6776 1.1713, 0.8304 -0.6768 1.1753, 0.8264 -0.6758 1.1785, 0.8219 -0.6745 1.1804, 0.8213 -0.6758 1.1804, 0.8182 -0.6781 1.1804, 0.8239 -0.6802 1.1785, 0.8195 -0.6776 1.1804, 0.8219 -0.6817 1.1785, 0.8195 -0.6827 1.1785, 0.8255 -0.6781 1.1785, 0.8205 -0.6768 1.1804, 0.829 -0.6802 1.1753, 0.8268 -0.6831 1.1753, 0.8239 -0.6853 1.1753, 0.8205 -0.6867 1.1753, 0.8317 -0.6817 1.1713, 0.829 -0.6853 1.1713, 0.8255 -0.688 1.1713, 0.8213 -0.6897 1.1713, 0.8353 -0.6781 1.1665, 0.8334 -0.6827 1.1665, 0.8304 -0.6867 1.1665, 0.8264 -0.6897 1.1665, 0.8219 -0.6916 1.1665, 0.8359 -0.6783 1.1614, 0.834 -0.6831 1.1614, 0.8308 -0.6871 1.1614, 0.8268 -0.6903 1.1614, 0.822 -0.6922 1.1614, 0.8364 -0.6758 0.0789, 0.8351 -0.6808 0.0802, 0.8359 -0.6783 0.0794, 0.8308 -0.6871 0.0845, 0.8325 -0.6852 0.0828, 0.834 -0.6831 0.0814, 0.8268 -0.6903 0.0886, 0.822 -0.6922 0.0933, -0.4436 -0.0623 1.324, -0.4431 -0.0628 1.3215, -0.4487 -0.0572 1.3328, -0.447 -0.0589 1.3309, -0.4456 -0.0603 1.3287, -0.4444 -0.0615 1.3264, -0.4528 -0.0531 1.3359, -0.4575 -0.0484 1.3379, -0.4487 -0.2541 1.3328, -0.4431 -0.2597 1.3215, -0.4436 -0.2592 1.324, -0.4444 -0.2583 1.3264, -0.4456 -0.2572 1.3287, -0.447 -0.2558 1.3309, -0.4528 -0.25 1.3359, -0.4575 -0.2452 1.3379, -0.822 -0.2592 1.324, -0.8268 -0.2572 1.3287, -0.8308 -0.2541 1.3328, -0.8325 -0.2521 1.3345, -0.834 -0.25 1.3359, -0.8351 -0.2477 1.3371, -0.8359 -0.2452 1.3379, -0.8364 -0.2427 1.3384, -0.8195 -0.2597 1.1809, -0.8245 -0.2583 1.1796, -0.822 -0.2592 1.1804, -0.834 -0.25 1.1713, -0.8308 -0.2541 1.1753, -0.8289 -0.2558 1.177, -0.8268 -0.2572 1.1785, -0.8359 -0.2452 1.1665, -0.8359 -0.6732 1.1665, -0.834 -0.6732 1.1713, -0.8308 -0.6732 1.1753, -0.8268 -0.6732 1.1785, -0.822 -0.6732 1.1804, -0.8169 -0.6783 1.1804, -0.8169 -0.6831 1.1785, -0.8169 -0.6871 1.1753, -0.8169 -0.6903 1.1713, -0.8169 -0.6922 1.1665, -0.8219 -0.6916 1.1665, -0.8219 -0.6817 1.1785, -0.8195 -0.6776 1.1804, -0.8205 -0.6768 1.1804, -0.8219 -0.6745 1.1804, -0.8182 -0.6781 1.1804, -0.8195 -0.6827 1.1785, -0.8205 -0.6867 1.1753, -0.8239 -0.6802 1.1785, -0.8213 -0.6758 1.1804, -0.8255 -0.6781 1.1785, -0.8264 -0.6758 1.1785, -0.8239 -0.6853 1.1753, -0.8268 -0.6831 1.1753, -0.829 -0.6802 1.1753, -0.8304 -0.6768 1.1753, -0.8213 -0.6897 1.1713, -0.8255 -0.688 1.1713, -0.829 -0.6853 1.1713, -0.8317 -0.6817 1.1713, -0.8334 -0.6776 1.1713, -0.8264 -0.6897 1.1665, -0.8304 -0.6867 1.1665, -0.8334 -0.6827 1.1665, -0.8353 -0.6781 1.1665, -0.822 -0.6922 1.1614, -0.8268 -0.6903 1.1614, -0.8308 -0.6871 1.1614, -0.834 -0.6831 1.1614, -0.8359 -0.6783 1.1614, -0.822 -0.6922 0.0933, -0.8268 -0.6903 0.0886, -0.8308 -0.6871 0.0845, -0.8325 -0.6852 0.0828, -0.834 -0.6831 0.0814, -0.8351 -0.6808 0.0802, -0.8359 -0.6783 0.0794, -0.8364 -0.6758 0.0789, 0.8364 -0.2597 1.3215, 0.8351 -0.2583 1.3264, 0.8359 -0.2592 1.324, 0.8308 -0.2541 1.3328, 0.8325 -0.2558 1.3309, 0.834 -0.2572 1.3287, 0.8268 -0.25 1.3359, 0.822 -0.2452 1.3379, -0.8189 0.8819 0.2165, -0.8189 0.8819 0.9252
            ]
        }
        coordIndex [
            0,1,2,-1,3,4,5,-1,5,4,6,-1,5,6,7,-1,8,9,10,-1,10,9,11,-1,10,11,12,-1,12,13,10,-1,10,13,14,-1,10,14,15,-1,16,17,6,-1,6,17,18,-1,6,18,7,-1,19,20,6,-1,6,20,21,-1,6,21,16,-1,22,23,24,-1,25,26,27,-1,3,28,4,-1,4,28,29,-1,4,29,27,-1,27,29,30,-1,27,30,25,-1,31,32,24,-1,24,32,33,-1,24,33,8,-1,23,34,35,-1,23,35,24,-1,24,35,36,-1,24,36,31,-1,26,37,27,-1,27,37,38,-1,27,38,23,-1,23,38,39,-1,23,39,34,-1,40,41,42,-1,42,41,43,-1,42,43,44,-1,40,45,46,-1,46,47,40,-1,40,47,48,-1,40,48,41,-1,41,48,49,-1,41,49,50,-1,50,49,51,-1,50,51,52,-1,52,53,50,-1,50,53,54,-1,50,54,55,-1,56,57,50,-1,50,57,58,-1,59,60,61,-1,61,60,62,-1,58,63,50,-1,50,63,62,-1,50,62,64,-1,64,62,60,-1,55,65,50,-1,50,65,66,-1,50,66,56,-1,67,68,69,-1,69,68,70,-1,71,72,73,-1,74,75,76,-1,76,75,77,-1,78,79,76,-1,76,79,80,-1,76,80,74,-1,72,81,73,-1,73,81,82,-1,73,82,83,-1,77,84,76,-1,76,84,85,-1,76,85,73,-1,73,85,86,-1,73,86,71,-1,87,88,89,-1,76,10,78,-1,78,10,89,-1,78,89,90,-1,90,89,88,-1,91,92,24,-1,22,24,93,-1,93,24,92,-1,93,92,94,-1,24,95,91,-1,91,95,96,-1,91,96,97,-1,98,99,100,-1,100,99,101,-1,101,2,102,-1,102,2,1,-1,102,1,103,-1,103,1,104,-1,103,104,105,-1,106,107,108,-1,108,107,109,-1,110,111,112,-1,113,114,115,-1,115,114,116,-1,115,116,117,-1,118,119,109,-1,111,120,112,-1,112,120,121,-1,112,121,115,-1,115,121,122,-1,115,122,113,-1,117,123,115,-1,115,123,124,-1,115,124,125,-1,118,109,126,-1,127,128,112,-1,112,128,129,-1,112,129,110,-1,119,130,109,-1,109,130,131,-1,109,131,132,-1,133,108,134,-1,134,108,109,-1,134,109,135,-1,133,136,108,-1,108,136,137,-1,108,137,112,-1,112,137,138,-1,112,138,127,-1,132,139,109,-1,109,139,140,-1,109,140,141,-1,141,142,109,-1,109,142,143,-1,109,143,135,-1,101,99,2,-1,2,99,144,-1,2,144,145,-1,145,144,146,-1,145,146,147,-1,147,146,148,-1,147,148,105,-1,105,148,149,-1,105,149,103,-1,150,147,151,-1,150,152,147,-1,147,152,153,-1,147,153,154,-1,155,156,145,-1,145,156,157,-1,145,157,158,-1,154,159,147,-1,147,159,160,-1,147,160,161,-1,158,162,145,-1,145,162,163,-1,145,163,164,-1,164,163,165,-1,164,165,151,-1,151,165,166,-1,151,166,150,-1,161,167,147,-1,147,167,168,-1,147,168,145,-1,145,168,169,-1,145,169,155,-1,44,87,42,-1,42,87,89,-1,42,89,164,-1,164,89,170,-1,164,170,145,-1,145,170,171,-1,145,171,2,-1,2,171,109,-1,2,109,0,-1,0,109,107,-1,0,107,172,-1,173,174,175,-1,175,174,176,-1,40,177,151,-1,151,177,175,-1,151,175,164,-1,164,175,176,-1,164,176,178,-1,179,180,178,-1,178,180,181,-1,178,181,164,-1,164,181,182,-1,164,182,42,-1,42,182,183,-1,42,183,40,-1,40,183,184,-1,40,184,177,-1,104,185,105,-1,105,185,186,-1,105,186,147,-1,147,186,187,-1,147,187,151,-1,151,187,188,-1,151,188,40,-1,40,188,68,-1,40,68,45,-1,45,68,67,-1,125,126,115,-1,115,126,109,-1,115,109,189,-1,189,109,171,-1,189,171,190,-1,190,171,170,-1,190,170,191,-1,191,170,89,-1,191,89,6,-1,6,89,10,-1,6,10,19,-1,19,10,15,-1,192,193,194,-1,8,10,24,-1,24,10,76,-1,24,76,95,-1,95,76,195,-1,95,195,96,-1,195,196,96,-1,96,196,192,-1,96,192,73,-1,73,192,194,-1,73,194,76,-1,76,194,197,-1,76,197,195,-1,83,69,73,-1,73,69,70,-1,73,70,96,-1,96,70,198,-1,96,198,97,-1,97,198,199,-1,200,201,202,-1,203,204,205,-1,206,207,208,-1,209,210,211,-1,212,213,214,-1,214,213,215,-1,210,209,215,-1,215,209,216,-1,215,216,214,-1,217,218,219,-1,219,218,220,-1,208,207,211,-1,211,207,221,-1,211,221,209,-1,209,221,222,-1,209,222,216,-1,216,222,223,-1,216,223,224,-1,225,226,227,-1,228,229,230,-1,229,231,230,-1,230,231,232,-1,230,232,233,-1,233,232,234,-1,233,234,235,-1,235,234,236,-1,235,236,237,-1,208,238,206,-1,206,238,239,-1,206,239,225,-1,225,239,240,-1,240,239,241,-1,241,239,242,-1,241,242,243,-1,243,242,244,-1,243,244,237,-1,237,244,245,-1,237,245,235,-1,246,247,248,-1,249,250,251,-1,251,250,252,-1,253,254,255,-1,255,254,256,-1,257,258,259,-1,259,258,260,-1,259,260,261,-1,256,254,262,-1,262,254,259,-1,262,259,250,-1,250,259,263,-1,250,263,252,-1,253,264,254,-1,254,264,265,-1,254,265,266,-1,261,267,259,-1,259,267,268,-1,259,268,269,-1,270,271,272,-1,272,271,273,-1,272,273,251,-1,251,273,274,-1,251,274,249,-1,269,275,259,-1,259,275,276,-1,259,276,263,-1,259,277,257,-1,257,277,278,-1,257,278,279,-1,279,278,280,-1,281,282,283,-1,284,285,286,-1,286,285,287,-1,286,287,280,-1,288,289,290,-1,290,289,291,-1,247,292,248,-1,248,292,293,-1,248,293,290,-1,290,293,294,-1,290,294,288,-1,295,296,297,-1,297,296,298,-1,297,298,291,-1,284,299,300,-1,300,299,301,-1,300,301,302,-1,303,304,305,-1,305,304,306,-1,305,306,307,-1,302,301,282,-1,282,301,308,-1,282,308,309,-1,295,310,296,-1,296,310,311,-1,296,311,312,-1,313,314,296,-1,296,314,315,-1,296,315,305,-1,305,315,316,-1,305,316,303,-1,309,317,282,-1,282,317,318,-1,282,318,319,-1,320,321,322,-1,312,323,296,-1,296,323,324,-1,296,324,313,-1,319,325,282,-1,282,325,326,-1,282,326,283,-1,320,322,283,-1,283,322,327,-1,283,327,281,-1,201,328,329,-1,298,299,291,-1,291,299,284,-1,291,284,290,-1,290,284,286,-1,290,286,330,-1,330,286,331,-1,332,333,334,-1,334,333,335,-1,336,337,338,-1,338,337,339,-1,338,339,286,-1,286,339,340,-1,286,340,331,-1,341,342,343,-1,344,338,345,-1,346,201,335,-1,335,201,329,-1,335,329,334,-1,346,347,201,-1,201,347,348,-1,201,348,202,-1,202,348,341,-1,202,341,345,-1,345,341,343,-1,345,343,344,-1,349,350,351,-1,351,350,336,-1,351,336,352,-1,352,336,338,-1,352,338,353,-1,353,338,344,-1,354,355,345,-1,345,355,202,-1,202,355,356,-1,202,356,357,-1,358,359,360,-1,360,359,361,-1,360,361,362,-1,362,361,363,-1,362,363,204,-1,204,363,354,-1,204,354,205,-1,205,354,345,-1,364,365,366,-1,367,368,369,-1,369,368,370,-1,371,372,373,-1,373,372,374,-1,373,374,375,-1,375,374,370,-1,203,205,376,-1,376,205,377,-1,376,377,378,-1,378,377,379,-1,378,379,380,-1,280,278,286,-1,286,278,381,-1,286,381,338,-1,338,381,382,-1,338,382,345,-1,345,382,383,-1,345,383,205,-1,205,383,384,-1,205,384,377,-1,366,385,364,-1,364,385,386,-1,364,386,387,-1,387,386,367,-1,387,367,357,-1,357,367,369,-1,357,369,202,-1,202,369,388,-1,202,388,200,-1,369,219,388,-1,388,219,220,-1,388,220,200,-1,200,220,389,-1,200,389,207,-1,207,389,390,-1,207,390,221,-1,221,390,391,-1,221,391,222,-1,374,392,370,-1,370,392,380,-1,370,380,369,-1,369,380,379,-1,369,379,219,-1,219,379,224,-1,219,224,217,-1,217,224,223,-1,330,328,290,-1,290,328,201,-1,290,201,248,-1,248,201,200,-1,248,200,393,-1,393,200,207,-1,393,207,230,-1,230,207,206,-1,230,206,228,-1,228,206,225,-1,228,225,394,-1,394,225,227,-1,266,395,254,-1,254,395,246,-1,254,246,396,-1,396,246,248,-1,396,248,397,-1,397,248,393,-1,397,393,398,-1,398,393,230,-1,398,230,399,-1,399,230,233,-1,399,233,400,-1,238,401,239,-1,239,401,212,-1,239,212,242,-1,242,212,214,-1,242,214,244,-1,244,214,402,-1,400,233,403,-1,403,233,235,-1,403,235,404,-1,404,235,245,-1,404,245,405,-1,405,245,244,-1,405,244,406,-1,406,244,402,-1,406,402,407,-1,384,408,377,-1,377,408,409,-1,377,409,379,-1,379,409,410,-1,379,410,224,-1,224,410,411,-1,224,411,216,-1,216,411,412,-1,216,412,214,-1,214,412,413,-1,214,413,402,-1,402,413,414,-1,402,414,407,-1,407,414,415,-1,416,417,418,-1,418,419,420,-1,420,419,421,-1,422,423,424,-1,424,416,422,-1,422,416,418,-1,422,418,425,-1,425,418,420,-1,425,420,426,-1,426,420,427,-1,424,423,428,-1,428,423,429,-1,430,431,432,-1,432,431,433,-1,433,431,434,-1,434,431,435,-1,434,435,436,-1,437,438,439,-1,439,438,440,-1,436,441,434,-1,434,441,438,-1,434,438,442,-1,442,438,437,-1,443,444,445,-1,445,444,446,-1,447,445,448,-1,448,445,446,-1,448,446,449,-1,449,446,450,-1,450,451,449,-1,449,451,452,-1,449,452,453,-1,443,454,444,-1,444,454,455,-1,454,456,455,-1,455,456,457,-1,456,458,457,-1,457,458,459,-1,458,430,459,-1,459,430,432,-1,460,421,408,-1,408,421,419,-1,461,462,460,-1,463,464,465,-1,465,464,461,-1,460,408,461,-1,461,408,466,-1,461,466,382,-1,467,468,277,-1,277,468,465,-1,277,465,278,-1,278,465,461,-1,278,461,381,-1,381,461,382,-1,469,428,429,-1,441,436,470,-1,470,436,471,-1,429,470,469,-1,469,470,471,-1,469,471,472,-1,472,471,473,-1,472,473,474,-1,474,473,475,-1,474,475,476,-1,477,478,479,-1,480,481,479,-1,479,481,482,-1,477,479,483,-1,478,484,479,-1,479,484,485,-1,479,485,486,-1,482,487,479,-1,479,487,488,-1,479,488,483,-1,489,490,491,-1,491,490,492,-1,491,492,493,-1,493,492,494,-1,495,496,497,-1,498,499,493,-1,497,498,495,-1,495,498,493,-1,495,493,500,-1,500,493,494,-1,500,494,501,-1,501,494,502,-1,503,504,499,-1,499,504,505,-1,499,505,493,-1,493,505,506,-1,493,506,507,-1,507,506,508,-1,509,510,511,-1,512,513,514,-1,514,513,199,-1,514,199,198,-1,198,70,514,-1,514,70,68,-1,514,68,511,-1,511,68,188,-1,511,188,187,-1,187,186,511,-1,511,186,185,-1,511,185,509,-1,515,468,467,-1,467,516,517,-1,517,516,518,-1,519,467,520,-1,520,467,517,-1,520,517,503,-1,503,517,504,-1,521,501,502,-1,502,515,521,-1,521,515,467,-1,521,467,522,-1,522,467,519,-1,522,519,496,-1,496,519,497,-1,523,524,417,-1,417,524,525,-1,526,518,516,-1,516,400,526,-1,526,400,525,-1,526,525,506,-1,506,525,508,-1,400,403,525,-1,525,403,404,-1,525,404,405,-1,418,417,415,-1,415,417,525,-1,415,525,527,-1,527,525,405,-1,528,529,530,-1,447,448,529,-1,529,448,531,-1,529,531,530,-1,530,531,532,-1,530,532,533,-1,534,535,536,-1,536,535,528,-1,536,528,537,-1,537,528,530,-1,426,427,532,-1,532,427,533,-1,538,108,539,-1,539,108,112,-1,435,431,430,-1,454,539,456,-1,456,539,112,-1,456,112,115,-1,454,443,539,-1,539,443,445,-1,539,445,540,-1,115,189,456,-1,456,189,190,-1,456,190,458,-1,458,190,191,-1,458,191,6,-1,541,435,542,-1,542,435,430,-1,542,430,27,-1,27,430,458,-1,27,458,4,-1,4,458,6,-1,542,27,543,-1,543,27,23,-1,543,23,473,-1,473,23,22,-1,94,475,93,-1,93,475,473,-1,93,473,22,-1,475,94,544,-1,544,94,92,-1,513,479,486,-1,545,544,486,-1,486,544,92,-1,92,91,486,-1,486,91,97,-1,486,97,513,-1,513,97,199,-1,185,104,509,-1,509,104,546,-1,509,546,547,-1,548,549,0,-1,0,549,546,-1,0,546,1,-1,1,546,104,-1,548,0,535,-1,535,0,172,-1,106,528,107,-1,107,528,535,-1,107,535,172,-1,528,106,538,-1,538,106,108,-1,550,551,487,-1,487,551,552,-1,487,552,488,-1,553,554,555,-1,555,554,556,-1,555,556,557,-1,464,558,547,-1,547,558,559,-1,547,546,560,-1,560,561,547,-1,547,561,562,-1,547,562,563,-1,564,565,464,-1,464,565,566,-1,464,566,567,-1,567,568,464,-1,464,568,569,-1,464,569,461,-1,563,570,547,-1,547,570,553,-1,547,553,464,-1,464,553,555,-1,464,555,564,-1,512,514,571,-1,512,571,480,-1,480,571,572,-1,480,572,481,-1,573,511,510,-1,574,489,575,-1,575,489,491,-1,574,576,489,-1,489,576,577,-1,489,577,578,-1,578,579,489,-1,489,579,580,-1,489,580,581,-1,581,580,582,-1,573,510,579,-1,579,510,559,-1,579,559,558,-1,558,583,579,-1,579,583,584,-1,579,584,580,-1,572,571,579,-1,579,571,573,-1,475,544,476,-1,476,544,545,-1,585,586,552,-1,552,586,587,-1,552,587,588,-1,588,587,589,-1,590,591,552,-1,552,591,592,-1,552,592,585,-1,593,551,594,-1,594,551,595,-1,594,595,596,-1,593,597,551,-1,551,597,598,-1,551,598,599,-1,599,600,551,-1,551,600,476,-1,551,476,552,-1,552,476,545,-1,552,545,590,-1,542,543,541,-1,541,543,473,-1,541,473,471,-1,538,539,528,-1,528,539,540,-1,528,540,529,-1,601,602,556,-1,603,554,604,-1,604,554,605,-1,604,605,606,-1,601,556,607,-1,602,608,556,-1,556,608,609,-1,556,609,610,-1,610,609,611,-1,603,612,554,-1,554,612,613,-1,554,613,614,-1,614,615,554,-1,554,615,549,-1,554,549,556,-1,548,535,549,-1,549,535,534,-1,549,534,556,-1,556,534,616,-1,556,616,607,-1,512,480,513,-1,513,480,479,-1,436,435,471,-1,471,435,541,-1,529,540,447,-1,447,540,445,-1,511,573,514,-1,514,573,571,-1,509,547,510,-1,510,547,559,-1,494,617,502,-1,502,617,515,-1,617,465,515,-1,515,465,468,-1,465,617,463,-1,463,617,494,-1,618,619,620,-1,620,619,621,-1,494,492,463,-1,463,492,619,-1,463,619,622,-1,622,619,618,-1,623,500,521,-1,521,500,501,-1,495,624,496,-1,496,624,522,-1,624,623,522,-1,522,623,521,-1,624,495,623,-1,623,495,500,-1,625,498,519,-1,519,498,497,-1,499,626,503,-1,503,626,520,-1,626,625,520,-1,520,625,519,-1,626,499,625,-1,625,499,498,-1,627,505,517,-1,517,505,504,-1,526,627,518,-1,518,627,517,-1,526,506,627,-1,627,506,505,-1,628,530,533,-1,533,629,630,-1,427,420,533,-1,533,420,631,-1,533,631,629,-1,630,632,533,-1,533,632,633,-1,533,633,628,-1,631,420,460,-1,460,420,421,-1,433,434,432,-1,432,434,634,-1,432,634,459,-1,459,634,422,-1,459,422,457,-1,457,422,425,-1,457,425,455,-1,455,425,635,-1,455,635,444,-1,444,635,446,-1,470,429,636,-1,636,429,637,-1,423,422,429,-1,429,422,634,-1,429,634,638,-1,638,639,429,-1,429,639,640,-1,429,640,637,-1,532,531,641,-1,641,642,532,-1,532,642,643,-1,532,643,644,-1,425,426,635,-1,635,426,532,-1,635,532,645,-1,645,532,644,-1,428,469,646,-1,646,647,428,-1,428,647,648,-1,428,648,649,-1,416,424,650,-1,650,424,428,-1,650,428,651,-1,651,428,649,-1,523,417,650,-1,650,417,416,-1,534,536,616,-1,616,536,652,-1,616,652,607,-1,607,652,601,-1,601,652,653,-1,601,653,602,-1,602,653,608,-1,608,653,654,-1,608,654,609,-1,609,654,655,-1,609,655,611,-1,611,655,656,-1,611,656,610,-1,610,656,557,-1,610,557,556,-1,565,564,657,-1,657,564,555,-1,657,555,557,-1,657,658,565,-1,565,658,659,-1,565,659,566,-1,566,659,660,-1,660,661,566,-1,566,661,662,-1,566,662,567,-1,662,663,567,-1,567,663,664,-1,567,664,568,-1,664,665,568,-1,568,665,666,-1,568,666,569,-1,666,667,569,-1,569,667,462,-1,569,462,461,-1,665,664,668,-1,663,662,669,-1,670,671,672,-1,557,656,673,-1,672,671,557,-1,657,557,671,-1,661,660,670,-1,670,660,659,-1,670,659,671,-1,671,659,658,-1,671,658,657,-1,674,675,676,-1,676,675,673,-1,676,673,677,-1,677,673,656,-1,677,656,655,-1,662,661,669,-1,669,661,670,-1,669,670,678,-1,678,670,672,-1,678,672,679,-1,679,672,557,-1,680,674,681,-1,681,674,676,-1,681,676,682,-1,682,676,677,-1,682,677,683,-1,683,677,655,-1,683,655,654,-1,668,680,684,-1,684,680,681,-1,684,681,685,-1,685,681,682,-1,685,682,686,-1,686,682,683,-1,686,683,687,-1,687,683,654,-1,687,654,653,-1,667,666,688,-1,688,666,665,-1,665,668,688,-1,688,668,684,-1,688,684,689,-1,689,684,685,-1,689,685,690,-1,690,685,686,-1,690,686,691,-1,691,686,687,-1,691,687,692,-1,692,687,653,-1,692,653,652,-1,693,462,667,-1,667,688,693,-1,693,688,689,-1,693,689,694,-1,694,689,690,-1,694,690,695,-1,695,690,691,-1,695,691,696,-1,696,691,692,-1,696,692,697,-1,697,692,652,-1,697,652,536,-1,675,557,673,-1,664,663,668,-1,668,663,669,-1,668,669,680,-1,680,669,678,-1,680,678,674,-1,674,678,679,-1,674,679,675,-1,675,679,557,-1,460,462,698,-1,698,462,693,-1,694,699,693,-1,693,699,700,-1,693,700,698,-1,701,702,694,-1,694,702,703,-1,694,703,699,-1,694,695,701,-1,701,695,696,-1,701,696,704,-1,704,696,697,-1,704,697,705,-1,705,697,536,-1,705,536,537,-1,537,530,628,-1,537,628,705,-1,705,628,633,-1,705,633,704,-1,704,633,632,-1,704,632,701,-1,701,632,702,-1,702,632,630,-1,702,630,703,-1,703,630,699,-1,699,630,629,-1,699,629,700,-1,700,629,698,-1,698,629,631,-1,698,631,460,-1,446,635,645,-1,446,645,450,-1,450,645,644,-1,450,644,451,-1,451,644,643,-1,451,643,452,-1,452,643,642,-1,452,642,453,-1,453,642,641,-1,453,641,449,-1,449,641,531,-1,449,531,448,-1,634,434,442,-1,634,442,638,-1,638,442,437,-1,638,437,639,-1,639,437,439,-1,639,439,640,-1,640,439,440,-1,640,440,637,-1,637,440,438,-1,637,438,636,-1,636,438,441,-1,636,441,470,-1,578,706,579,-1,579,706,707,-1,579,707,572,-1,708,709,577,-1,577,709,710,-1,577,710,578,-1,578,710,711,-1,578,711,706,-1,577,576,708,-1,708,576,574,-1,708,574,712,-1,712,574,575,-1,712,575,713,-1,713,575,491,-1,713,491,493,-1,710,709,714,-1,481,572,715,-1,715,572,707,-1,715,707,716,-1,716,707,706,-1,716,706,717,-1,717,706,711,-1,717,711,718,-1,718,711,710,-1,718,710,719,-1,719,710,714,-1,709,708,714,-1,714,708,712,-1,714,712,720,-1,720,712,713,-1,720,713,721,-1,721,713,493,-1,721,493,507,-1,482,481,715,-1,482,715,722,-1,715,716,722,-1,722,716,717,-1,722,717,723,-1,717,718,723,-1,723,718,719,-1,723,719,724,-1,724,719,714,-1,724,714,725,-1,725,714,720,-1,725,720,726,-1,726,720,727,-1,727,720,721,-1,727,721,728,-1,728,721,729,-1,729,721,507,-1,729,507,508,-1,487,482,730,-1,730,482,722,-1,723,731,722,-1,722,731,732,-1,722,732,730,-1,733,734,724,-1,724,734,735,-1,724,735,723,-1,723,735,736,-1,723,736,731,-1,724,725,733,-1,733,725,726,-1,733,726,737,-1,726,727,737,-1,737,727,728,-1,737,728,525,-1,525,728,729,-1,525,729,508,-1,525,524,738,-1,525,738,737,-1,737,738,739,-1,737,739,733,-1,733,739,740,-1,733,740,734,-1,741,736,740,-1,740,736,735,-1,740,735,734,-1,742,550,487,-1,487,730,742,-1,742,730,732,-1,742,732,741,-1,741,732,731,-1,741,731,736,-1,551,550,743,-1,551,743,595,-1,595,743,744,-1,595,744,596,-1,596,744,745,-1,596,745,594,-1,746,597,745,-1,745,597,593,-1,745,593,594,-1,747,474,476,-1,476,600,747,-1,747,600,599,-1,747,599,746,-1,746,599,598,-1,746,598,597,-1,474,747,748,-1,749,750,751,-1,550,742,752,-1,751,750,550,-1,753,550,750,-1,753,750,754,-1,754,750,749,-1,754,749,755,-1,743,550,753,-1,756,757,758,-1,758,757,752,-1,758,752,759,-1,759,752,742,-1,759,742,741,-1,743,753,744,-1,744,753,754,-1,744,754,745,-1,745,754,755,-1,745,755,746,-1,760,756,761,-1,761,756,758,-1,761,758,762,-1,762,758,759,-1,762,759,763,-1,763,759,741,-1,763,741,740,-1,764,760,765,-1,765,760,761,-1,765,761,766,-1,766,761,762,-1,766,762,767,-1,767,762,763,-1,767,763,768,-1,768,763,740,-1,768,740,739,-1,747,764,748,-1,748,764,765,-1,748,765,769,-1,769,765,766,-1,769,766,770,-1,770,766,767,-1,770,767,771,-1,771,767,768,-1,771,768,772,-1,772,768,739,-1,772,739,738,-1,474,748,773,-1,773,748,769,-1,773,769,774,-1,774,769,770,-1,774,770,775,-1,775,770,771,-1,775,771,776,-1,776,771,772,-1,776,772,777,-1,777,772,738,-1,777,738,524,-1,757,550,752,-1,747,746,764,-1,764,746,755,-1,764,755,760,-1,760,755,749,-1,760,749,756,-1,756,749,751,-1,756,751,757,-1,757,751,550,-1,472,474,773,-1,472,773,778,-1,778,773,774,-1,778,774,779,-1,779,774,775,-1,779,775,780,-1,780,775,781,-1,781,775,776,-1,781,776,782,-1,782,776,783,-1,783,776,777,-1,783,777,784,-1,784,777,785,-1,785,777,524,-1,785,524,523,-1,523,650,785,-1,785,650,651,-1,649,783,651,-1,651,783,784,-1,651,784,785,-1,780,781,649,-1,649,781,782,-1,649,782,783,-1,649,648,780,-1,780,648,647,-1,780,647,779,-1,779,647,646,-1,779,646,778,-1,778,646,469,-1,778,469,472,-1,545,486,590,-1,590,486,485,-1,590,485,591,-1,591,485,592,-1,592,485,484,-1,592,484,585,-1,585,484,586,-1,586,484,478,-1,586,478,587,-1,587,478,477,-1,587,477,589,-1,589,477,483,-1,589,483,588,-1,588,483,488,-1,588,488,552,-1,554,553,570,-1,554,570,605,-1,605,570,563,-1,605,563,606,-1,606,563,562,-1,606,562,604,-1,561,612,562,-1,562,612,603,-1,562,603,604,-1,560,546,549,-1,549,615,560,-1,560,615,614,-1,560,614,561,-1,561,614,613,-1,561,613,612,-1,464,463,786,-1,786,463,622,-1,618,787,622,-1,622,787,788,-1,622,788,786,-1,789,790,618,-1,618,790,791,-1,618,791,787,-1,618,620,789,-1,789,620,621,-1,789,621,792,-1,792,621,619,-1,792,619,793,-1,793,619,492,-1,793,492,490,-1,490,489,581,-1,490,581,793,-1,793,581,582,-1,793,582,792,-1,792,582,580,-1,792,580,789,-1,789,580,790,-1,790,580,584,-1,790,584,791,-1,791,584,787,-1,787,584,583,-1,787,583,788,-1,788,583,786,-1,786,583,558,-1,786,558,464,-1,418,415,794,-1,794,413,418,-1,418,413,412,-1,418,412,419,-1,419,412,411,-1,411,410,419,-1,419,410,409,-1,419,409,408,-1,795,400,516,-1,277,259,467,-1,467,259,254,-1,254,396,467,-1,467,396,397,-1,467,397,516,-1,516,397,398,-1,516,398,795,-1,
        ]
    }
}
Shape{
    appearance Appearance {
        material  Material 	{
            diffuseColor 0.45098039215686275 0.43137254901960786 0.4196078431372549
            specularColor 0.03137254901960784 0.03137254901960784 0.03137254901960784
            ambientIntensity 0.6221
            transparency 0.0
            shininess 0.5
        }
    }
    geometry IndexedFaceSet {
        ccw TRUE
        solid FALSE
        coord DEF co Coordinate {
            point [
                0.561 0.878 0.5147, 0.561 0.878 0.478, 0.561 0.8819 0.5147, 0.561 0.8819 0.478, 0.6684 0.878 0.478, 0.6684 0.8819 0.478, 0.7058 0.878 0.481, 0.7058 0.8819 0.481, 0.6871 0.8819 0.4789, 0.6871 0.878 0.4789, 0.7058 0.878 0.4801, 0.7058 0.8819 0.4801, 0.6831 0.878 0.4746, 0.6831 0.8819 0.4746, 0.6943 0.8819 0.4777, 0.6943 0.878 0.4777, 0.561 0.878 0.4304, 0.561 0.8819 0.4304, 0.561 0.878 0.4002, 0.561 0.8819 0.4002, 0.6819 0.878 0.3561, 0.6819 0.8819 0.3561, 0.7058 0.878 0.3505, 0.7058 0.8819 0.3505, 0.6938 0.8819 0.353, 0.6938 0.878 0.353, 0.7058 0.878 0.3495, 0.7058 0.8819 0.3495, 0.6611 0.878 0.3505, 0.6611 0.8819 0.3505, 0.6835 0.8819 0.3502, 0.6835 0.878 0.3502, 0.561 0.878 0.3505, 0.561 0.8819 0.3505, 0.561 0.8819 0.3204, 0.561 0.878 0.3159, 0.561 0.8819 0.3159, 0.7382 0.878 0.3159, 0.7382 0.8819 0.3159, 0.7382 0.878 0.3721, 0.7382 0.8819 0.3721, 0.7382 0.8819 0.3204, 0.6311 0.878 0.4099, 0.6311 0.8819 0.4099, 0.6062 0.878 0.4164, 0.6062 0.8819 0.4164, 0.6188 0.8819 0.4138, 0.6188 0.878 0.4138, 0.6062 0.878 0.4172, 0.6062 0.8819 0.4172, 0.6313 0.878 0.4245, 0.6313 0.8819 0.4245, 0.6188 0.8819 0.4206, 0.6188 0.878 0.4206, 0.7382 0.878 0.4628, 0.7382 0.8819 0.4628, 0.7382 0.878 0.5147, 0.7382 0.8819 0.5147, 0.6503 0.878 0.6432, 0.561 0.878 0.6983, 0.6503 0.8819 0.6432, 0.561 0.8819 0.6983, 0.561 0.878 0.6534, 0.561 0.8819 0.6534, 0.6196 0.878 0.6216, 0.6196 0.8819 0.6216, 0.6311 0.878 0.6181, 0.6311 0.8819 0.6181, 0.6253 0.8819 0.6195, 0.6253 0.878 0.6195, 0.6311 0.878 0.6176, 0.6311 0.8819 0.6176, 0.6271 0.8819 0.6164, 0.6251 0.878 0.6158, 0.6251 0.8819 0.6158, 0.6193 0.878 0.6135, 0.6193 0.8819 0.6135, 0.561 0.878 0.5815, 0.561 0.8819 0.5815, 0.561 0.878 0.5363, 0.561 0.8819 0.5363, 0.6497 0.878 0.5933, 0.6497 0.8819 0.5933, 0.7382 0.878 0.5406, 0.7382 0.8819 0.5406, 0.7382 0.878 0.587, 0.7382 0.8819 0.587, 0.6842 0.878 0.6137, 0.6842 0.8819 0.6137, 0.6779 0.8819 0.6164, 0.677 0.878 0.6168, 0.677 0.8819 0.6168, 0.6696 0.878 0.6192, 0.6696 0.8819 0.6192, 0.6696 0.878 0.6196, 0.6696 0.8819 0.6196, 0.6847 0.878 0.6255, 0.6847 0.8819 0.6255, 0.6772 0.8819 0.6224, 0.6772 0.878 0.6224, 0.7382 0.878 0.6544, 0.7382 0.8819 0.6544, 0.7382 0.878 0.6962, 0.7382 0.8819 0.6962, 0.5678 0.878 0.7199, 0.5999 0.878 0.7199, 0.5678 0.8819 0.7199, 0.5999 0.8819 0.7199, 0.587 0.878 0.761, 0.587 0.8819 0.761, 0.5875 0.8819 0.7516, 0.5875 0.878 0.7516, 0.5918 0.8819 0.7344, 0.5918 0.878 0.7344, 0.6127 0.878 0.7934, 0.6127 0.8819 0.7934, 0.6074 0.8819 0.793, 0.6074 0.878 0.793, 0.6023 0.8819 0.7915, 0.6023 0.878 0.7915, 0.5977 0.8819 0.7888, 0.5977 0.878 0.7888, 0.5942 0.8819 0.7853, 0.5942 0.878 0.7853, 0.5902 0.8819 0.7789, 0.5902 0.878 0.7789, 0.5878 0.8819 0.7711, 0.5878 0.878 0.7711, 0.6388 0.878 0.7532, 0.6388 0.8819 0.7532, 0.6375 0.8819 0.7681, 0.6375 0.878 0.7681, 0.6343 0.8819 0.7788, 0.6343 0.878 0.7788, 0.6304 0.8819 0.7852, 0.6304 0.878 0.7852, 0.6269 0.8819 0.7887, 0.6269 0.878 0.7887, 0.6231 0.8819 0.7912, 0.6231 0.878 0.7912, 0.6185 0.8819 0.7928, 0.6185 0.878 0.7928, 0.6388 0.878 0.7372, 0.6388 0.8819 0.7372, 0.6669 0.878 0.7372, 0.6669 0.8819 0.7372, 0.6669 0.878 0.7516, 0.6669 0.8819 0.7516, 0.6903 0.878 0.7869, 0.6903 0.8819 0.7869, 0.684 0.8819 0.7862, 0.684 0.878 0.7862, 0.6798 0.8819 0.7846, 0.6798 0.878 0.7846, 0.6764 0.8819 0.7823, 0.6764 0.878 0.7823, 0.6733 0.8819 0.7789, 0.6733 0.878 0.7789, 0.6704 0.8819 0.7737, 0.6704 0.878 0.7737, 0.6679 0.8819 0.7649, 0.6679 0.878 0.7649, 0.7123 0.878 0.7603, 0.7123 0.8819 0.7603, 0.7113 0.8819 0.7702, 0.7113 0.878 0.7702, 0.7093 0.8819 0.7763, 0.7093 0.878 0.7763, 0.7068 0.8819 0.7802, 0.7068 0.878 0.7802, 0.704 0.8819 0.7829, 0.704 0.878 0.7829, 0.7005 0.8819 0.785, 0.7005 0.878 0.785, 0.696 0.8819 0.7864, 0.696 0.878 0.7864, 0.7015 0.878 0.7264, 0.7015 0.8819 0.7264, 0.7048 0.8819 0.732, 0.7048 0.878 0.732, 0.7104 0.8819 0.7461, 0.7104 0.878 0.7461, 0.7311 0.878 0.7264, 0.7311 0.8819 0.7264, 0.7403 0.878 0.7685, 0.7403 0.8819 0.7685, 0.7383 0.878 0.7469, 0.7393 0.8819 0.7573, 0.7383 0.8819 0.7469, 0.7393 0.8819 0.7803, 0.7388 0.878 0.7855, 0.7388 0.8819 0.7855, 0.7346 0.878 0.7986, 0.7346 0.8819 0.7986, 0.7278 0.878 0.8099, 0.7278 0.8819 0.8099, 0.7215 0.878 0.8161, 0.7215 0.8819 0.8161, 0.7146 0.878 0.8202, 0.7146 0.8819 0.8202, 0.7067 0.878 0.8228, 0.7067 0.8819 0.8228, 0.6974 0.878 0.8237, 0.6974 0.8819 0.8237, 0.6546 0.878 0.7896, 0.6546 0.8819 0.7896, 0.6583 0.8819 0.8002, 0.6583 0.878 0.8002, 0.663 0.8819 0.8082, 0.663 0.878 0.8082, 0.6694 0.8819 0.8149, 0.6694 0.878 0.8149, 0.6773 0.8819 0.8198, 0.6773 0.878 0.8198, 0.6861 0.8819 0.8226, 0.6861 0.878 0.8226, 0.654 0.878 0.7896, 0.654 0.8819 0.7896, 0.6125 0.878 0.8301, 0.6125 0.8819 0.8301, 0.6241 0.8819 0.8286, 0.6241 0.878 0.8286, 0.6333 0.8819 0.8246, 0.6333 0.878 0.8246, 0.6413 0.8819 0.8183, 0.6413 0.878 0.8183, 0.647 0.8819 0.8111, 0.647 0.878 0.8111, 0.6514 0.8819 0.8017, 0.6514 0.878 0.8017, 0.5589 0.878 0.7634, 0.5589 0.8819 0.7634, 0.5592 0.8819 0.7719, 0.5592 0.878 0.7719, 0.5599 0.8819 0.7761, 0.5629 0.878 0.7924, 0.5629 0.8819 0.7924, 0.5696 0.8819 0.8069, 0.5696 0.878 0.8069, 0.5717 0.8819 0.8101, 0.5717 0.878 0.8101, 0.579 0.8819 0.8183, 0.579 0.878 0.8183, 0.5885 0.8819 0.8249, 0.5885 0.878 0.8249, 0.5988 0.8819 0.8286, 0.5988 0.878 0.8286, 0.5599 0.8819 0.7502, 0.5607 0.878 0.7411, 0.5607 0.8819 0.7411, 0.5659 0.878 0.7237, 0.5659 0.8819 0.7237, -0.7192 0.878 0.4921, -0.6952 0.878 0.4921, -0.7192 0.8819 0.4921, -0.6952 0.8819 0.4921, -0.6952 0.8819 0.5255, -0.6952 0.8819 0.6164, -0.6952 0.878 0.6593, -0.6952 0.8819 0.6593, -0.6496 0.878 0.6362, -0.6496 0.8819 0.6362, -0.6529 0.8819 0.6371, -0.6529 0.878 0.6371, -0.6767 0.8819 0.647, -0.6767 0.878 0.647, -0.6496 0.878 0.6602, -0.6496 0.8819 0.6602, -0.7099 0.878 0.6914, -0.7099 0.8819 0.6914, -0.6812 0.8819 0.673, -0.6812 0.878 0.673, -0.7192 0.878 0.6914, -0.7192 0.8819 0.6914, -0.7192 0.8819 0.5255, -0.7192 0.8819 0.6164
            ]
        }
        coordIndex [
            0,1,2,-1,2,1,3,-1,1,4,3,-1,3,4,5,-1,6,7,8,-1,6,8,9,-1,9,8,5,-1,9,5,4,-1,6,10,7,-1,7,10,11,-1,12,13,14,-1,12,14,15,-1,15,14,11,-1,15,11,10,-1,12,16,13,-1,13,16,17,-1,16,18,17,-1,17,18,19,-1,18,20,19,-1,19,20,21,-1,22,23,24,-1,22,24,25,-1,25,24,21,-1,25,21,20,-1,22,26,23,-1,23,26,27,-1,28,29,30,-1,28,30,31,-1,31,30,27,-1,31,27,26,-1,28,32,29,-1,29,32,33,-1,33,32,34,-1,34,32,35,-1,34,35,36,-1,35,37,36,-1,36,37,38,-1,39,40,37,-1,37,40,41,-1,37,41,38,-1,39,42,40,-1,40,42,43,-1,44,45,46,-1,44,46,47,-1,47,46,43,-1,47,43,42,-1,44,48,45,-1,45,48,49,-1,50,51,52,-1,50,52,53,-1,53,52,49,-1,53,49,48,-1,50,54,51,-1,51,54,55,-1,54,56,55,-1,55,56,57,-1,56,0,57,-1,57,0,2,-1,1,0,4,-1,4,0,56,-1,4,56,9,-1,35,32,37,-1,37,32,28,-1,28,31,37,-1,37,31,26,-1,37,26,39,-1,54,50,12,-1,12,50,16,-1,20,42,25,-1,25,42,39,-1,25,39,22,-1,22,39,26,-1,12,15,54,-1,54,15,10,-1,54,10,56,-1,56,10,6,-1,56,6,9,-1,50,53,16,-1,16,53,48,-1,16,48,18,-1,18,48,44,-1,18,44,20,-1,20,44,47,-1,20,47,42,-1,58,59,60,-1,60,59,61,-1,59,62,61,-1,61,62,63,-1,62,64,63,-1,63,64,65,-1,66,67,68,-1,66,68,69,-1,69,68,65,-1,69,65,64,-1,66,70,67,-1,67,70,71,-1,71,70,72,-1,72,70,73,-1,72,73,74,-1,74,73,75,-1,74,75,76,-1,75,77,76,-1,76,77,78,-1,77,79,78,-1,78,79,80,-1,79,81,80,-1,80,81,82,-1,81,83,82,-1,82,83,84,-1,83,85,84,-1,84,85,86,-1,85,87,86,-1,86,87,88,-1,88,87,89,-1,89,87,90,-1,89,90,91,-1,91,90,92,-1,91,92,93,-1,92,94,93,-1,93,94,95,-1,96,97,98,-1,96,98,99,-1,99,98,95,-1,99,95,94,-1,96,100,97,-1,97,100,101,-1,100,102,101,-1,101,102,103,-1,102,58,103,-1,103,58,60,-1,87,85,83,-1,73,70,81,-1,81,70,83,-1,73,81,75,-1,75,81,79,-1,75,79,77,-1,62,59,64,-1,64,59,58,-1,64,58,69,-1,69,58,66,-1,100,96,102,-1,102,96,99,-1,102,99,94,-1,58,102,66,-1,66,102,94,-1,66,94,70,-1,70,94,92,-1,70,92,83,-1,83,92,90,-1,83,90,87,-1,104,105,106,-1,106,105,107,-1,108,109,110,-1,108,110,111,-1,111,110,112,-1,111,112,113,-1,113,112,107,-1,113,107,105,-1,114,115,116,-1,114,116,117,-1,117,116,118,-1,117,118,119,-1,119,118,120,-1,119,120,121,-1,121,120,122,-1,121,122,123,-1,123,122,124,-1,123,124,125,-1,125,124,126,-1,125,126,127,-1,127,126,109,-1,127,109,108,-1,128,129,130,-1,128,130,131,-1,131,130,132,-1,131,132,133,-1,133,132,134,-1,133,134,135,-1,135,134,136,-1,135,136,137,-1,137,136,138,-1,137,138,139,-1,139,138,140,-1,139,140,141,-1,141,140,115,-1,141,115,114,-1,128,142,129,-1,129,142,143,-1,142,144,143,-1,143,144,145,-1,144,146,145,-1,145,146,147,-1,148,149,150,-1,148,150,151,-1,151,150,152,-1,151,152,153,-1,153,152,154,-1,153,154,155,-1,155,154,156,-1,155,156,157,-1,157,156,158,-1,157,158,159,-1,159,158,160,-1,159,160,161,-1,161,160,147,-1,161,147,146,-1,162,163,164,-1,162,164,165,-1,165,164,166,-1,165,166,167,-1,167,166,168,-1,167,168,169,-1,169,168,170,-1,169,170,171,-1,171,170,172,-1,171,172,173,-1,173,172,174,-1,173,174,175,-1,175,174,149,-1,175,149,148,-1,176,177,178,-1,176,178,179,-1,179,178,180,-1,179,180,181,-1,181,180,163,-1,181,163,162,-1,176,182,177,-1,177,182,183,-1,184,185,186,-1,186,185,187,-1,187,188,186,-1,186,188,183,-1,186,183,182,-1,185,184,189,-1,189,184,190,-1,189,190,191,-1,191,190,192,-1,191,192,193,-1,193,192,194,-1,193,194,195,-1,195,194,196,-1,195,196,197,-1,197,196,198,-1,197,198,199,-1,199,198,200,-1,199,200,201,-1,201,200,202,-1,201,202,203,-1,204,205,206,-1,204,206,207,-1,207,206,208,-1,207,208,209,-1,209,208,210,-1,209,210,211,-1,211,210,212,-1,211,212,213,-1,213,212,214,-1,213,214,215,-1,215,214,203,-1,215,203,202,-1,204,216,205,-1,205,216,217,-1,218,219,220,-1,218,220,221,-1,221,220,222,-1,221,222,223,-1,223,222,224,-1,223,224,225,-1,225,224,226,-1,225,226,227,-1,227,226,228,-1,227,228,229,-1,229,228,217,-1,229,217,216,-1,230,231,232,-1,230,232,233,-1,233,232,234,-1,233,234,235,-1,234,236,235,-1,235,236,237,-1,235,237,238,-1,238,237,239,-1,238,239,240,-1,240,239,241,-1,240,241,242,-1,242,241,243,-1,242,243,244,-1,244,243,245,-1,244,245,246,-1,246,245,219,-1,246,219,218,-1,231,230,247,-1,247,230,248,-1,247,248,249,-1,249,248,250,-1,249,250,251,-1,251,250,104,-1,251,104,106,-1,204,151,153,-1,182,176,179,-1,182,179,186,-1,186,179,181,-1,186,181,184,-1,141,223,139,-1,139,223,225,-1,139,225,137,-1,137,225,227,-1,137,227,135,-1,135,227,229,-1,135,229,133,-1,105,104,113,-1,113,104,250,-1,113,250,111,-1,111,250,248,-1,111,248,108,-1,108,248,230,-1,108,230,127,-1,127,230,233,-1,127,233,125,-1,125,233,235,-1,125,235,123,-1,181,162,184,-1,184,162,165,-1,184,165,190,-1,190,165,167,-1,190,167,192,-1,192,167,169,-1,192,169,194,-1,194,169,171,-1,194,171,196,-1,196,171,173,-1,196,173,198,-1,235,238,123,-1,123,238,240,-1,123,240,121,-1,121,240,242,-1,121,242,119,-1,119,242,244,-1,119,244,117,-1,117,244,246,-1,117,246,114,-1,114,246,218,-1,114,218,141,-1,141,218,221,-1,141,221,223,-1,153,155,204,-1,204,155,157,-1,204,157,216,-1,216,157,159,-1,198,173,200,-1,200,173,175,-1,200,175,202,-1,202,175,148,-1,202,148,215,-1,229,216,133,-1,133,216,159,-1,133,159,131,-1,131,159,161,-1,131,161,128,-1,128,161,146,-1,128,146,142,-1,142,146,144,-1,151,204,148,-1,148,204,207,-1,148,207,209,-1,209,211,148,-1,148,211,213,-1,148,213,215,-1,252,253,254,-1,254,253,255,-1,256,255,253,-1,256,253,257,-1,257,253,258,-1,257,258,259,-1,260,261,262,-1,260,262,263,-1,263,262,264,-1,263,264,265,-1,265,264,259,-1,265,259,258,-1,260,266,261,-1,261,266,267,-1,268,269,270,-1,268,270,271,-1,271,270,267,-1,271,267,266,-1,268,272,269,-1,269,272,273,-1,254,274,252,-1,252,274,275,-1,252,275,272,-1,272,275,273,-1,253,252,258,-1,258,252,272,-1,272,268,258,-1,258,268,271,-1,258,271,265,-1,265,271,266,-1,265,266,263,-1,263,266,260,-1,
        ]
    }
}
Shape{
    appearance Appearance {
        material  Material 	{
            diffuseColor 0.4392156862745098 0.4392156862745098 0.4392156862745098
            specularColor 0.2196078431372549 0.2196078431372549 0.2196078431372549
            ambientIntensity 0.4392
            transparency 0.0
            shininess 0.5
        }
    }
    geometry IndexedFaceSet {
        ccw TRUE
        solid FALSE
        coord DEF co Coordinate {
            point [
                0.2002 0.5709 1.0698, 0.2463 0.5709 0.9517, 0.2002 0.5669 1.0698, 0.2463 0.5669 0.9517, 0.229 0.5709 0.9517, 0.229 0.5669 0.9517, 0.2171 0.5709 0.9848, 0.2171 0.5669 0.9848, 0.1683 0.5709 0.9848, 0.1683 0.5669 0.9848, 0.1614 0.5669 0.9646, 0.157 0.5709 0.9517, 0.157 0.5669 0.9517, 0.1397 0.5709 0.9517, 0.1397 0.5669 0.9517, 0.1614 0.5669 1.009, 0.1844 0.5709 1.0698, 0.1844 0.5669 1.0698, 0.1723 0.5709 0.9978, 0.1899 0.5709 1.0471, 0.191 0.5709 1.0512, 0.1918 0.5709 1.0554, 0.1922 0.5709 1.0554, 0.1929 0.5709 1.0512, 0.2118 0.5709 0.9978, 0.194 0.5709 1.0471, 0.1723 0.5669 0.9978, 0.2118 0.5669 0.9978, 0.1899 0.5669 1.0471, 0.191 0.5669 1.0512, 0.1918 0.5669 1.0554, 0.1922 0.5669 1.0554, 0.1929 0.5669 1.0512, 0.194 0.5669 1.0471, 0.0681 0.5709 0.9517, 0.036 0.5709 0.9517, 0.0681 0.5669 0.9517, 0.036 0.5669 0.9517, 0.036 0.5709 1.0698, 0.036 0.5669 1.0698, 0.0693 0.5709 1.0698, 0.0693 0.5669 1.0698, 0.1311 0.5709 1.0122, 0.1311 0.5669 1.0122, 0.1302 0.5669 1.0233, 0.1302 0.5709 1.0233, 0.127 0.5669 1.0349, 0.127 0.5709 1.0349, 0.1216 0.5669 1.0451, 0.1216 0.5709 1.0451, 0.1132 0.5669 1.0544, 0.1132 0.5709 1.0544, 0.1131 0.5669 1.0545, 0.1131 0.5709 1.0545, 0.1002 0.5669 1.0631, 0.1002 0.5709 1.0631, 0.0864 0.5669 1.0679, 0.0864 0.5709 1.0679, 0.0827 0.5669 0.9529, 0.0827 0.5709 0.9529, 0.0963 0.5669 0.957, 0.0963 0.5709 0.957, 0.1087 0.5669 0.9642, 0.1087 0.5709 0.9642, 0.1184 0.5669 0.9735, 0.1184 0.5709 0.9735, 0.1252 0.5669 0.984, 0.1252 0.5709 0.984, 0.1294 0.5669 0.9964, 0.1294 0.5709 0.9964, 0.1074 0.5709 1.0402, 0.1016 0.5709 1.0463, 0.093 0.5709 1.0519, 0.0833 0.5709 1.0553, 0.0693 0.5709 1.0568, 0.0519 0.5709 1.0568, 0.0519 0.5709 0.9646, 0.0686 0.5709 0.9646, 0.0811 0.5709 0.9658, 0.091 0.5709 0.9689, 0.0991 0.5709 0.9737, 0.1057 0.5709 0.9802, 0.1107 0.5709 0.9884, 0.1141 0.5709 0.9995, 0.1152 0.5709 1.0119, 0.1142 0.5709 1.0236, 0.1115 0.5709 1.033, 0.0693 0.5669 1.0568, 0.0519 0.5669 1.0568, 0.0833 0.5669 1.0553, 0.093 0.5669 1.0519, 0.1016 0.5669 1.0463, 0.1074 0.5669 1.0402, 0.1115 0.5669 1.033, 0.1142 0.5669 1.0236, 0.1152 0.5669 1.0119, 0.1141 0.5669 0.9995, 0.1107 0.5669 0.9884, 0.1057 0.5669 0.9802, 0.0991 0.5669 0.9737, 0.091 0.5669 0.9689, 0.0811 0.5669 0.9658, 0.0686 0.5669 0.9646, 0.0519 0.5669 0.9646, 0.013 0.5709 0.9646, 0.013 0.5709 0.9517, 0.013 0.5669 0.9646, 0.013 0.5669 0.9517, -0.0504 0.5709 0.9517, -0.0504 0.5669 0.9517, -0.0504 0.5709 1.0698, -0.0504 0.5669 1.0698, 0.0101 0.5709 1.0698, 0.0101 0.5669 1.0698, 0.0101 0.5709 1.0568, 0.0101 0.5669 1.0568, -0.0346 0.5709 1.0568, -0.0346 0.5669 1.0568, -0.0346 0.5709 1.0179, -0.0346 0.5669 1.0179, 0.0072 0.5709 1.0179, 0.0072 0.5669 1.0179, 0.0072 0.5709 1.005, 0.0072 0.5669 1.005, -0.0346 0.5709 1.005, -0.0346 0.5669 1.005, -0.0346 0.5709 0.9646, -0.0346 0.5669 0.9646, -0.0735 0.5709 0.9707, -0.0735 0.5709 0.9578, -0.0735 0.5669 0.9707, -0.0735 0.5669 0.9578, -0.086 0.5709 0.9526, -0.106 0.5709 0.9502, -0.106 0.5669 0.9502, -0.1027 0.5669 0.9503, -0.1027 0.5709 0.9503, -0.098 0.5669 0.9509, -0.086 0.5669 0.9526, -0.1613 0.5709 1.0085, -0.1613 0.5669 1.0085, -0.1602 0.5669 0.9948, -0.1602 0.5709 0.9948, -0.1566 0.5669 0.9823, -0.1566 0.5709 0.9823, -0.1503 0.5669 0.9711, -0.1503 0.5709 0.9711, -0.1415 0.5669 0.9617, -0.1415 0.5709 0.9617, -0.132 0.5669 0.9557, -0.132 0.5709 0.9557, -0.1205 0.5669 0.9517, -0.1205 0.5709 0.9517, -0.1129 0.5669 0.9509, -0.1013 0.5709 1.0712, -0.1013 0.5669 1.0712, -0.1131 0.5709 1.0702, -0.1101 0.5669 1.0705, -0.1131 0.5669 1.0702, -0.1263 0.5669 1.0664, -0.1263 0.5709 1.0664, -0.1375 0.5669 1.06, -0.1375 0.5709 1.06, -0.1482 0.5669 1.0497, -0.1482 0.5709 1.0497, -0.1551 0.5669 1.0387, -0.1551 0.5709 1.0387, -0.1596 0.5669 1.0253, -0.1596 0.5709 1.0253, -0.0908 0.5669 1.0705, -0.0871 0.5709 1.0702, -0.0871 0.5669 1.0702, -0.0735 0.5709 1.0665, -0.0735 0.5669 1.0665, -0.0735 0.5709 1.0507, -0.0735 0.5669 1.0507, -0.1011 0.5709 1.0582, -0.1011 0.5669 1.0582, -0.0868 0.5669 1.0564, -0.0868 0.5709 1.0564, -0.1455 0.5709 1.0095, -0.1455 0.5669 1.0095, -0.1449 0.5669 1.0186, -0.1449 0.5709 1.0186, -0.1418 0.5669 1.0313, -0.1418 0.5709 1.0313, -0.1369 0.5669 1.0404, -0.1369 0.5709 1.0404, -0.1298 0.5669 1.0483, -0.1298 0.5709 1.0483, -0.1216 0.5669 1.0537, -0.1216 0.5709 1.0537, -0.1127 0.5669 1.0569, -0.1127 0.5709 1.0569, -0.1038 0.5709 0.9632, -0.1038 0.5669 0.9632, -0.1148 0.5669 0.9644, -0.1148 0.5709 0.9644, -0.1234 0.5669 0.9676, -0.1234 0.5709 0.9676, -0.1306 0.5669 0.9725, -0.1306 0.5709 0.9725, -0.1362 0.5669 0.9783, -0.1362 0.5709 0.9783, -0.1411 0.5669 0.9865, -0.1411 0.5709 0.9865, -0.1443 0.5669 0.9967, -0.1443 0.5709 0.9967, -0.0756 0.5669 0.9696, -0.0756 0.5709 0.9696, -0.0881 0.5669 0.9649, -0.0881 0.5709 0.9649, -0.1714 0.5709 0.9646, -0.1714 0.5709 0.9517, -0.1714 0.5669 0.9646, -0.1714 0.5669 0.9517, -0.2319 0.5709 0.9517, -0.2319 0.5669 0.9517, -0.2319 0.5709 1.0698, -0.2319 0.5669 1.0698, -0.2161 0.5709 1.0698, -0.2161 0.5669 1.0698, -0.2161 0.5709 0.9646, -0.2161 0.5669 0.9646
            ]
        }
        coordIndex [
            0,1,2,-1,2,1,3,-1,1,4,3,-1,3,4,5,-1,4,6,5,-1,5,6,7,-1,6,8,7,-1,7,8,9,-1,9,8,10,-1,10,8,11,-1,10,11,12,-1,11,13,12,-1,12,13,14,-1,14,13,15,-1,15,13,16,-1,15,16,17,-1,16,0,17,-1,17,0,2,-1,18,19,16,-1,13,11,8,-1,19,20,16,-1,16,20,21,-1,16,21,0,-1,0,21,22,-1,0,22,23,-1,16,13,18,-1,18,13,8,-1,18,8,24,-1,24,8,6,-1,23,25,0,-1,0,25,24,-1,0,24,1,-1,1,24,6,-1,1,6,4,-1,18,24,26,-1,26,24,27,-1,19,18,28,-1,28,18,26,-1,19,28,29,-1,19,29,20,-1,20,29,30,-1,20,30,21,-1,22,21,31,-1,31,21,30,-1,22,31,32,-1,22,32,23,-1,23,32,33,-1,23,33,25,-1,24,25,27,-1,27,25,33,-1,34,35,36,-1,36,35,37,-1,35,38,37,-1,37,38,39,-1,38,40,39,-1,39,40,41,-1,42,43,44,-1,42,44,45,-1,45,44,46,-1,45,46,47,-1,47,46,48,-1,47,48,49,-1,49,48,50,-1,49,50,51,-1,51,50,52,-1,51,52,53,-1,53,52,54,-1,53,54,55,-1,55,54,56,-1,55,56,57,-1,57,56,41,-1,57,41,40,-1,34,36,58,-1,34,58,59,-1,59,58,60,-1,59,60,61,-1,61,60,62,-1,61,62,63,-1,63,62,64,-1,63,64,65,-1,65,64,66,-1,65,66,67,-1,67,66,68,-1,67,68,69,-1,69,68,43,-1,69,43,42,-1,47,49,70,-1,70,49,51,-1,70,51,71,-1,71,51,53,-1,71,53,72,-1,72,53,55,-1,72,55,73,-1,73,55,57,-1,73,57,74,-1,74,57,40,-1,74,40,75,-1,75,40,38,-1,75,38,76,-1,76,38,35,-1,76,35,77,-1,77,35,34,-1,77,34,78,-1,78,34,59,-1,78,59,79,-1,79,59,61,-1,79,61,80,-1,80,61,63,-1,80,63,81,-1,81,63,65,-1,81,65,82,-1,82,65,67,-1,82,67,83,-1,83,67,69,-1,83,69,84,-1,84,69,42,-1,84,42,85,-1,85,42,45,-1,85,45,86,-1,86,45,47,-1,86,47,70,-1,74,75,87,-1,87,75,88,-1,74,87,89,-1,74,89,73,-1,73,89,90,-1,73,90,72,-1,72,90,91,-1,72,91,71,-1,71,91,92,-1,71,92,70,-1,70,92,93,-1,70,93,86,-1,86,93,94,-1,86,94,85,-1,85,94,95,-1,85,95,84,-1,84,95,96,-1,84,96,83,-1,83,96,97,-1,83,97,82,-1,82,97,98,-1,82,98,81,-1,81,98,99,-1,81,99,80,-1,80,99,100,-1,80,100,79,-1,79,100,101,-1,79,101,78,-1,78,101,102,-1,78,102,77,-1,76,77,103,-1,103,77,102,-1,75,76,88,-1,88,76,103,-1,104,105,106,-1,106,105,107,-1,105,108,107,-1,107,108,109,-1,108,110,109,-1,109,110,111,-1,110,112,111,-1,111,112,113,-1,112,114,113,-1,113,114,115,-1,114,116,115,-1,115,116,117,-1,116,118,117,-1,117,118,119,-1,118,120,119,-1,119,120,121,-1,120,122,121,-1,121,122,123,-1,122,124,123,-1,123,124,125,-1,124,126,125,-1,125,126,127,-1,126,104,127,-1,127,104,106,-1,108,105,104,-1,104,126,108,-1,108,126,124,-1,108,124,110,-1,114,112,116,-1,116,112,110,-1,116,110,118,-1,118,110,124,-1,118,124,120,-1,120,124,122,-1,128,129,130,-1,130,129,131,-1,131,129,132,-1,133,134,135,-1,133,135,136,-1,136,135,137,-1,136,137,132,-1,132,137,138,-1,132,138,131,-1,139,140,141,-1,139,141,142,-1,142,141,143,-1,142,143,144,-1,144,143,145,-1,144,145,146,-1,146,145,147,-1,146,147,148,-1,148,147,149,-1,148,149,150,-1,150,149,151,-1,150,151,152,-1,152,151,133,-1,133,151,153,-1,133,153,134,-1,154,155,156,-1,156,155,157,-1,157,158,156,-1,156,158,159,-1,156,159,160,-1,160,159,161,-1,160,161,162,-1,162,161,163,-1,162,163,164,-1,164,163,165,-1,164,165,166,-1,166,165,167,-1,166,167,168,-1,168,167,140,-1,168,140,139,-1,155,154,169,-1,169,154,170,-1,169,170,171,-1,171,170,172,-1,171,172,173,-1,172,174,173,-1,173,174,175,-1,176,177,178,-1,176,178,179,-1,179,178,175,-1,179,175,174,-1,180,181,182,-1,180,182,183,-1,183,182,184,-1,183,184,185,-1,185,184,186,-1,185,186,187,-1,187,186,188,-1,187,188,189,-1,189,188,190,-1,189,190,191,-1,191,190,192,-1,191,192,193,-1,193,192,177,-1,193,177,176,-1,194,195,196,-1,194,196,197,-1,197,196,198,-1,197,198,199,-1,199,198,200,-1,199,200,201,-1,201,200,202,-1,201,202,203,-1,203,202,204,-1,203,204,205,-1,205,204,206,-1,205,206,207,-1,207,206,181,-1,207,181,180,-1,128,130,208,-1,128,208,209,-1,209,208,210,-1,209,210,211,-1,211,210,195,-1,211,195,194,-1,197,133,194,-1,194,133,136,-1,194,136,211,-1,211,136,132,-1,211,132,209,-1,209,132,129,-1,209,129,128,-1,174,172,179,-1,179,172,170,-1,179,170,176,-1,176,170,154,-1,176,154,193,-1,193,154,156,-1,193,156,191,-1,191,156,160,-1,191,160,189,-1,189,160,162,-1,189,162,187,-1,187,162,164,-1,187,164,185,-1,185,164,166,-1,185,166,183,-1,183,166,168,-1,183,168,180,-1,180,168,139,-1,180,139,207,-1,207,139,142,-1,207,142,205,-1,205,142,144,-1,205,144,203,-1,203,144,146,-1,203,146,201,-1,201,146,148,-1,201,148,199,-1,199,148,150,-1,199,150,197,-1,197,150,152,-1,197,152,133,-1,212,213,214,-1,214,213,215,-1,213,216,215,-1,215,216,217,-1,216,218,217,-1,217,218,219,-1,218,220,219,-1,219,220,221,-1,220,222,221,-1,221,222,223,-1,222,212,223,-1,223,212,214,-1,220,218,222,-1,222,218,216,-1,222,216,212,-1,212,216,213,-1,
        ]
    }
}
Shape{
    appearance Appearance {
        material  Material 	{
            diffuseColor 1.0 0.9411764705882353 0.8549019607843137
            specularColor 0.30196078431372547 0.2823529411764706 0.2549019607843137
            ambientIntensity 0.9489
            transparency 0.0
            shininess 0.5
        }
    }
    geometry IndexedFaceSet {
        ccw TRUE
        solid FALSE
        coord DEF co Coordinate {
            point [
                0.1723 0.5669 0.9978, 0.2118 0.5669 0.9978, 0.1899 0.5669 1.0471, 0.194 0.5669 1.0471, 0.191 0.5669 1.0512, 0.1929 0.5669 1.0512, 0.1918 0.5669 1.0554, 0.1922 0.5669 1.0554, 0.0519 0.5669 1.0568, 0.0519 0.5669 0.9646, 0.0693 0.5669 1.0568, 0.0686 0.5669 0.9646, 0.0811 0.5669 0.9658, 0.1152 0.5669 1.0119, 0.1142 0.5669 1.0236, 0.1115 0.5669 1.033, 0.0833 0.5669 1.0553, 0.091 0.5669 0.9689, 0.0991 0.5669 0.9737, 0.1057 0.5669 0.9802, 0.1107 0.5669 0.9884, 0.1141 0.5669 0.9995, 0.1074 0.5669 1.0402, 0.1016 0.5669 1.0463, 0.093 0.5669 1.0519
            ]
        }
        coordIndex [
            0,1,2,-1,2,1,3,-1,2,3,4,-1,4,3,5,-1,4,5,6,-1,6,5,7,-1,8,9,10,-1,10,9,11,-1,10,11,12,-1,13,14,10,-1,10,14,15,-1,10,15,16,-1,12,17,10,-1,10,17,18,-1,10,18,19,-1,19,20,10,-1,10,20,21,-1,10,21,13,-1,22,23,15,-1,15,23,24,-1,15,24,16,-1,
        ]
    }
}
Shape{
    appearance Appearance {
        material  Material 	{
            diffuseColor 0.8509803921568627 0.8509803921568627 0.8509803921568627
            specularColor 0.4235294117647059 0.4235294117647059 0.4235294117647059
            ambientIntensity 0.851
            transparency 0.0
            shininess 0.5
        }
    }
    geometry IndexedFaceSet {
        ccw TRUE
        solid FALSE
        coord DEF co Coordinate {
            point [
                0.3091 1.2717 0.1969, 0.1831 1.2717 0.1969, 0.3091 1.2717 0.5413, 0.1831 1.2717 0.5413, 0.3091 1.3504 0.1969, 0.1831 1.3504 0.1969, 0.3091 1.3504 0.0787, 0.1831 1.3504 0.0787, 0.3091 1.2717 0.0, 0.1831 1.2717 0.0, 0.3091 1.1142 0.0, 0.1831 1.1142 0.0, 0.3091 1.0354 0.0787, 0.1831 1.0354 0.0787, 0.3091 1.0354 0.2067, 0.1831 1.0354 0.2067, 0.1831 1.0314 0.2373, 0.3091 1.0314 0.2373, 0.1831 1.0196 0.2657, 0.3091 1.0196 0.2657, 0.1831 1.0008 0.2902, 0.3091 1.0008 0.2902, 0.1831 0.9764 0.309, 0.3091 0.9764 0.309, 0.1831 0.9479 0.3208, 0.3091 0.9479 0.3208, 0.1831 0.9173 0.3248, 0.3091 0.9173 0.3248, 0.1831 0.8819 0.5413, 0.1831 0.8819 0.5255, 0.1831 0.8819 0.3248, 0.3091 0.8819 0.5413, 0.3091 0.8819 0.5255, 0.3091 0.8819 0.3248, 0.1831 0.5669 0.6713, 0.1831 0.5669 0.4114, 0.1831 -0.0265 0.6713, 0.1831 -0.0265 0.4114, 0.1831 -0.185 0.6288, 0.1831 -0.185 0.4539, 0.3091 -0.185 0.6288, 0.3091 -0.185 0.4539, 0.3091 -0.0265 0.6713, 0.3091 -0.0265 0.4114, 0.3091 0.5669 0.6713, 0.3091 0.5669 0.4114, 0.3012 0.5669 0.6791, 0.1909 0.5669 0.6791, 0.3012 -0.0275 0.6791, 0.1909 -0.0275 0.6791, 0.3012 -0.0275 0.4035, 0.1909 -0.0275 0.4035, 0.3012 0.5669 0.4035, 0.1909 0.5669 0.4035, 0.2698 -0.3031 0.6053, 0.2223 -0.3031 0.6053, 0.2223 -0.3031 0.4774, 0.2147 -0.3031 0.5977, 0.2147 -0.3031 0.485, 0.2185 -0.3031 0.4784, 0.2194 -0.3031 0.478, 0.2153 -0.3031 0.482, 0.2157 -0.3031 0.6015, 0.2153 -0.3031 0.6006, 0.2194 -0.3031 0.6047, 0.215 -0.3031 0.483, 0.2203 -0.3031 0.4776, 0.2764 -0.3031 0.4812, 0.2768 -0.3031 0.482, 0.2727 -0.3031 0.478, 0.2698 -0.3031 0.4774, 0.2774 -0.3031 0.485, 0.2774 -0.3031 0.5977, 0.2203 -0.3031 0.605, 0.215 -0.3031 0.5997, 0.2718 -0.3031 0.4776, 0.2772 -0.3031 0.483, 0.2772 -0.3031 0.5997, 0.2768 -0.3031 0.6006, 0.2718 -0.3031 0.605, 0.2727 -0.3031 0.6047, 0.2157 -0.3031 0.4812, 0.2163 -0.3031 0.4803, 0.2177 -0.3031 0.4789, 0.2169 -0.3031 0.4796, 0.2185 -0.3031 0.6043, 0.2177 -0.3031 0.6037, 0.2163 -0.3031 0.6023, 0.2169 -0.3031 0.6031, 0.2736 -0.3031 0.4784, 0.2745 -0.3031 0.4789, 0.2759 -0.3031 0.4803, 0.2752 -0.3031 0.4796, 0.2736 -0.3031 0.6043, 0.2764 -0.3031 0.6015, 0.2745 -0.3031 0.6037, 0.2759 -0.3031 0.6023, 0.2752 -0.3031 0.6031, 0.1909 -0.186 0.6367, 0.3012 -0.186 0.6367, 0.3012 -0.186 0.446, 0.1909 -0.186 0.446, 0.309 -0.1851 0.6293, 0.309 -0.1851 0.4534, 0.1831 -0.1851 0.4534, 0.1831 -0.1851 0.6293, 0.3087 -0.1854 0.4519, 0.3087 -0.1855 0.4515, 0.308 -0.1858 0.45, 0.3078 -0.1859 0.4497, 0.3067 -0.1861 0.4484, 0.3066 -0.1861 0.4482, 0.3051 -0.1862 0.4472, 0.305 -0.1862 0.4471, 0.3032 -0.1862 0.4463, 0.3031 -0.1862 0.4463, 0.3029 0.5669 0.4037, 0.3029 -0.0275 0.4037, 0.3032 -0.0275 0.4038, 0.3046 0.5669 0.4043, 0.3046 -0.0274 0.4043, 0.3051 -0.0274 0.4046, 0.3061 0.5669 0.4053, 0.3061 -0.0273 0.4053, 0.3067 -0.0272 0.4059, 0.3073 0.5669 0.4065, 0.3073 -0.0272 0.4065, 0.308 -0.027 0.4075, 0.3083 0.5669 0.408, 0.3083 -0.027 0.408, 0.3088 -0.0268 0.4094, 0.3089 0.5669 0.4097, 0.3089 -0.0267 0.4097, 0.3089 0.5669 0.673, 0.3088 -0.0267 0.673, 0.3088 -0.0268 0.6733, 0.3083 0.5669 0.6747, 0.3082 -0.027 0.6747, 0.308 -0.027 0.6752, 0.3073 0.5669 0.6762, 0.3073 -0.0272 0.6761, 0.3067 -0.0272 0.6768, 0.3061 0.5669 0.6774, 0.3061 -0.0273 0.6774, 0.3029 -0.0275 0.6789, 0.3032 -0.0275 0.6788, 0.3046 0.5669 0.6784, 0.3046 -0.0274 0.6784, 0.3051 -0.0274 0.678, 0.3029 0.5669 0.6789, 0.3031 -0.1862 0.6364, 0.3032 -0.1862 0.6363, 0.305 -0.1862 0.6356, 0.3051 -0.1862 0.6355, 0.3065 -0.1861 0.6344, 0.3067 -0.1861 0.6343, 0.3078 -0.1859 0.6329, 0.308 -0.1858 0.6326, 0.3087 -0.1855 0.6312, 0.3087 -0.1854 0.6308, 0.1833 0.5669 0.4097, 0.1833 -0.0267 0.4097, 0.1833 -0.0268 0.4094, 0.1839 0.5669 0.408, 0.1839 -0.027 0.408, 0.1841 -0.027 0.4075, 0.1848 0.5669 0.4065, 0.1848 -0.0272 0.4065, 0.1854 -0.0272 0.4058, 0.186 0.5669 0.4053, 0.186 -0.0273 0.4053, 0.1892 -0.0275 0.4037, 0.1889 -0.0275 0.4038, 0.1875 0.5669 0.4043, 0.1875 -0.0274 0.4043, 0.187 -0.0274 0.4046, 0.1892 0.5669 0.4037, 0.189 -0.1862 0.4463, 0.1889 -0.1862 0.4463, 0.1872 -0.1862 0.4471, 0.187 -0.1862 0.4472, 0.1856 -0.1861 0.4483, 0.1854 -0.1861 0.4484, 0.1843 -0.1859 0.4497, 0.1842 -0.1858 0.45, 0.1835 -0.1855 0.4515, 0.1834 -0.1854 0.4519, 0.1834 -0.1854 0.6308, 0.1835 -0.1855 0.6312, 0.1842 -0.1858 0.6326, 0.1843 -0.1859 0.6329, 0.1854 -0.1861 0.6342, 0.1856 -0.1861 0.6344, 0.187 -0.1862 0.6355, 0.1872 -0.1862 0.6356, 0.1889 -0.1862 0.6363, 0.189 -0.1862 0.6364, 0.1833 -0.0267 0.673, 0.1833 -0.0268 0.6733, 0.1839 -0.027 0.6747, 0.1841 -0.027 0.6752, 0.1848 -0.0272 0.6761, 0.1854 -0.0272 0.6768, 0.186 -0.0273 0.6774, 0.187 -0.0274 0.678, 0.1875 -0.0274 0.6784, 0.1889 -0.0275 0.6788, 0.1892 -0.0275 0.6789, 0.1892 0.5669 0.6789, 0.1875 0.5669 0.6784, 0.186 0.5669 0.6774, 0.1848 0.5669 0.6762, 0.1839 0.5669 0.6747, 0.1833 0.5669 0.673, -0.1831 1.2717 0.1969, -0.3091 1.2717 0.1969, -0.1831 1.2717 0.5413, -0.3091 1.2717 0.5413, -0.1831 1.3504 0.1969, -0.3091 1.3504 0.1969, -0.1831 1.3504 0.0787, -0.3091 1.3504 0.0787, -0.1831 1.2717 0.0, -0.3091 1.2717 0.0, -0.1831 1.1142 0.0, -0.3091 1.1142 0.0, -0.1831 1.0354 0.0787, -0.3091 1.0354 0.0787, -0.1831 1.0354 0.2067, -0.3091 1.0354 0.2067, -0.3091 1.0314 0.2373, -0.1831 1.0314 0.2373, -0.3091 1.0196 0.2657, -0.1831 1.0196 0.2657, -0.3091 1.0008 0.2902, -0.1831 1.0008 0.2902, -0.3091 0.9764 0.309, -0.1831 0.9764 0.309, -0.3091 0.9479 0.3208, -0.1831 0.9479 0.3208, -0.3091 0.9173 0.3248, -0.1831 0.9173 0.3248, -0.3091 0.8819 0.5413, -0.3091 0.8819 0.3248, -0.3091 0.8819 0.4085, -0.3091 0.8819 0.5255, -0.1831 0.8819 0.4085, -0.1831 0.8819 0.3248, -0.1831 0.8819 0.5413, -0.1831 0.8819 0.5255, -0.3091 0.5669 0.6713, -0.3091 0.5669 0.4114, -0.3091 -0.0265 0.6713, -0.3091 -0.0265 0.4114, -0.3091 -0.185 0.6288, -0.3091 -0.185 0.4539, -0.1831 0.5669 0.4114, -0.1831 0.5669 0.6713, -0.1831 -0.0265 0.4114, -0.1831 -0.0265 0.6713, -0.1831 -0.185 0.4539, -0.1831 -0.185 0.6288, -0.3012 0.5669 0.6791, -0.3012 -0.0275 0.6791, -0.2705 0.5669 0.6791, -0.1909 -0.0275 0.6791, -0.1909 0.5669 0.6791, -0.1909 0.5669 0.4035, -0.1909 -0.0275 0.4035, -0.2705 0.5669 0.4035, -0.3012 -0.0275 0.4035, -0.3012 0.5669 0.4035, -0.2774 -0.3031 0.5977, -0.2774 -0.3031 0.485, -0.2147 -0.3031 0.485, -0.2772 -0.3031 0.483, -0.2768 -0.3031 0.482, -0.2698 -0.3031 0.4774, -0.2223 -0.3031 0.4774, -0.2185 -0.3031 0.6043, -0.2194 -0.3031 0.6047, -0.2153 -0.3031 0.6006, -0.2147 -0.3031 0.5977, -0.2223 -0.3031 0.6053, -0.2698 -0.3031 0.6053, -0.2157 -0.3031 0.4812, -0.2153 -0.3031 0.482, -0.2185 -0.3031 0.4784, -0.2194 -0.3031 0.478, -0.2203 -0.3031 0.4776, -0.215 -0.3031 0.483, -0.215 -0.3031 0.5997, -0.2203 -0.3031 0.605, -0.2764 -0.3031 0.6015, -0.2768 -0.3031 0.6006, -0.2727 -0.3031 0.6047, -0.2718 -0.3031 0.605, -0.2772 -0.3031 0.5997, -0.2752 -0.3031 0.4796, -0.2745 -0.3031 0.4789, -0.2759 -0.3031 0.4803, -0.2736 -0.3031 0.4784, -0.2764 -0.3031 0.4812, -0.2727 -0.3031 0.478, -0.2718 -0.3031 0.4776, -0.2163 -0.3031 0.4803, -0.2177 -0.3031 0.4789, -0.2169 -0.3031 0.4796, -0.2157 -0.3031 0.6015, -0.2163 -0.3031 0.6023, -0.2177 -0.3031 0.6037, -0.2169 -0.3031 0.6031, -0.2736 -0.3031 0.6043, -0.2745 -0.3031 0.6037, -0.2759 -0.3031 0.6023, -0.2752 -0.3031 0.6031, -0.3012 -0.186 0.6367, -0.1909 -0.186 0.6367, -0.1909 -0.186 0.446, -0.3012 -0.186 0.446, -0.1831 -0.1851 0.6293, -0.1831 -0.1851 0.4534, -0.309 -0.1851 0.4534, -0.309 -0.1851 0.6293, -0.1834 -0.1854 0.4519, -0.1835 -0.1855 0.4515, -0.1842 -0.1858 0.45, -0.1843 -0.1859 0.4497, -0.1854 -0.1861 0.4484, -0.1856 -0.1861 0.4482, -0.187 -0.1862 0.4472, -0.1872 -0.1862 0.4471, -0.1889 -0.1862 0.4463, -0.189 -0.1862 0.4463, -0.1899 -0.0275 0.4036, -0.1889 0.5669 0.4038, -0.1889 -0.0275 0.4038, -0.1879 -0.0275 0.4041, -0.187 0.5669 0.4046, -0.187 -0.0274 0.4046, -0.1862 -0.0273 0.4052, -0.1854 0.5669 0.4058, -0.1854 -0.0272 0.4058, -0.1841 0.5669 0.4075, -0.1841 -0.027 0.4075, -0.1833 0.5669 0.4094, -0.1833 -0.0268 0.4094, -0.1833 -0.0267 0.673, -0.1833 -0.0268 0.6733, -0.1833 0.5669 0.6733, -0.1839 -0.027 0.6747, -0.1841 -0.027 0.6752, -0.1841 0.5669 0.6752, -0.1848 -0.0272 0.6761, -0.1854 -0.0272 0.6768, -0.1854 0.5669 0.6768, -0.186 -0.0273 0.6774, -0.187 0.5669 0.6781, -0.187 -0.0274 0.678, -0.1875 -0.0274 0.6784, -0.1889 0.5669 0.6789, -0.1889 -0.0275 0.6788, -0.1892 -0.0275 0.6789, -0.1892 -0.1862 0.6364, -0.189 -0.1862 0.6364, -0.1875 -0.1862 0.6358, -0.1872 -0.1862 0.6356, -0.1861 -0.1862 0.6348, -0.1856 -0.1861 0.6344, -0.1848 -0.186 0.6336, -0.1843 -0.1859 0.6329, -0.1839 -0.1857 0.6321, -0.1835 -0.1855 0.6312, -0.1833 -0.1854 0.6305, -0.3088 0.5669 0.4094, -0.3088 -0.0268 0.4094, -0.308 0.5669 0.4075, -0.308 -0.027 0.4075, -0.3067 0.5669 0.4058, -0.3067 -0.0272 0.4058, -0.306 -0.0273 0.4052, -0.3051 0.5669 0.4046, -0.3051 -0.0274 0.4046, -0.3042 -0.0275 0.4041, -0.3032 0.5669 0.4038, -0.3032 -0.0275 0.4038, -0.3022 -0.0275 0.4036, -0.3031 -0.1862 0.4463, -0.3032 -0.1862 0.4463, -0.305 -0.1862 0.4471, -0.3051 -0.1862 0.4472, -0.3065 -0.1861 0.4483, -0.3067 -0.1861 0.4484, -0.3078 -0.1859 0.4497, -0.308 -0.1858 0.45, -0.3087 -0.1855 0.4515, -0.3087 -0.1854 0.4519, -0.3087 -0.1854 0.6308, -0.3087 -0.1855 0.6312, -0.308 -0.1858 0.6326, -0.3078 -0.1859 0.6329, -0.3067 -0.1861 0.6342, -0.3066 -0.1861 0.6344, -0.3051 -0.1862 0.6355, -0.305 -0.1862 0.6356, -0.3032 -0.1862 0.6363, -0.3031 -0.1862 0.6364, -0.3088 -0.0268 0.6733, -0.308 -0.027 0.6752, -0.3067 -0.0272 0.6768, -0.306 -0.0273 0.6775, -0.3051 -0.0274 0.6781, -0.3042 -0.0275 0.6785, -0.3032 -0.0275 0.6789, -0.3022 -0.0275 0.6791, -0.3032 0.5669 0.6789, -0.3051 0.5669 0.6781, -0.3067 0.5669 0.6768, -0.308 0.5669 0.6752, -0.3088 0.5669 0.6733
            ]
        }
        coordIndex [
            0,1,2,-1,2,1,3,-1,4,5,0,-1,0,5,1,-1,6,7,4,-1,4,7,5,-1,8,9,6,-1,6,9,7,-1,10,11,8,-1,8,11,9,-1,12,13,10,-1,10,13,11,-1,14,15,12,-1,12,15,13,-1,15,14,16,-1,16,14,17,-1,16,17,18,-1,18,17,19,-1,18,19,20,-1,20,19,21,-1,20,21,22,-1,22,21,23,-1,22,23,24,-1,24,23,25,-1,24,25,26,-1,26,25,27,-1,1,11,13,-1,5,7,1,-1,1,7,9,-1,1,9,11,-1,13,15,1,-1,1,15,16,-1,1,16,3,-1,3,16,18,-1,18,20,3,-1,3,20,22,-1,3,22,28,-1,22,24,28,-1,28,24,26,-1,28,26,29,-1,29,26,30,-1,6,4,8,-1,8,4,0,-1,8,0,10,-1,10,0,14,-1,10,14,12,-1,23,2,25,-1,25,2,31,-1,25,31,27,-1,27,31,32,-1,27,32,33,-1,23,21,2,-1,2,21,19,-1,2,19,0,-1,0,19,17,-1,0,17,14,-1,30,26,33,-1,33,26,27,-1,31,2,28,-1,28,2,3,-1,34,35,36,-1,36,35,37,-1,36,37,38,-1,38,37,39,-1,40,41,42,-1,42,41,43,-1,42,43,44,-1,44,43,45,-1,46,47,48,-1,48,47,49,-1,50,51,52,-1,52,51,53,-1,54,55,56,-1,56,55,57,-1,56,57,58,-1,59,60,61,-1,62,63,64,-1,58,65,56,-1,56,65,61,-1,56,61,66,-1,66,61,60,-1,67,68,69,-1,56,70,54,-1,54,70,71,-1,54,71,72,-1,55,73,57,-1,57,73,64,-1,57,64,74,-1,74,64,63,-1,70,75,71,-1,71,75,69,-1,71,69,76,-1,76,69,68,-1,72,77,54,-1,54,77,78,-1,54,78,79,-1,79,78,80,-1,61,81,59,-1,59,81,82,-1,59,82,83,-1,83,82,84,-1,64,85,62,-1,62,85,86,-1,62,86,87,-1,87,86,88,-1,69,89,67,-1,67,89,90,-1,67,90,91,-1,91,90,92,-1,80,78,93,-1,93,78,94,-1,93,94,95,-1,95,94,96,-1,95,96,97,-1,55,54,98,-1,98,54,99,-1,98,99,49,-1,49,99,48,-1,70,56,100,-1,100,56,101,-1,100,101,50,-1,50,101,51,-1,40,102,72,-1,40,72,41,-1,41,72,71,-1,41,71,103,-1,39,104,58,-1,39,58,38,-1,38,58,57,-1,38,57,105,-1,103,71,106,-1,106,71,76,-1,106,76,107,-1,107,76,68,-1,107,68,108,-1,108,68,67,-1,108,67,109,-1,109,67,91,-1,109,91,110,-1,110,91,92,-1,110,92,111,-1,111,92,112,-1,112,92,90,-1,112,90,113,-1,113,90,89,-1,113,89,114,-1,114,89,69,-1,114,69,115,-1,69,75,115,-1,115,75,70,-1,115,70,100,-1,52,116,50,-1,50,116,117,-1,117,116,118,-1,118,116,119,-1,118,119,120,-1,120,119,121,-1,121,119,122,-1,121,122,123,-1,123,122,124,-1,124,122,125,-1,124,125,126,-1,126,125,127,-1,127,125,128,-1,127,128,129,-1,129,128,130,-1,130,128,131,-1,130,131,132,-1,132,131,45,-1,132,45,43,-1,43,41,132,-1,132,41,103,-1,132,103,130,-1,103,106,130,-1,130,106,107,-1,130,107,129,-1,129,107,108,-1,129,108,127,-1,127,108,109,-1,127,109,126,-1,126,109,110,-1,126,110,124,-1,124,110,111,-1,124,111,123,-1,123,111,112,-1,123,112,121,-1,121,112,113,-1,121,113,120,-1,120,113,114,-1,120,114,118,-1,118,114,115,-1,118,115,117,-1,117,115,100,-1,117,100,50,-1,44,133,42,-1,42,133,134,-1,134,133,135,-1,135,133,136,-1,135,136,137,-1,137,136,138,-1,138,136,139,-1,138,139,140,-1,140,139,141,-1,141,139,142,-1,141,142,143,-1,144,145,146,-1,146,145,147,-1,146,147,142,-1,142,147,148,-1,142,148,143,-1,146,149,144,-1,144,149,46,-1,144,46,48,-1,99,54,79,-1,99,79,150,-1,150,79,80,-1,150,80,151,-1,151,80,93,-1,151,93,152,-1,152,93,95,-1,152,95,153,-1,153,95,97,-1,153,97,154,-1,154,97,155,-1,155,97,96,-1,155,96,156,-1,156,96,94,-1,156,94,157,-1,157,94,78,-1,157,78,158,-1,158,78,77,-1,158,77,159,-1,159,77,72,-1,159,72,102,-1,48,99,144,-1,144,99,150,-1,144,150,145,-1,145,150,151,-1,145,151,147,-1,147,151,152,-1,147,152,148,-1,148,152,153,-1,148,153,143,-1,143,153,154,-1,143,154,141,-1,141,154,155,-1,141,155,140,-1,140,155,156,-1,140,156,138,-1,138,156,157,-1,138,157,137,-1,137,157,158,-1,137,158,135,-1,135,158,159,-1,135,159,134,-1,134,159,102,-1,134,102,42,-1,42,102,40,-1,35,160,37,-1,37,160,161,-1,161,160,162,-1,162,160,163,-1,162,163,164,-1,164,163,165,-1,165,163,166,-1,165,166,167,-1,167,166,168,-1,168,166,169,-1,168,169,170,-1,171,172,173,-1,173,172,174,-1,173,174,169,-1,169,174,175,-1,169,175,170,-1,173,176,171,-1,171,176,53,-1,171,53,51,-1,101,56,66,-1,101,66,177,-1,177,66,60,-1,177,60,178,-1,178,60,59,-1,178,59,179,-1,179,59,83,-1,179,83,180,-1,180,83,84,-1,180,84,181,-1,181,84,182,-1,182,84,82,-1,182,82,183,-1,183,82,81,-1,183,81,184,-1,184,81,61,-1,184,61,185,-1,185,61,65,-1,185,65,186,-1,186,65,58,-1,186,58,104,-1,51,101,171,-1,171,101,177,-1,171,177,172,-1,172,177,178,-1,172,178,174,-1,174,178,179,-1,174,179,175,-1,175,179,180,-1,175,180,170,-1,170,180,181,-1,170,181,168,-1,168,181,182,-1,168,182,167,-1,167,182,183,-1,167,183,165,-1,165,183,184,-1,165,184,164,-1,164,184,185,-1,164,185,162,-1,162,185,186,-1,162,186,161,-1,161,186,104,-1,161,104,37,-1,37,104,39,-1,105,57,187,-1,187,57,74,-1,187,74,188,-1,188,74,63,-1,188,63,189,-1,189,63,62,-1,189,62,190,-1,190,62,87,-1,190,87,191,-1,191,87,88,-1,191,88,192,-1,192,88,193,-1,193,88,86,-1,193,86,194,-1,194,86,85,-1,194,85,195,-1,195,85,64,-1,195,64,196,-1,64,73,196,-1,196,73,55,-1,196,55,98,-1,197,36,38,-1,197,38,198,-1,38,105,198,-1,198,105,187,-1,198,187,199,-1,199,187,188,-1,199,188,200,-1,188,189,200,-1,200,189,190,-1,200,190,201,-1,201,190,191,-1,201,191,202,-1,202,191,192,-1,202,192,203,-1,203,192,193,-1,203,193,204,-1,204,193,194,-1,204,194,205,-1,205,194,195,-1,205,195,206,-1,206,195,196,-1,206,196,207,-1,207,196,98,-1,207,98,49,-1,47,208,49,-1,49,208,207,-1,207,208,206,-1,206,208,209,-1,206,209,205,-1,205,209,204,-1,204,209,210,-1,204,210,203,-1,203,210,202,-1,202,210,211,-1,202,211,201,-1,201,211,200,-1,200,211,212,-1,200,212,199,-1,199,212,198,-1,198,212,213,-1,198,213,197,-1,197,213,34,-1,197,34,36,-1,214,215,216,-1,216,215,217,-1,218,219,214,-1,214,219,215,-1,220,221,218,-1,218,221,219,-1,222,223,220,-1,220,223,221,-1,224,225,222,-1,222,225,223,-1,226,227,224,-1,224,227,225,-1,228,229,226,-1,226,229,227,-1,229,228,230,-1,230,228,231,-1,230,231,232,-1,232,231,233,-1,232,233,234,-1,234,233,235,-1,234,235,236,-1,236,235,237,-1,236,237,238,-1,238,237,239,-1,238,239,240,-1,240,239,241,-1,215,225,227,-1,219,221,215,-1,215,221,223,-1,215,223,225,-1,227,229,215,-1,215,229,230,-1,215,230,217,-1,217,230,232,-1,232,234,217,-1,217,234,236,-1,217,236,242,-1,240,243,244,-1,236,238,242,-1,242,238,240,-1,242,240,245,-1,245,240,244,-1,220,218,222,-1,222,218,214,-1,222,214,224,-1,224,214,228,-1,224,228,226,-1,246,247,241,-1,237,235,216,-1,216,235,233,-1,216,233,214,-1,214,233,231,-1,214,231,228,-1,237,216,239,-1,239,216,248,-1,239,248,241,-1,241,248,249,-1,241,249,246,-1,243,240,247,-1,247,240,241,-1,248,216,242,-1,242,216,217,-1,250,251,252,-1,252,251,253,-1,252,253,254,-1,254,253,255,-1,256,257,258,-1,258,257,259,-1,258,259,260,-1,260,259,261,-1,262,263,264,-1,264,263,265,-1,264,265,266,-1,267,268,269,-1,269,268,270,-1,269,270,271,-1,272,273,274,-1,275,276,277,-1,278,274,277,-1,277,274,273,-1,277,273,275,-1,279,280,281,-1,274,282,272,-1,272,282,283,-1,272,283,284,-1,285,286,287,-1,287,286,288,-1,278,289,274,-1,274,289,288,-1,274,288,290,-1,290,288,286,-1,282,291,283,-1,283,291,281,-1,283,281,292,-1,292,281,280,-1,293,294,295,-1,284,296,272,-1,272,296,295,-1,272,295,297,-1,297,295,294,-1,298,299,300,-1,300,299,301,-1,300,301,302,-1,302,301,303,-1,302,303,276,-1,276,303,304,-1,276,304,277,-1,285,287,305,-1,305,287,306,-1,305,306,307,-1,281,308,279,-1,279,308,309,-1,279,309,310,-1,310,309,311,-1,295,312,293,-1,293,312,313,-1,293,313,314,-1,314,313,315,-1,284,283,316,-1,316,283,317,-1,316,317,263,-1,263,317,265,-1,278,277,318,-1,318,277,319,-1,318,319,268,-1,268,319,270,-1,320,282,261,-1,261,282,274,-1,261,274,260,-1,260,274,321,-1,255,322,273,-1,255,273,254,-1,254,273,272,-1,254,272,323,-1,321,274,324,-1,324,274,290,-1,324,290,325,-1,325,290,286,-1,325,286,326,-1,326,286,285,-1,326,285,327,-1,327,285,305,-1,327,305,328,-1,328,305,307,-1,328,307,329,-1,329,307,330,-1,330,307,306,-1,330,306,331,-1,331,306,287,-1,331,287,332,-1,332,287,288,-1,332,288,333,-1,288,289,333,-1,333,289,278,-1,333,278,318,-1,268,267,334,-1,334,267,335,-1,334,335,336,-1,336,335,337,-1,337,335,338,-1,337,338,339,-1,339,338,340,-1,340,338,341,-1,340,341,342,-1,342,341,343,-1,342,343,344,-1,344,343,345,-1,344,345,346,-1,346,345,256,-1,346,256,258,-1,258,260,346,-1,346,260,321,-1,321,324,346,-1,346,324,325,-1,346,325,344,-1,325,326,344,-1,344,326,327,-1,344,327,342,-1,327,328,342,-1,342,328,329,-1,342,329,340,-1,340,329,330,-1,340,330,339,-1,339,330,331,-1,339,331,337,-1,337,331,332,-1,337,332,336,-1,336,332,333,-1,336,333,334,-1,334,333,318,-1,334,318,268,-1,347,259,257,-1,347,257,348,-1,348,257,349,-1,348,349,350,-1,350,349,351,-1,351,349,352,-1,351,352,353,-1,353,352,354,-1,354,352,355,-1,354,355,356,-1,356,355,357,-1,356,357,358,-1,358,357,359,-1,359,357,360,-1,359,360,361,-1,361,360,362,-1,362,360,266,-1,362,266,265,-1,363,317,283,-1,363,283,364,-1,283,292,364,-1,364,292,280,-1,364,280,365,-1,365,280,366,-1,280,279,366,-1,366,279,310,-1,366,310,367,-1,367,310,368,-1,368,310,311,-1,368,311,369,-1,369,311,309,-1,369,309,370,-1,370,309,308,-1,370,308,371,-1,371,308,281,-1,371,281,372,-1,372,281,291,-1,372,291,373,-1,373,291,282,-1,373,282,320,-1,320,261,259,-1,320,259,373,-1,373,259,347,-1,373,347,372,-1,372,347,348,-1,372,348,371,-1,371,348,350,-1,371,350,370,-1,370,350,351,-1,370,351,369,-1,369,351,353,-1,369,353,368,-1,368,353,354,-1,368,354,367,-1,367,354,356,-1,367,356,366,-1,366,356,358,-1,366,358,365,-1,365,358,359,-1,365,359,364,-1,364,359,361,-1,364,361,363,-1,361,362,363,-1,363,362,265,-1,363,265,317,-1,253,251,374,-1,253,374,375,-1,375,374,376,-1,375,376,377,-1,377,376,378,-1,377,378,379,-1,379,378,380,-1,380,378,381,-1,380,381,382,-1,382,381,383,-1,383,381,384,-1,383,384,385,-1,385,384,386,-1,386,384,271,-1,386,271,270,-1,319,277,304,-1,319,304,387,-1,387,304,303,-1,387,303,388,-1,388,303,301,-1,388,301,389,-1,389,301,299,-1,389,299,390,-1,390,299,298,-1,390,298,391,-1,391,298,392,-1,392,298,300,-1,392,300,393,-1,393,300,302,-1,393,302,394,-1,394,302,276,-1,394,276,395,-1,395,276,275,-1,395,275,396,-1,396,275,273,-1,396,273,322,-1,377,395,375,-1,375,395,396,-1,375,396,253,-1,253,396,322,-1,253,322,255,-1,379,393,377,-1,377,393,394,-1,377,394,395,-1,270,319,386,-1,386,319,387,-1,386,387,385,-1,385,387,388,-1,385,388,383,-1,383,388,389,-1,383,389,382,-1,382,389,390,-1,382,390,380,-1,380,390,391,-1,380,391,379,-1,379,391,392,-1,379,392,393,-1,323,272,397,-1,397,272,297,-1,397,297,398,-1,398,297,294,-1,398,294,399,-1,399,294,293,-1,399,293,400,-1,400,293,314,-1,400,314,401,-1,401,314,315,-1,401,315,402,-1,402,315,403,-1,403,315,313,-1,403,313,404,-1,404,313,312,-1,404,312,405,-1,405,312,295,-1,405,295,406,-1,295,296,406,-1,406,296,284,-1,406,284,316,-1,252,254,407,-1,407,254,323,-1,323,397,407,-1,407,397,398,-1,407,398,408,-1,398,399,408,-1,408,399,400,-1,408,400,409,-1,400,401,409,-1,409,401,402,-1,409,402,410,-1,410,402,403,-1,410,403,411,-1,411,403,404,-1,411,404,412,-1,412,404,405,-1,412,405,413,-1,413,405,406,-1,413,406,414,-1,414,406,316,-1,414,316,263,-1,263,262,414,-1,414,262,415,-1,414,415,413,-1,413,415,412,-1,412,415,416,-1,412,416,411,-1,411,416,410,-1,410,416,417,-1,410,417,409,-1,409,417,418,-1,409,418,408,-1,408,418,419,-1,408,419,407,-1,407,419,250,-1,407,250,252,-1,
        ]
    }
}