#VRML V2.0 utf8
# 3D model generated by easyeda2kicad.py (https://github.com/uPesy/easyeda2kicad.py)

Shape{
    appearance Appearance {
        material  Material 	{
            diffuseColor 0.25098039215686274 0.25098039215686274 0.25098039215686274
            specularColor 0.12549019607843137 0.12549019607843137 0.12549019607843137
            ambientIntensity 0.251
            transparency 0.0
            shininess 0.5
        }
    }
    geometry IndexedFaceSet {
        ccw TRUE
        solid FALSE
        coord DEF co Coordinate {
            point [
                -1.1644 -3.8351 2.4606, -1.2264 -3.8351 2.4606, -1.1644 -3.8351 1.2384, -1.2264 -3.8351 1.1614, -0.331 -3.8351 1.2384, -0.2421 -3.8351 1.1614, -0.331 -3.8351 2.4606, -0.2421 -3.8351 2.4606, 0.8162 -3.8351 2.4606, 0.7421 -3.8351 2.4606, 0.8162 -3.8351 1.2384, 0.7421 -3.8351 1.1614, 1.6442 -3.8351 1.2384, 1.7264 -3.8351 1.1614, 1.6442 -3.8351 2.4606, 1.7264 -3.8351 2.4606, -2.5059 -2.393 1.2205, -2.5059 -1.9727 1.2205, -2.5059 -1.9727 0.9843, -2.5059 -4.1378 0.0984, -2.5059 -4.2559 1.2795, -2.5059 -3.4685 0.0984, -2.5059 -3.4685 0.8543, -2.5059 -4.2559 2.0669, -2.5059 -2.5277 2.0669, -2.5059 -1.7362 0.9843, -2.5059 0.4685 0.8543, -2.5059 -1.0278 0.9843, -2.5059 -1.2638 0.9843, -2.5059 -1.2638 1.2205, -2.5059 -1.7362 1.2205, -2.5059 -1.2638 1.7913, -2.5059 -1.7362 1.7913, -2.5059 -1.0278 1.2205, -2.5059 -0.6109 1.2205, -2.5059 -0.4804 2.0669, -2.5059 1.1378 0.0984, -2.5059 0.4685 0.0984, -2.5059 1.2559 1.2795, -2.5059 1.2559 2.0669, -2.8209 -2.5277 2.0669, -2.8209 -4.2559 2.0669, -2.8209 -2.5277 2.4606, -2.8209 -4.2559 2.4606, 3.0059 -0.0402 2.0669, 3.0059 -0.0402 1.2795, 3.0059 0.6654 0.0, 3.0059 1.2559 2.0669, 3.0059 1.2559 2.0709, 3.0059 0.6654 2.0669, 3.0059 -0.4804 2.0709, 3.0059 -1.0278 0.9843, 3.0059 -2.1693 0.0984, 3.0059 -1.0278 0.437, 3.0059 -0.8307 0.0984, 3.0059 -0.7383 0.437, 3.0059 -2.2622 0.437, 3.0059 -2.763 1.2795, 3.0059 -2.9598 1.2795, 3.0059 -0.237 2.0669, 3.0059 -0.4804 2.0669, 3.0059 -0.237 1.2795, 3.0059 -0.8307 0.0, 3.0059 -1.2641 0.9843, 3.0059 -1.9727 0.437, 3.0059 -1.9727 0.9843, 3.0059 -1.7365 0.9843, 3.0059 -1.7365 1.2205, 3.0059 -1.2641 1.2205, 3.0059 -1.7365 1.7953, 3.0059 -1.2641 1.7953, 3.0059 -2.763 2.0669, 3.0059 -2.9598 2.0669, 3.0059 -3.6654 2.0669, 3.0059 -3.6654 0.0, 3.0059 -2.1693 0.0, 3.0059 -4.2559 2.0669, 3.0059 -4.2559 2.0709, 3.0059 -2.5277 2.0709, 3.0059 -2.5277 2.0685, 3.3209 -4.2559 2.4606, 3.3209 -4.2559 2.0709, 3.3209 -2.5277 2.4606, 3.3209 -2.5277 2.0709, 3.3209 1.2559 2.0709, 3.3209 1.2559 2.4606, 3.3209 -0.4804 2.0709, 3.3209 -0.4804 2.4606, -2.0335 0.9409 2.4606, -2.0335 1.2559 2.4606, -2.8209 1.2559 2.4606, 2.5335 0.9409 2.4606, 1.7264 0.9409 2.4606, 1.7264 0.8351 2.4606, 2.5335 1.2559 2.4606, -2.1909 -3.4685 2.4606, -2.1909 -2.5277 2.4606, -2.0335 -4.2559 2.4606, -2.0335 -3.9409 2.4606, -0.2421 0.8351 2.4606, -1.2264 0.8351 2.4606, -2.1909 0.4685 2.4606, -1.0098 0.4685 2.4606, 0.7421 0.8351 2.4606, -0.2421 0.9409 2.4606, 0.7421 0.9409 2.4606, -2.8209 -0.4804 2.4606, -2.1909 -0.4804 2.4606, -1.2264 0.9409 2.4606, -1.0098 -3.4685 2.4606, -1.2264 -3.9409 2.4606, 2.5335 -4.2559 2.4606, 2.5335 -3.9409 2.4606, -0.2421 -3.9409 2.4606, 0.7421 -3.9409 2.4606, 1.7264 -3.9409 2.4606, 2.6122 -2.5277 2.4606, 2.6122 -0.4804 2.4606, -0.8394 -3.4685 0.0984, 2.5335 -3.9409 0.0984, -2.0335 -3.9409 0.0984, -2.0335 -4.1378 0.0984, -2.0335 1.1378 0.0984, -2.0335 0.9409 0.0984, -0.8394 0.4685 0.0984, 2.5335 0.9409 0.0984, 0.9193 0.6654 0.0984, 2.5335 1.1378 0.0984, 2.8878 1.1378 0.0984, 2.8878 0.6654 0.0984, -0.5491 -0.5551 0.0984, -0.8394 -0.5551 0.0984, -0.4981 -2.4382 0.0984, -0.4507 -2.4185 0.0984, 0.9193 -3.6654 0.0984, -0.8394 -2.4449 0.0984, -0.5491 -2.4449 0.0984, 2.8878 -3.6654 0.0984, 2.5335 -4.1378 0.0984, 2.8878 -4.1378 0.0984, 1.313 -0.8307 0.0984, 1.313 -2.1693 0.0984, -0.4099 -2.3872 0.0984, -0.3786 -2.3465 0.0984, 0.9193 -2.563 0.0984, -0.3786 -0.6535 0.0984, -0.3589 -0.701 0.0984, 0.9193 -0.437 0.0984, 1.0177 -1.5 0.0984, 0.997 -1.323 0.0984, -0.3589 -2.299 0.0984, 0.2054 -2.2664 0.0984, 0.3833 -2.2561 0.0984, 0.5541 -0.7951 0.0984, 0.3833 -0.7439 0.0984, 0.2054 -0.7336 0.0984, 0.0298 -0.7645 0.0984, -0.1339 -0.8351 0.0984, -0.4099 -0.6128 0.0984, -0.4507 -0.5815 0.0984, -0.4981 -0.5618 0.0984, 0.5541 -2.2049 0.0984, 0.7084 -2.1158 0.0984, 0.8381 -1.9935 0.0984, 0.9361 -1.8446 0.0984, 0.997 -1.677 0.0984, -0.2768 -2.0584 0.0984, -0.3522 -2.1652 0.0984, -0.3575 -2.12 0.0984, -0.3522 -2.248 0.0984, -0.1339 -2.1649 0.0984, 0.0298 -2.2355 0.0984, -0.3729 -2.0773 0.0984, -0.3978 -2.0393 0.0984, -0.3914 -1.9219 0.0984, -0.4662 -1.9444 0.0984, -0.4714 -1.7626 0.0984, -0.3729 -0.9227 0.0984, -0.3575 -0.88 0.0984, -0.2768 -0.9416 0.0984, -0.3522 -0.8348 0.0984, -0.3522 -0.752 0.0984, 0.9361 -1.1554 0.0984, 0.8381 -1.0065 0.0984, 0.7084 -0.8842 0.0984, -0.4714 -1.2374 0.0984, -0.5208 -1.159 0.0984, -0.3914 -1.0781 0.0984, -0.4662 -1.0556 0.0984, -0.3978 -0.9607 0.0984, -0.5208 -1.841 0.0984, -0.5606 -1.7311 0.0984, -0.5125 -1.5891 0.0984, -0.5848 -1.6167 0.0984, -0.5177 -1.5 0.0984, -0.5929 -1.5 0.0984, -0.5125 -1.4109 0.0984, -0.5848 -1.3833 0.0984, -0.5606 -1.2689 0.0984, -2.8209 1.2559 2.0669, -2.0335 1.2559 1.2795, -2.0335 -4.2559 1.2795, -2.8209 -0.4804 2.0669, 2.8878 1.2559 1.2795, 2.5335 1.2559 1.2795, 2.8878 1.2559 2.0669, 2.5335 -4.2559 1.2795, 2.8878 -4.2559 1.2795, 2.8878 -4.2559 2.0669, -1.2264 0.9409 1.1614, -0.2421 0.9409 1.1614, 1.7264 0.9409 1.1614, 0.7421 0.9409 1.1614, 0.7421 -3.9409 1.1614, 1.7264 -3.9409 1.1614, -1.2264 -3.9409 1.1614, -0.2421 -3.9409 1.1614, 1.0125 -1.5891 -0.9132, 0.9714 -1.7626 -0.9132, 0.997 -1.677 -0.9132, 0.8914 -1.9219 -0.9132, 0.9361 -1.8446 -0.9132, 0.7768 -2.0584 -0.9132, 0.8381 -1.9935 -0.9132, 0.6339 -2.1649 -0.9132, 0.7084 -2.1158 -0.9132, 0.4702 -2.2355 -0.9132, 0.5541 -2.2049 -0.9132, 0.2946 -2.2664 -0.9132, 0.3833 -2.2561 -0.9132, 0.1167 -2.2561 -0.9132, 0.2054 -2.2664 -0.9132, -0.0541 -2.2049 -0.9132, 0.0298 -2.2355 -0.9132, -0.2084 -2.1158 -0.9132, -0.1339 -2.1649 -0.9132, -0.3381 -1.9935 -0.9132, -0.2768 -2.0584 -0.9132, -0.4361 -1.8446 -0.9132, -0.3914 -1.9219 -0.9132, -0.497 -1.677 -0.9132, -0.4714 -1.7626 -0.9132, -0.497 -1.323 -0.9132, -0.5125 -1.4109 -0.9132, -0.5177 -1.5 -0.9132, -0.5125 -1.5891 -0.9132, -0.4361 -1.1554 -0.9132, -0.4714 -1.2374 -0.9132, -0.3381 -1.0065 -0.9132, -0.3914 -1.0781 -0.9132, -0.2084 -0.8842 -0.9132, -0.2768 -0.9416 -0.9132, -0.0541 -0.7951 -0.9132, -0.1339 -0.8351 -0.9132, 0.1167 -0.7439 -0.9132, 0.0298 -0.7645 -0.9132, 0.2946 -0.7336 -0.9132, 0.2054 -0.7336 -0.9132, 0.4702 -0.7645 -0.9132, 0.3833 -0.7439 -0.9132, 0.6339 -0.8351 -0.9132, 0.5541 -0.7951 -0.9132, 0.7768 -0.9416 -0.9132, 0.7084 -0.8842 -0.9132, 0.8914 -1.0781 -0.9132, 0.8381 -1.0065 -0.9132, 0.9714 -1.2374 -0.9132, 0.9361 -1.1554 -0.9132, 1.0177 -1.5 -0.9132, 1.0125 -1.4109 -0.9132, 0.997 -1.323 -0.9132, -0.3359 -1.5 -1.1417, -0.3265 -1.3954 -1.1417, 0.25 -1.5 -1.1417, -0.3265 -1.6046 -1.1417, -0.1912 -1.8855 -1.1417, -0.2529 -1.8005 -1.1417, -0.2985 -1.7059 -1.1417, 0.069 -2.0572 -1.1417, -0.0276 -2.0159 -1.1417, -0.1153 -1.9581 -1.1417, 0.3804 -2.0712 -1.1417, 0.2763 -2.0853 -1.1417, 0.1714 -2.0806 -1.1417, 0.6549 -1.9235 -1.1417, 0.5728 -1.989 -1.1417, 0.4803 -2.0387 -1.1417, 0.8148 -1.6559 -1.1417, 0.7779 -1.7542 -1.1417, 0.724 -1.8444 -1.1417, 0.8148 -1.3441 -1.1417, 0.8335 -1.4475 -1.1417, 0.8335 -1.5525 -1.1417, 0.6549 -1.0765 -1.1417, 0.724 -1.1556 -1.1417, 0.7779 -1.2458 -1.1417, 0.3804 -0.9288 -1.1417, 0.4803 -0.9613 -1.1417, 0.5728 -1.011 -1.1417, 0.069 -0.9428 -1.1417, 0.1714 -0.9194 -1.1417, 0.2763 -0.9147 -1.1417, -0.1912 -1.1145 -1.1417, -0.1153 -1.0419 -1.1417, -0.0276 -0.9841 -1.1417, -0.2985 -1.2941 -1.1417, -0.2529 -1.1995 -1.1417, 2.8878 0.6654 2.0669, 0.9193 0.6654 0.0, 0.9193 -3.6654 0.0, 2.8878 -3.6654 2.0669, 0.9193 -2.563 0.0, 1.313 -2.1693 0.0, 1.9329 -2.1693 0.0591, 1.9329 -2.1693 0.0, 2.5671 -2.1693 0.0, 2.5671 -2.1693 0.0591, 2.6494 -3.4558 0.0, 2.6534 -3.4864 0.0, 2.6652 -3.5149 0.0, 2.6839 -3.5393 0.0, 2.7084 -3.5581 0.0, 2.7369 -3.5699 0.0, 2.7675 -3.5739 0.0, 2.798 -3.5699 0.0, 2.8265 -3.5581 0.0, 2.6391 -2.2581 0.0, 2.851 -3.5393 0.0, 2.8698 -3.5149 0.0, 2.8816 -3.4864 0.0, 2.8856 -3.4558 0.0, 2.8816 -3.4252 0.0, 2.8698 -3.3968 0.0, 2.851 -3.3723 0.0, 2.6636 -2.6971 0.0, 2.7675 -3.3377 0.0, 2.6019 -2.7934 0.0, 2.7369 -3.3417 0.0, 2.5183 -2.8714 0.0, 2.8265 -3.3535 0.0, 2.798 -3.3417 0.0, 2.6995 -2.5886 0.0, 2.7075 -2.4745 0.0, 2.6869 -2.362 0.0, 2.418 -2.9263 0.0, 2.7084 -3.3535 0.0, 2.3072 -2.9546 0.0, 2.6839 -3.3723 0.0, 2.1928 -2.9546 0.0, 1.8609 -2.2581 0.0, 1.8131 -2.362 0.0, 1.7925 -2.4745 0.0, 1.8005 -2.5886 0.0, 1.8364 -2.6971 0.0, 1.8981 -2.7934 0.0, 1.9817 -2.8714 0.0, 2.6534 -3.4252 0.0, 2.6652 -3.3968 0.0, 2.082 -2.9263 0.0, 1.313 -0.8307 0.0, 0.9193 -0.437 0.0, 0.9193 -0.3171 0.0, 0.9193 -0.3171 0.0591, 0.9193 0.3171 0.0591, 0.9193 0.3171 0.0, 2.7369 0.3031 0.0, 2.7675 0.2991 0.0, 1.6214 -0.2683 0.0, 1.6763 -0.168 0.0, 2.6652 0.3581 0.0, 2.798 0.3031 0.0, 2.8265 0.3149 0.0, 2.851 0.3337 0.0, 1.6214 0.2683 0.0, 2.6494 0.4172 0.0, 1.6763 0.168 0.0, 2.6534 0.3866 0.0, 1.7046 0.0572 0.0, 1.7046 -0.0572 0.0, 1.112 -0.4369 0.0, 1.0081 -0.3891 0.0, 1.2245 -0.4575 0.0, 1.3386 -0.4495 0.0, 1.4471 -0.4136 0.0, 2.8698 0.3581 0.0, 2.8816 0.3866 0.0, 2.8856 0.4172 0.0, 2.8816 0.4478 0.0, 2.8698 0.4763 0.0, 2.6534 0.4478 0.0, 2.6652 0.4763 0.0, 2.6839 0.5007 0.0, 2.7084 0.3149 0.0, 2.6839 0.3337 0.0, 1.5434 -0.3519 0.0, 2.851 0.5007 0.0, 2.8265 0.5195 0.0, 2.798 0.5313 0.0, 2.7675 0.5353 0.0, 2.7369 0.5313 0.0, 2.7084 0.5195 0.0, 1.0081 0.3891 0.0, 1.112 0.4369 0.0, 1.5434 0.3519 0.0, 1.4471 0.4136 0.0, 1.3386 0.4495 0.0, 1.2245 0.4575 0.0, 1.5434 -0.3519 0.0591, 1.4471 -0.4136 0.0591, 1.0081 0.3891 0.0591, 1.3386 -0.4495 0.0591, 1.2245 -0.4575 0.0591, 1.0081 -0.3891 0.0591, 1.112 -0.4369 0.0591, 1.112 0.4369 0.0591, 1.2245 0.4575 0.0591, 1.6763 0.168 0.0591, 1.3386 0.4495 0.0591, 1.7046 0.0572 0.0591, 1.7046 -0.0572 0.0591, 1.6763 -0.168 0.0591, 1.6214 -0.2683 0.0591, 1.4471 0.4136 0.0591, 1.5434 0.3519 0.0591, 1.6214 0.2683 0.0591, 2.6869 -2.362 0.0591, 1.8005 -2.5886 0.0591, 1.7925 -2.4745 0.0591, 1.8609 -2.2581 0.0591, 2.082 -2.9263 0.0591, 1.9817 -2.8714 0.0591, 2.6995 -2.5886 0.0591, 1.8981 -2.7934 0.0591, 1.8131 -2.362 0.0591, 2.6391 -2.2581 0.0591, 2.6636 -2.6971 0.0591, 2.6019 -2.7934 0.0591, 2.5183 -2.8714 0.0591, 2.418 -2.9263 0.0591, 2.3072 -2.9546 0.0591, 2.1928 -2.9546 0.0591, 2.7075 -2.4745 0.0591, 1.8364 -2.6971 0.0591, 2.8816 -3.4252 -0.0394, 2.8698 -3.3968 -0.0394, 2.851 -3.3723 -0.0394, 2.8265 -3.3535 -0.0394, 2.798 -3.3417 -0.0394, 2.7675 -3.3377 -0.0394, 2.7369 -3.3417 -0.0394, 2.7084 -3.3535 -0.0394, 2.6839 -3.3723 -0.0394, 2.6652 -3.3968 -0.0394, 2.6534 -3.4252 -0.0394, 2.6494 -3.4558 -0.0394, 2.6534 -3.4864 -0.0394, 2.6652 -3.5149 -0.0394, 2.6839 -3.5393 -0.0394, 2.7084 -3.5581 -0.0394, 2.7369 -3.5699 -0.0394, 2.7675 -3.5739 -0.0394, 2.798 -3.5699 -0.0394, 2.8265 -3.5581 -0.0394, 2.851 -3.5393 -0.0394, 2.8698 -3.5149 -0.0394, 2.8816 -3.4864 -0.0394, 2.8856 -3.4558 -0.0394, 2.7675 -3.4558 -0.0394, 2.8816 0.4478 -0.0394, 2.8698 0.4763 -0.0394, 2.851 0.5007 -0.0394, 2.8265 0.5195 -0.0394, 2.798 0.5313 -0.0394, 2.7675 0.5353 -0.0394, 2.7369 0.5313 -0.0394, 2.7084 0.5195 -0.0394, 2.6839 0.5007 -0.0394, 2.6652 0.4763 -0.0394, 2.6534 0.4478 -0.0394, 2.6494 0.4172 -0.0394, 2.6534 0.3866 -0.0394, 2.6652 0.3581 -0.0394, 2.6839 0.3337 -0.0394, 2.7084 0.3149 -0.0394, 2.7369 0.3031 -0.0394, 2.7675 0.2991 -0.0394, 2.798 0.3031 -0.0394, 2.8265 0.3149 -0.0394, 2.851 0.3337 -0.0394, 2.8698 0.3581 -0.0394, 2.8816 0.3866 -0.0394, 2.8856 0.4172 -0.0394, 2.7675 0.4172 -0.0394, -0.9114 -2.3465 1.2795, -0.5491 -2.3465 1.2795, -0.9114 -2.3465 0.3217, -0.5491 -2.3465 0.1969, -0.8394 -2.3465 0.1969, -0.4507 -2.248 1.1811, -0.4507 -2.1652 1.1811, -0.4507 -2.248 0.1969, -0.4507 -2.1652 0.1969, -0.4734 -0.8978 1.1811, -0.4734 -0.8978 0.1969, -0.5498 -1.0037 1.1811, -0.5498 -1.0037 0.1969, -0.576 -1.0532 1.1811, -0.576 -1.0532 0.1969, -0.6108 -1.1192 1.1811, -0.6108 -1.1192 0.1969, -0.6489 -1.2244 1.1811, -0.6489 -1.2244 0.1969, -0.6552 -1.242 1.1811, -0.6552 -1.242 0.1969, -0.6822 -1.3697 1.1811, -0.6822 -1.3697 0.1969, -0.6848 -1.4069 1.1811, -0.6848 -1.4069 0.1969, -0.6913 -1.5 1.1811, -0.6913 -1.5 0.1969, -0.6848 -1.5931 1.1811, -0.6848 -1.5931 0.1969, -0.6822 -1.6303 1.1811, -0.6822 -1.6303 0.1969, -0.6552 -1.758 1.1811, -0.6552 -1.758 0.1969, -0.6489 -1.7756 1.1811, -0.6489 -1.7756 0.1969, -0.6108 -1.8808 1.1811, -0.6108 -1.8808 0.1969, -0.576 -1.9468 1.1811, -0.576 -1.9468 0.1969, -0.5498 -1.9963 1.1811, -0.5498 -1.9963 0.1969, -0.4734 -2.1022 1.1811, -0.4734 -2.1022 0.1969, -0.4507 -0.752 0.1969, -0.4507 -0.8348 0.1969, -0.4507 -0.752 1.1811, -0.4507 -0.8348 1.1811, -0.8394 -0.6535 0.1969, -0.5491 -0.6535 0.1969, -0.9114 -0.6535 0.3217, -0.5491 -0.6535 1.2795, -0.9114 -0.6535 1.2795, -0.5491 -0.8348 1.2795, -0.6335 -0.9518 1.2795, -0.7008 -1.0793 1.2795, -0.7499 -1.215 1.2795, -0.7797 -1.3561 1.2795, -0.7897 -1.5 1.2795, -0.7797 -1.6439 1.2795, -0.7499 -1.785 1.2795, -0.5491 -2.1652 1.2795, -0.6335 -2.0482 1.2795, -0.7008 -1.9207 1.2795, -1.0098 -2.4449 0.3217, -1.0098 -3.4685 0.3217, -1.0098 -2.4449 1.378, -1.0098 -0.5551 1.378, -1.0098 -0.5551 0.3217, -1.0098 0.4685 0.3217, -2.1909 -1.2638 2.0669, -2.1909 -1.7362 2.0669, -2.1909 -1.2638 1.2205, -2.1909 -1.7362 1.2205, -2.1909 -0.6109 1.2205, -2.1909 0.4685 0.8543, -2.1909 -3.4685 0.8543, -2.1909 -2.393 1.2205, -2.1909 -2.5277 2.0669, -2.1909 -0.4804 2.0669, -0.8598 -3.4685 0.1006, -0.8794 -3.4685 0.1069, -0.8972 -3.4685 0.1172, -1.0065 -3.4685 0.2962, -0.9967 -3.4685 0.2724, -0.9246 -3.4685 0.1476, -0.9125 -3.4685 0.131, -0.8598 0.4685 0.1006, -0.8794 0.4685 0.1069, -0.9125 0.4685 0.131, -0.9246 0.4685 0.1476, -0.9967 0.4685 0.2724, -1.0065 0.4685 0.2962, -0.8972 0.4685 0.1172, -0.9967 -0.5551 0.2724, -0.9246 -0.5551 0.1476, -0.9967 -2.4449 0.2724, -0.9246 -2.4449 0.1476, 0.8067 -1.9045 -1.0827, 0.826 -1.9833 -0.9723, 0.763 -1.9545 -1.0827, 0.8121 -1.998 -0.9723, 0.7256 -1.9974 -1.0827, 0.9354 -1.5617 -1.0827, 0.9816 -1.6734 -0.9723, 0.9167 -1.6644 -1.0827, 0.9797 -1.6798 -0.9723, 0.9134 -1.6831 -1.0827, 0.9565 -1.7572 -0.9723, 0.87 -1.7986 -1.0827, 0.9219 -1.8374 -0.9723, 0.8579 -1.8189 -1.0827, 0.9152 -1.8491 -0.9723, 0.8782 -1.9132 -0.9723, 0.766 -2.0469 -0.9723, 0.699 -2.1031 -0.9723, 0.6402 -2.0655 -1.0827, 0.6765 -2.1179 -0.9723, 0.6291 -2.0743 -1.0827, 0.6259 -2.1512 -0.9723, 0.5205 -2.1328 -1.0827, 0.5478 -2.1904 -0.9723, 0.4934 -2.1416 -1.0827, 0.5162 -2.2019 -0.9723, 0.4656 -2.2203 -0.9723, 0.4031 -2.1709 -1.0827, 0.3806 -2.2405 -0.9723, 0.3326 -2.1805 -1.0827, 0.3405 -2.2452 -0.9723, 0.2809 -2.1875 -1.0827, 0.2937 -2.2506 -0.9723, 0.2063 -2.2506 -0.9723, 0.1671 -2.1824 -1.0827, 0.1595 -2.2452 -0.9723, 0.1576 -2.1819 -1.0827, 0.1194 -2.2405 -0.9723, 0.0373 -2.1545 -1.0827, 0.0344 -2.2203 -0.9723, 0.0068 -2.1414 -1.0827, -0.0162 -2.2019 -0.9723, -0.0478 -2.1904 -0.9723, -0.0761 -2.106 -1.0827, -0.1259 -2.1512 -0.9723, -0.1395 -2.0642 -1.0827, -0.1765 -2.1179 -0.9723, -0.1791 -2.038 -1.0827, -0.199 -2.1031 -0.9723, -0.266 -2.0469 -0.9723, -0.2648 -1.956 -1.0827, -0.3121 -1.998 -0.9723, -0.2682 -1.9528 -1.0827, -0.326 -1.9833 -0.9723, -0.3408 -1.853 -1.0827, -0.3782 -1.9132 -0.9723, -0.3572 -1.8188 -1.0827, -0.4382 -1.5 -1.0827, -0.4271 -1.6229 -1.0827, -0.4968 -1.5873 -0.9723, -0.4152 -1.8491 -0.9723, -0.4219 -1.8374 -0.9723, -0.3943 -1.7418 -1.0827, -0.4565 -1.7572 -0.9723, -0.4157 -1.664 -1.0827, -0.4797 -1.6798 -0.9723, -0.4816 -1.6734 -0.9723, -0.3943 -1.2582 -1.0827, -0.4219 -1.1626 -0.9723, -0.3572 -1.1812 -1.0827, -0.4152 -1.1509 -0.9723, -0.3408 -1.147 -1.0827, -0.5019 -1.5 -0.9723, -0.4968 -1.4127 -0.9723, -0.4271 -1.3771 -1.0827, -0.4816 -1.3266 -0.9723, -0.4157 -1.336 -1.0827, -0.4797 -1.3202 -0.9723, -0.4565 -1.2428 -0.9723, -0.0761 -0.894 -1.0827, -0.0478 -0.8096 -0.9723, 0.0068 -0.8586 -1.0827, -0.0162 -0.7981 -0.9723, 0.0373 -0.8455 -1.0827, -0.3782 -1.0868 -0.9723, -0.326 -1.0167 -0.9723, -0.2682 -1.0472 -1.0827, -0.3121 -1.002 -0.9723, -0.2648 -1.044 -1.0827, -0.266 -0.9531 -0.9723, -0.1791 -0.962 -1.0827, -0.199 -0.8969 -0.9723, -0.1395 -0.9358 -1.0827, -0.1765 -0.8821 -0.9723, -0.1259 -0.8488 -0.9723, 0.4031 -0.8291 -1.0827, 0.4656 -0.7797 -0.9723, 0.4934 -0.8584 -1.0827, 0.5162 -0.7981 -0.9723, 0.5205 -0.8672 -1.0827, 0.0344 -0.7797 -0.9723, 0.1194 -0.7595 -0.9723, 0.1576 -0.8181 -1.0827, 0.1595 -0.7548 -0.9723, 0.1671 -0.8176 -1.0827, 0.2063 -0.7494 -0.9723, 0.2809 -0.8125 -1.0827, 0.2937 -0.7494 -0.9723, 0.3326 -0.8195 -1.0827, 0.3405 -0.7548 -0.9723, 0.3806 -0.7595 -0.9723, 0.5478 -0.8096 -0.9723, 0.6259 -0.8488 -0.9723, 0.6291 -0.9257 -1.0827, 0.6765 -0.8821 -0.9723, 0.6402 -0.9345 -1.0827, 0.699 -0.8969 -0.9723, 0.7256 -1.0026 -1.0827, 0.766 -0.9531 -0.9723, 0.763 -1.0455 -1.0827, 0.8121 -1.002 -0.9723, 0.826 -1.0167 -0.9723, 0.8067 -1.0955 -1.0827, 0.8782 -1.0868 -0.9723, 0.8579 -1.1811 -1.0827, 0.9152 -1.1509 -0.9723, 0.87 -1.2014 -1.0827, 0.9219 -1.1626 -0.9723, 0.9565 -1.2428 -0.9723, 0.9134 -1.3169 -1.0827, 0.9797 -1.3202 -0.9723, 0.9167 -1.3356 -1.0827, 0.9816 -1.3266 -0.9723, 0.9354 -1.4383 -1.0827, 0.9968 -1.4127 -0.9723, 0.9354 -1.5 -1.0827, 1.0019 -1.5 -0.9723, 0.9968 -1.5873 -0.9723, -0.206 -0.8874 -0.9438, 0.1174 -0.7479 -0.9438, 0.706 -2.1126 -0.9438, 0.3826 -2.2521 -0.9438, -0.4676 -1.7612 -0.9438, -0.4325 -1.8427 -0.9438, -0.3881 -1.9197 -0.9438, -0.335 -1.9909 -0.9438, -0.2741 -2.0555 -0.9438, -0.206 -2.1126 -0.9438, -0.1318 -2.1614 -0.9438, -0.0525 -2.2012 -0.9438, 0.031 -2.2316 -0.9438, 0.1174 -2.2521 -0.9438, 0.2056 -2.2624 -0.9438, 0.2944 -2.2624 -0.9438, 0.5525 -2.2012 -0.9438, 0.469 -2.2316 -0.9438, 0.6318 -2.1614 -0.9438, 0.835 -1.9909 -0.9438, 0.7741 -2.0555 -0.9438, 0.8881 -1.9197 -0.9438, 0.9325 -1.8427 -0.9438, 0.9676 -1.7612 -0.9438, 0.9931 -1.6761 -0.9438, 1.0085 -1.5887 -0.9438, 1.0137 -1.5 -0.9438, 1.0085 -1.4113 -0.9438, 0.9931 -1.3239 -0.9438, 0.9676 -1.2388 -0.9438, 0.9325 -1.1573 -0.9438, 0.8881 -1.0803 -0.9438, 0.835 -1.0091 -0.9438, 0.7741 -0.9445 -0.9438, 0.706 -0.8874 -0.9438, 0.6318 -0.8386 -0.9438, 0.5525 -0.7988 -0.9438, 0.469 -0.7684 -0.9438, 0.3826 -0.7479 -0.9438, 0.2944 -0.7376 -0.9438, 0.2056 -0.7376 -0.9438, -0.0525 -0.7988 -0.9438, 0.031 -0.7684 -0.9438, -0.1318 -0.8386 -0.9438, -0.335 -1.0091 -0.9438, -0.2741 -0.9445 -0.9438, -0.3881 -1.0803 -0.9438, -0.4325 -1.1573 -0.9438, -0.4676 -1.2388 -0.9438, -0.4931 -1.3239 -0.9438, -0.5085 -1.4113 -0.9438, -0.5137 -1.5 -0.9438, -0.5085 -1.5887 -0.9438, -0.4931 -1.6761 -0.9438, -0.1674 -0.9766 -1.1071, -0.0672 -0.9105 -1.1071, 0.28 -0.8313 -1.1071, 0.399 -0.8474 -1.1071, 0.7126 -1.0162 -1.1071, 0.7915 -1.1065 -1.1071, 0.9167 -1.44 -1.1071, 0.9167 -1.56 -1.1071, -0.2541 -1.9404 -1.1071, -0.3271 -1.7166 -1.1377, -0.3565 -1.6101 -1.1377, -0.3664 -1.5 -1.1377, -0.3565 -1.3899 -1.1377, -0.3271 -1.2834 -1.1377, -0.2792 -1.1838 -1.1377, -0.3538 -1.7266 -1.1259, -0.3846 -1.6152 -1.1259, -0.3949 -1.5 -1.1259, -0.3846 -1.3848 -1.1259, -0.3538 -1.2734 -1.1259, -0.3036 -1.1692 -1.1259, -0.3767 -1.7352 -1.1071, -0.4086 -1.6195 -1.1071, -0.1343 -1.982 -1.1377, -0.0421 -2.0428 -1.1377, -0.1521 -2.0042 -1.1259, -0.0556 -2.0679 -1.1259, -0.1674 -2.0234 -1.1071, -0.0672 -2.0895 -1.1071, 0.0595 -2.0863 -1.1377, 0.0507 -2.1134 -1.1259, 0.0431 -2.1366 -1.1071, 0.1673 -2.1109 -1.1377, 0.1634 -2.1391 -1.1259, 0.1601 -2.1633 -1.1071, 0.2777 -2.1158 -1.1377, 0.3872 -2.101 -1.1377, 0.2789 -2.1443 -1.1259, 0.3935 -2.1288 -1.1259, 0.28 -2.1687 -1.1071, 0.399 -2.1526 -1.1071, 0.4923 -2.0668 -1.1377, 0.5035 -2.093 -1.1259, 0.5131 -2.1155 -1.1071, 0.5896 -2.0145 -1.1377, 0.6053 -2.0382 -1.1259, 0.6188 -2.0587 -1.1071, 0.676 -1.9456 -1.1377, 0.7487 -1.8623 -1.1377, 0.6957 -1.9662 -1.1259, 0.7718 -1.8791 -1.1259, 0.7126 -1.9838 -1.1071, 0.7915 -1.8935 -1.1071, 0.8054 -1.7675 -1.1377, 0.8311 -1.7798 -1.1259, 0.8531 -1.7904 -1.1071, 0.8442 -1.664 -1.1377, 0.8717 -1.6716 -1.1259, 0.8953 -1.6781 -1.1071, 0.8054 -1.2325 -1.1377, 0.7487 -1.1377 -1.1377, 0.8311 -1.2202 -1.1259, 0.7718 -1.1209 -1.1259, 0.8531 -1.2096 -1.1071, 0.4923 -0.9332 -1.1377, 0.3872 -0.899 -1.1377, 0.5035 -0.907 -1.1259, 0.3935 -0.8712 -1.1259, 0.5131 -0.8845 -1.1071, 0.0595 -0.9137 -1.1377, -0.0421 -0.9572 -1.1377, 0.0507 -0.8866 -1.1259, -0.0556 -0.9321 -1.1259, 0.0431 -0.8634 -1.1071, -0.4194 -1.5 -1.1071, -0.4086 -1.3805 -1.1071, -0.3767 -1.2648 -1.1071, -0.3246 -1.1567 -1.1071, -0.3246 -1.8433 -1.1071, -0.3036 -1.8308 -1.1259, -0.2792 -1.8162 -1.1377, -0.2142 -1.9056 -1.1377, -0.2357 -1.9243 -1.1259, 0.8923 -1.5578 -1.1259, 0.864 -1.5553 -1.1377, 0.8923 -1.4422 -1.1259, 0.864 -1.4447 -1.1377, 0.8953 -1.3219 -1.1071, 0.8717 -1.3284 -1.1259, 0.8442 -1.336 -1.1377, 0.6957 -1.0338 -1.1259, 0.676 -1.0544 -1.1377, 0.6188 -0.9413 -1.1071, 0.6053 -0.9618 -1.1259, 0.5896 -0.9855 -1.1377, 0.2789 -0.8557 -1.1259, 0.2777 -0.8842 -1.1377, 0.1601 -0.8367 -1.1071, 0.1634 -0.8609 -1.1259, 0.1673 -0.8891 -1.1377, -0.1521 -0.9958 -1.1259, -0.1343 -1.018 -1.1377, -0.2541 -1.0596 -1.1071, -0.2357 -1.0757 -1.1259, -0.2142 -1.0944 -1.1377, -0.454 -0.8348 1.2066, -0.454 -0.7265 1.2066, -0.4638 -0.8348 1.2303, -0.4638 -0.7028 1.2303, -0.4795 -0.8348 1.2507, -0.4795 -0.6824 1.2507, -0.4892 -0.6739 1.2592, -0.4999 -0.8348 1.2663, -0.4999 -0.6667 1.2663, -0.5114 -0.661 1.272, -0.5236 -0.8348 1.2762, -0.5236 -0.6569 1.2762, -0.5362 -0.6544 1.2787, -0.4533 -0.8574 1.1811, -0.4533 -0.8574 0.1969, -0.461 -0.8788 1.1811, -0.461 -0.8788 0.1969, -0.4565 -0.8566 1.2066, -0.4661 -0.8544 1.2303, -0.4813 -0.8508 1.2507, -0.5012 -0.8461 1.2663, -0.5243 -0.8407 1.2762, -0.5263 -0.8462 1.2762, -0.505 -0.8568 1.2663, -0.4868 -0.8659 1.2507, -0.4728 -0.8729 1.2303, -0.464 -0.8773 1.2066, -0.5295 -0.8511 1.2762, -0.5113 -0.8663 1.2663, -0.4956 -0.8793 1.2507, -0.4836 -0.8893 1.2303, -0.476 -0.8956 1.2066, -0.5236 -0.6569 0.1969, -0.4999 -0.6667 0.1969, -0.4795 -0.6824 0.1969, -0.4638 -0.7028 0.1969, -0.454 -0.7265 0.1969, -0.4473 -0.752 0.1714, -0.4473 -0.8348 0.1714, -0.4375 -0.752 0.1476, -0.4375 -0.8348 0.1476, -0.4218 -0.752 0.1273, -0.4218 -0.8348 0.1273, -0.4014 -0.752 0.1116, -0.4014 -0.8348 0.1116, -0.3777 -0.752 0.1018, -0.3777 -0.8348 0.1018, -0.4709 -0.8999 0.1714, -0.458 -0.8802 0.1714, -0.4633 -0.9062 0.1476, -0.4492 -0.8846 0.1476, -0.4513 -0.9162 0.1273, -0.4352 -0.8916 0.1273, -0.4356 -0.9293 0.1116, -0.417 -0.9007 0.1116, -0.4174 -0.9445 0.1018, -0.3957 -0.9113 0.1018, -0.45 -0.8582 0.1714, -0.4404 -0.8604 0.1476, -0.4252 -0.864 0.1273, -0.4054 -0.8687 0.1116, -0.3823 -0.8741 0.1018, -0.5527 -1.0019 1.2066, -0.6139 -1.1178 1.2066, -0.6585 -1.241 1.2066, -0.6856 -1.3693 1.2066, -0.6946 -1.5 1.2066, -0.6856 -1.6307 1.2066, -0.6585 -1.759 1.2066, -0.6139 -1.8822 1.2066, -0.5527 -1.9981 1.2066, -0.476 -2.1044 1.2066, -0.4836 -2.1107 1.2303, -0.561 -2.0033 1.2303, -0.6229 -1.8862 1.2303, -0.6679 -1.7617 1.2303, -0.6953 -1.6321 1.2303, -0.7045 -1.5 1.2303, -0.6953 -1.3679 1.2303, -0.6679 -1.2383 1.2303, -0.6229 -1.1138 1.2303, -0.561 -0.9967 1.2303, -0.4956 -2.1207 1.2507, -0.5743 -2.0115 1.2507, -0.6372 -1.8925 1.2507, -0.683 -1.7659 1.2507, -0.7108 -1.6343 1.2507, -0.7201 -1.5 1.2507, -0.7108 -1.3657 1.2507, -0.683 -1.2341 1.2507, -0.6372 -1.1075 1.2507, -0.5743 -0.9885 1.2507, -0.5113 -2.1337 1.2663, -0.5916 -2.0223 1.2663, -0.6558 -1.9007 1.2663, -0.7026 -1.7715 1.2663, -0.731 -1.6371 1.2663, -0.7405 -1.5 1.2663, -0.731 -1.3629 1.2663, -0.7026 -1.2285 1.2663, -0.6558 -1.0993 1.2663, -0.5916 -0.9777 1.2663, -0.5295 -2.1489 1.2762, -0.6118 -2.0348 1.2762, -0.6775 -1.9104 1.2762, -0.7254 -1.778 1.2762, -0.7545 -1.6404 1.2762, -0.7642 -1.5 1.2762, -0.7545 -1.3596 1.2762, -0.7254 -1.222 1.2762, -0.6775 -1.0896 1.2762, -0.6118 -0.9652 1.2762, -0.4508 -0.7256 0.1714, -0.4413 -0.7231 0.1476, -0.4262 -0.719 0.1273, -0.4065 -0.7138 0.1116, -0.3835 -0.7076 0.1018, -0.4609 -0.7011 0.1714, -0.4524 -0.6962 0.1476, -0.4389 -0.6883 0.1273, -0.4212 -0.6781 0.1116, -0.4007 -0.6663 0.1018, -0.4771 -0.68 0.1714, -0.4702 -0.673 0.1476, -0.4591 -0.662 0.1273, -0.4447 -0.6476 0.1116, -0.4279 -0.6308 0.1018, -0.4982 -0.6638 0.1714, -0.4933 -0.6553 0.1476, -0.4855 -0.6418 0.1273, -0.4753 -0.6241 0.1116, -0.4634 -0.6036 0.1018, -0.5227 -0.6537 0.1714, -0.5202 -0.6442 0.1476, -0.5161 -0.6291 0.1273, -0.5109 -0.6094 0.1116, -0.5047 -0.5864 0.1018, -0.5491 -0.6502 0.1714, -0.5491 -0.6404 0.1476, -0.5491 -0.6247 0.1273, -0.5491 -0.6043 0.1116, -0.5491 -0.5806 0.1018, -0.6077 -1.8795 0.1714, -0.6879 -1.5 0.1714, -0.6077 -1.1205 0.1714, -0.4878 -1.0422 0.1018, -0.5441 -1.1487 0.1018, -0.508 -1.0296 0.1116, -0.5658 -1.1391 0.1116, -0.5253 -1.0189 0.1273, -0.5844 -1.1308 0.1273, -0.5386 -1.0106 0.1476, -0.5988 -1.1245 0.1476, -0.547 -1.0055 0.1714, -0.61 -1.3798 0.1018, -0.6183 -1.5 0.1018, -0.6335 -1.3765 0.1116, -0.6421 -1.5 0.1116, -0.6537 -1.3737 0.1273, -0.6625 -1.5 0.1273, -0.6692 -1.3716 0.1476, -0.6781 -1.5 0.1476, -0.6789 -1.3702 0.1714, -0.5851 -1.738 0.1018, -0.5441 -1.8513 0.1018, -0.6079 -1.7445 0.1116, -0.5658 -1.8609 0.1116, -0.6275 -1.7501 0.1273, -0.5844 -1.8692 0.1273, -0.6426 -1.7544 0.1476, -0.5988 -1.8755 0.1476, -0.652 -1.7571 0.1714, -0.652 -1.2429 0.1714, -0.6426 -1.2456 0.1476, -0.6275 -1.2499 0.1273, -0.6079 -1.2555 0.1116, -0.5851 -1.262 0.1018, -0.6789 -1.6298 0.1714, -0.6692 -1.6284 0.1476, -0.6537 -1.6263 0.1273, -0.6335 -1.6235 0.1116, -0.61 -1.6202 0.1018, -0.547 -1.9945 0.1714, -0.5386 -1.9894 0.1476, -0.5253 -1.9811 0.1273, -0.508 -1.9704 0.1116, -0.4878 -1.9578 0.1018, -0.4174 -2.0555 0.1018, -0.4356 -2.0707 0.1116, -0.4513 -2.0838 0.1273, -0.4633 -2.0938 0.1476, -0.4709 -2.1001 0.1714, -0.461 -2.1212 1.1811, -0.461 -2.1212 0.1969, -0.4533 -2.1426 1.1811, -0.4533 -2.1426 0.1969, -0.464 -2.1227 1.2066, -0.4728 -2.1271 1.2303, -0.4868 -2.1341 1.2507, -0.505 -2.1432 1.2663, -0.5263 -2.1538 1.2762, -0.5243 -2.1593 1.2762, -0.5012 -2.1539 1.2663, -0.4813 -2.1492 1.2507, -0.4661 -2.1456 1.2303, -0.4565 -2.1434 1.2066, -0.5236 -2.1652 1.2762, -0.4999 -2.1652 1.2663, -0.4795 -2.1652 1.2507, -0.4638 -2.1652 1.2303, -0.454 -2.1652 1.2066, -0.8394 -0.6512 0.1757, -0.8394 -0.6498 0.1715, -0.8394 -0.6441 0.1547, -0.8394 -0.6399 0.1479, -0.8394 -0.6324 0.1359, -0.8394 -0.6243 0.1277, -0.8394 -0.6168 0.1201, -0.8394 -0.604 0.1121, -0.8394 -0.5981 0.1083, -0.8394 -0.5771 0.1009, -0.8394 -0.5805 0.1021, -0.9166 -0.5551 0.1359, -0.9121 -0.5551 0.1314, -0.897 -0.5551 0.1176, -0.901 -0.5551 0.1201, -0.8598 -0.5551 0.1007, -0.8614 -0.5551 0.1009, -0.8793 -0.5551 0.1072, -0.8823 -0.5551 0.1083, -0.4473 -2.1652 0.1714, -0.45 -2.1418 0.1714, -0.4375 -2.1652 0.1476, -0.4404 -2.1396 0.1476, -0.4218 -2.1652 0.1273, -0.4252 -2.136 0.1273, -0.4014 -2.1652 0.1116, -0.4054 -2.1313 0.1116, -0.3777 -2.1652 0.1018, -0.3823 -2.1259 0.1018, -0.458 -2.1198 0.1714, -0.4492 -2.1154 0.1476, -0.4352 -2.1084 0.1273, -0.417 -2.0993 0.1116, -0.3957 -2.0887 0.1018, -0.5362 -2.3456 1.2787, -0.5114 -2.339 1.272, -0.5236 -2.3431 1.2762, -0.4795 -2.3176 1.2507, -0.4892 -2.3261 1.2592, -0.4999 -2.3333 1.2663, -0.4638 -2.2972 1.2303, -0.454 -2.2735 1.2066, -0.8606 -0.5608 0.1009, -0.882 -0.6404 0.1722, -0.8863 -0.6366 0.1698, -0.8838 -0.6322 0.1547, -0.9132 -0.6043 0.1542, -0.9151 -0.599 0.1531, -0.9063 -0.5938 0.1359, -0.9217 -0.5806 0.1493, -0.9221 -0.5773 0.1491, -0.914 -0.5751 0.1359, -0.8996 -0.6247 0.1621, -0.9033 -0.6192 0.16, -0.9023 -0.618 0.1547, -0.9123 -0.6057 0.1547, -0.894 -0.6098 0.1359, -0.8614 -0.6502 0.1841, -0.8644 -0.6488 0.1824, -0.8642 -0.648 0.1757, -0.876 -0.6432 0.1757, -0.8624 -0.6411 0.1547, -0.8594 -0.6298 0.1359, -0.8553 -0.6147 0.1201, -0.8989 -0.5711 0.1201, -0.8505 -0.5966 0.1083, -0.8808 -0.5662 0.1083, -0.8451 -0.5764 0.1009, -0.878 -0.622 0.1359, -0.8702 -0.6085 0.1201, -0.8608 -0.5923 0.1083, -0.8504 -0.5742 0.1009, -0.883 -0.5987 0.1201, -0.8697 -0.5855 0.1083, -0.8549 -0.5707 0.1009, -0.8928 -0.586 0.1201, -0.8766 -0.5766 0.1083, -0.8584 -0.5661 0.1009, -0.4473 -2.248 0.1714, -0.4375 -2.248 0.1476, -0.4218 -2.248 0.1273, -0.4014 -2.248 0.1116, -0.3777 -2.248 0.1018, -0.454 -2.2735 0.1969, -0.4638 -2.2972 0.1969, -0.4795 -2.3176 0.1969, -0.4999 -2.3333 0.1969, -0.5236 -2.3431 0.1969, -0.9324 -0.6504 0.3096, -0.9335 -0.6502 0.3089, -0.9412 -0.6465 0.3045, -0.9522 -0.6412 0.2981, -0.954 -0.6404 0.297, -0.9685 -0.6275 0.2887, -0.9852 -0.6043 0.279, -0.9808 -0.611 0.2816, -0.9717 -0.6247 0.2869, -0.9701 -0.6262 0.2878, -0.9945 -0.5743 0.2737, -0.9938 -0.5806 0.2741, -0.9893 -0.593 0.2767, -1.0083 -0.5551 0.3045, -1.0061 -0.5551 0.2963, -1.0038 -0.5551 0.2878, -0.5491 -2.3498 0.1714, -0.5227 -2.3463 0.1714, -0.5491 -2.3596 0.1476, -0.5202 -2.3558 0.1476, -0.5491 -2.3753 0.1273, -0.5161 -2.3709 0.1273, -0.5491 -2.3957 0.1116, -0.5109 -2.3906 0.1116, -0.5491 -2.4194 0.1018, -0.5047 -2.4136 0.1018, -0.4982 -2.3362 0.1714, -0.4933 -2.3447 0.1476, -0.4855 -2.3582 0.1273, -0.4753 -2.3759 0.1116, -0.4634 -2.3964 0.1018, -0.4771 -2.32 0.1714, -0.4702 -2.327 0.1476, -0.4591 -2.338 0.1273, -0.4447 -2.3524 0.1116, -0.4279 -2.3692 0.1018, -0.4609 -2.2989 0.1714, -0.4524 -2.3038 0.1476, -0.4389 -2.3117 0.1273, -0.4212 -2.3219 0.1116, -0.4007 -2.3337 0.1018, -0.4508 -2.2744 0.1714, -0.4413 -2.2769 0.1476, -0.4262 -2.281 0.1273, -0.4065 -2.2862 0.1116, -0.3835 -2.2924 0.1018, -0.9529 -0.6427 0.3045, -0.9834 -0.613 0.2878, -0.9946 -0.5954 0.2878, -1.0015 -0.5758 0.2878, -0.9806 -0.6243 0.3217, -0.9869 -0.6158 0.3045, -0.9724 -0.6324 0.3217, -0.9714 -0.6312 0.3045, -0.9603 -0.6399 0.3217, -0.9535 -0.6441 0.3217, -0.9368 -0.6498 0.3217, -0.9325 -0.6512 0.3217, -0.9881 -0.6168 0.3217, -0.9962 -0.604 0.3217, -0.9986 -0.5974 0.3045, -1.0073 -0.5771 0.3217, -1.0059 -0.5768 0.3045, -1.0062 -0.5805 0.3217, -1.0 -0.5981 0.3217, -0.9166 -2.4449 0.1359, -0.9121 -2.4449 0.1314, -0.901 -2.4449 0.1201, -0.897 -2.4449 0.1176, -0.8823 -2.4449 0.1083, -0.8793 -2.4449 0.1072, -0.8614 -2.4449 0.1009, -0.8598 -2.4449 0.1007, -0.8394 -2.3488 0.1757, -0.8394 -2.3502 0.1715, -0.8394 -2.3559 0.1547, -0.8394 -2.3601 0.1479, -0.8394 -2.3676 0.1359, -0.8394 -2.3757 0.1277, -0.8394 -2.3832 0.1201, -0.8394 -2.396 0.1121, -0.8394 -2.4019 0.1083, -0.8394 -2.4195 0.1021, -0.8394 -2.4229 0.1009, -1.0065 -0.5806 1.3525, -0.9967 -0.6043 1.3287, -0.981 -0.6247 1.3084, -0.9713 -0.6332 1.2999, -0.9606 -0.6404 1.2927, -0.9491 -0.6461 1.287, -0.9369 -0.6502 1.2829, -0.9243 -0.6527 1.2804, -0.8549 -2.4293 0.1009, -0.8504 -2.4258 0.1009, -0.8808 -2.4338 0.1083, -0.8989 -2.4289 0.1201, -0.914 -2.4249 0.1359, -0.9063 -2.4062 0.1359, -0.8594 -2.3702 0.1359, -0.9132 -2.3957 0.1542, -0.9123 -2.3943 0.1547, -0.9023 -2.382 0.1547, -0.9033 -2.3808 0.16, -0.8996 -2.3753 0.1621, -0.8863 -2.3634 0.1698, -0.8838 -2.3678 0.1547, -0.8644 -2.3512 0.1824, -0.8642 -2.352 0.1757, -0.876 -2.3568 0.1757, -0.8614 -2.3498 0.1841, -0.882 -2.3596 0.1722, -0.8624 -2.3589 0.1547, -0.894 -2.3902 0.1359, -0.9151 -2.401 0.1531, -0.9217 -2.4194 0.1493, -0.9221 -2.4227 0.1491, -0.8928 -2.414 0.1201, -0.8553 -2.3853 0.1201, -0.8505 -2.4034 0.1083, -0.8608 -2.4077 0.1083, -0.878 -2.378 0.1359, -0.883 -2.4013 0.1201, -0.8766 -2.4234 0.1083, -0.8606 -2.4392 0.1009, -0.8451 -2.4236 0.1009, -0.8702 -2.3915 0.1201, -0.8697 -2.4145 0.1083, -0.8584 -2.4339 0.1009, -1.0065 -2.4194 1.3525, -0.9967 -2.3957 1.3287, -0.981 -2.3753 1.3084, -0.9713 -2.3668 1.2999, -0.9606 -2.3596 1.2927, -0.9243 -2.3473 1.2804, -0.9369 -2.3498 1.2829, -0.9491 -2.3539 1.287, -0.9324 -2.3496 0.3096, -0.9335 -2.3498 0.3089, -0.9412 -2.3535 0.3045, -0.9522 -2.3588 0.2981, -0.954 -2.3596 0.297, -0.9685 -2.3725 0.2887, -0.9945 -2.4257 0.2737, -0.9938 -2.4194 0.2741, -0.9893 -2.407 0.2767, -0.9852 -2.3957 0.279, -0.9808 -2.389 0.2816, -0.9717 -2.3753 0.2869, -0.9701 -2.3738 0.2878, -0.9325 -2.3488 0.3217, -0.9368 -2.3502 0.3217, -0.9535 -2.3559 0.3217, -0.9603 -2.3601 0.3217, -0.9724 -2.3676 0.3217, -0.9806 -2.3757 0.3217, -0.9881 -2.3832 0.3217, -0.9962 -2.396 0.3217, -1.0 -2.4019 0.3217, -1.0062 -2.4195 0.3217, -1.0073 -2.4229 0.3217, -1.0083 -2.4449 0.3045, -1.0015 -2.4242 0.2878, -0.9946 -2.4046 0.2878, -0.9834 -2.387 0.2878, -0.9714 -2.3688 0.3045, -0.9529 -2.3573 0.3045, -1.0059 -2.4232 0.3045, -0.9986 -2.4026 0.3045, -0.9869 -2.3842 0.3045, -1.0038 -2.4449 0.2878, -1.0061 -2.4449 0.2963, 3.124 -2.9598 2.0669, 3.124 -2.763 2.0669, 3.124 -2.9598 1.5945, 3.124 -2.763 1.5945, 3.124 -0.237 2.0669, 3.124 -0.0402 2.0669, 3.124 -0.237 1.5945, 3.124 -0.0402 1.5945, 2.6122 -2.2622 0.437, 2.6122 -2.5277 2.0685, 2.8091 -1.0278 0.437, 2.6122 -0.7383 0.437, 2.8091 -1.9727 0.437, 3.2028 -1.9727 1.0979, 3.2028 -1.9727 1.1068, 2.8091 -1.9727 1.2205, 3.0059 -1.9727 1.2205, 2.8091 -1.7365 1.2205, 3.0059 -1.0278 1.2205, 2.8091 -1.0278 1.2205, 2.8091 -1.2641 1.2205, 3.2028 -1.0278 1.1068, 3.2028 -1.0278 1.0979, 2.6122 -0.4804 2.0669, 3.2028 -1.7365 2.0709, 3.2028 -1.2641 2.0709, 2.8091 -1.7365 2.0709, 2.8091 -1.2641 2.0709, 3.2028 -1.7365 1.7953, 3.2028 -1.2641 1.7953, 3.2028 -1.7365 1.0979, 3.2028 -1.7365 1.1068, 3.2028 -1.2641 1.0979, 3.2028 -1.2641 1.1068, -2.7028 -1.7362 1.7913, -2.7028 -1.7362 2.0669, -2.7028 -1.2638 2.0669, -2.7028 -1.2638 1.7913, -2.7028 -1.0278 1.0979, -2.7028 -1.0278 1.1068, -2.7028 -1.2638 1.0979, -2.7028 -1.2638 1.1068, -2.7028 -1.7362 1.0979, -2.7028 -1.7362 1.1068, -2.7028 -1.9727 1.0979, -2.7028 -1.9727 1.1068
            ]
        }
        coordIndex [
            0,1,2,-1,2,1,3,-1,2,3,4,-1,4,3,5,-1,4,5,6,-1,6,5,7,-1,8,9,10,-1,10,9,11,-1,10,11,12,-1,12,11,13,-1,12,13,14,-1,14,13,15,-1,16,17,18,-1,19,20,21,-1,21,20,22,-1,20,23,22,-1,22,23,24,-1,22,24,16,-1,16,18,22,-1,22,18,25,-1,22,25,26,-1,27,26,28,-1,28,26,25,-1,28,25,29,-1,29,25,30,-1,29,30,31,-1,31,30,32,-1,27,33,26,-1,26,33,34,-1,26,34,35,-1,36,37,38,-1,38,37,26,-1,38,26,39,-1,39,26,35,-1,40,41,42,-1,42,41,43,-1,23,41,24,-1,24,41,40,-1,44,45,46,-1,47,48,49,-1,49,48,50,-1,51,52,53,-1,53,52,54,-1,53,54,55,-1,56,57,58,-1,46,49,44,-1,44,49,50,-1,44,50,59,-1,59,50,60,-1,59,60,61,-1,61,60,55,-1,61,55,45,-1,45,55,54,-1,45,54,46,-1,46,54,62,-1,51,63,52,-1,52,63,64,-1,52,64,56,-1,65,64,66,-1,66,64,63,-1,66,63,67,-1,67,63,68,-1,67,68,69,-1,69,68,70,-1,57,56,71,-1,72,73,58,-1,58,73,74,-1,58,74,56,-1,56,74,75,-1,56,75,52,-1,76,73,77,-1,77,73,72,-1,77,72,78,-1,78,72,71,-1,78,71,79,-1,79,71,56,-1,80,81,82,-1,82,81,83,-1,84,85,86,-1,86,85,87,-1,88,89,90,-1,91,92,93,-1,87,85,94,-1,95,96,42,-1,42,43,95,-1,95,43,97,-1,95,97,98,-1,99,100,101,-1,101,102,99,-1,99,102,103,-1,99,103,104,-1,104,103,105,-1,106,107,101,-1,100,108,101,-1,101,108,88,-1,101,88,106,-1,106,88,90,-1,7,93,6,-1,6,93,103,-1,6,103,109,-1,109,103,102,-1,98,110,95,-1,95,110,1,-1,95,1,109,-1,109,1,0,-1,109,0,6,-1,111,80,112,-1,112,80,82,-1,113,114,7,-1,7,114,9,-1,7,9,93,-1,93,9,8,-1,115,112,15,-1,15,112,82,-1,15,82,14,-1,14,82,116,-1,14,116,8,-1,8,116,117,-1,8,117,93,-1,93,117,87,-1,93,87,91,-1,91,87,94,-1,81,77,83,-1,83,77,78,-1,48,84,50,-1,50,84,86,-1,118,119,120,-1,121,19,120,-1,120,19,21,-1,120,21,118,-1,36,122,37,-1,37,122,123,-1,37,123,124,-1,124,123,125,-1,124,125,126,-1,127,128,125,-1,125,128,129,-1,125,129,126,-1,130,131,124,-1,132,133,134,-1,118,135,136,-1,136,132,118,-1,118,132,134,-1,118,134,119,-1,119,134,137,-1,119,137,138,-1,138,137,139,-1,54,52,140,-1,140,52,141,-1,133,142,134,-1,134,142,143,-1,134,143,144,-1,145,126,146,-1,146,126,147,-1,140,148,149,-1,143,150,144,-1,144,150,151,-1,144,151,152,-1,153,154,147,-1,147,154,155,-1,147,155,146,-1,146,155,156,-1,146,156,157,-1,145,158,126,-1,126,158,159,-1,126,159,124,-1,124,159,160,-1,124,160,130,-1,152,161,144,-1,144,161,162,-1,144,162,141,-1,162,163,141,-1,141,163,164,-1,141,164,140,-1,140,164,165,-1,140,165,148,-1,166,167,168,-1,167,166,169,-1,169,166,170,-1,169,170,150,-1,150,170,171,-1,150,171,151,-1,168,172,166,-1,166,172,173,-1,166,173,174,-1,174,173,175,-1,174,175,176,-1,177,178,179,-1,179,178,180,-1,179,180,157,-1,157,180,181,-1,157,181,146,-1,149,182,140,-1,140,182,183,-1,140,183,147,-1,147,183,184,-1,147,184,153,-1,185,186,187,-1,187,186,188,-1,187,188,179,-1,179,188,189,-1,179,189,177,-1,175,190,176,-1,176,190,191,-1,176,191,192,-1,192,191,193,-1,192,193,194,-1,194,193,195,-1,194,195,196,-1,196,195,197,-1,196,197,185,-1,185,197,198,-1,185,198,186,-1,199,90,39,-1,39,90,89,-1,39,89,38,-1,38,89,200,-1,20,201,23,-1,23,201,97,-1,23,97,41,-1,41,97,43,-1,106,90,202,-1,202,90,199,-1,85,84,94,-1,94,84,48,-1,203,204,205,-1,205,204,94,-1,205,94,47,-1,47,94,48,-1,206,207,111,-1,111,207,208,-1,81,80,77,-1,77,80,111,-1,77,111,76,-1,76,111,208,-1,199,39,202,-1,202,39,35,-1,123,122,88,-1,88,122,200,-1,88,200,89,-1,88,108,123,-1,123,108,209,-1,123,209,125,-1,125,209,210,-1,92,91,211,-1,211,91,125,-1,211,125,212,-1,212,125,210,-1,212,210,105,-1,105,210,104,-1,127,125,204,-1,204,125,91,-1,204,91,94,-1,121,120,201,-1,201,120,98,-1,201,98,97,-1,119,138,112,-1,112,138,206,-1,112,206,111,-1,213,120,214,-1,214,120,119,-1,214,119,115,-1,115,119,112,-1,110,98,215,-1,215,98,120,-1,215,120,216,-1,216,120,213,-1,216,213,113,-1,113,213,114,-1,217,148,165,-1,164,218,165,-1,165,218,219,-1,165,219,217,-1,163,220,164,-1,164,220,221,-1,164,221,218,-1,162,222,163,-1,163,222,223,-1,163,223,220,-1,161,224,162,-1,162,224,225,-1,162,225,222,-1,152,226,161,-1,161,226,227,-1,161,227,224,-1,151,228,152,-1,152,228,229,-1,152,229,226,-1,171,230,151,-1,151,230,231,-1,151,231,228,-1,170,232,171,-1,171,232,233,-1,171,233,230,-1,166,234,170,-1,170,234,235,-1,170,235,232,-1,174,236,166,-1,166,236,237,-1,166,237,234,-1,176,238,174,-1,174,238,239,-1,174,239,236,-1,192,240,176,-1,176,240,241,-1,176,241,238,-1,185,242,196,-1,196,242,243,-1,196,243,194,-1,194,243,244,-1,194,244,192,-1,192,244,245,-1,192,245,240,-1,187,246,185,-1,185,246,247,-1,185,247,242,-1,179,248,187,-1,187,248,249,-1,187,249,246,-1,157,250,179,-1,179,250,251,-1,179,251,248,-1,156,252,157,-1,157,252,253,-1,157,253,250,-1,155,254,156,-1,156,254,255,-1,156,255,252,-1,154,256,155,-1,155,256,257,-1,155,257,254,-1,153,258,154,-1,154,258,259,-1,154,259,256,-1,184,260,153,-1,153,260,261,-1,153,261,258,-1,183,262,184,-1,184,262,263,-1,184,263,260,-1,182,264,183,-1,183,264,265,-1,183,265,262,-1,149,266,182,-1,182,266,267,-1,182,267,264,-1,217,268,148,-1,148,268,269,-1,148,269,149,-1,149,269,270,-1,149,270,266,-1,271,272,273,-1,271,273,274,-1,275,276,273,-1,273,276,277,-1,273,277,274,-1,278,279,273,-1,273,279,280,-1,273,280,275,-1,281,282,273,-1,273,282,283,-1,273,283,278,-1,284,285,273,-1,273,285,286,-1,273,286,281,-1,287,288,273,-1,273,288,289,-1,273,289,284,-1,290,291,273,-1,273,291,292,-1,273,292,287,-1,293,294,273,-1,273,294,295,-1,273,295,290,-1,296,297,273,-1,273,297,298,-1,273,298,293,-1,299,300,273,-1,273,300,301,-1,273,301,296,-1,302,303,273,-1,273,303,304,-1,273,304,299,-1,272,305,273,-1,273,305,306,-1,273,306,302,-1,129,128,307,-1,307,128,203,-1,307,203,205,-1,307,49,129,-1,129,49,46,-1,129,46,126,-1,126,46,308,-1,307,205,49,-1,49,205,47,-1,134,309,137,-1,137,309,74,-1,137,74,310,-1,310,74,73,-1,139,137,207,-1,207,137,310,-1,207,310,208,-1,208,310,76,-1,76,310,73,-1,311,309,144,-1,144,309,134,-1,312,311,141,-1,141,311,144,-1,313,314,312,-1,52,75,315,-1,315,316,52,-1,52,316,313,-1,52,313,141,-1,141,313,312,-1,317,318,309,-1,309,318,319,-1,309,319,320,-1,320,321,309,-1,309,321,322,-1,309,322,74,-1,322,323,74,-1,74,323,324,-1,74,324,325,-1,326,315,75,-1,325,327,74,-1,74,327,328,-1,74,328,329,-1,329,330,74,-1,74,330,331,-1,74,331,75,-1,75,331,332,-1,75,332,333,-1,334,335,336,-1,336,335,337,-1,336,337,338,-1,333,339,75,-1,75,339,340,-1,75,340,335,-1,334,341,335,-1,335,341,342,-1,335,342,75,-1,75,342,343,-1,75,343,326,-1,338,337,344,-1,344,337,345,-1,344,345,346,-1,346,345,347,-1,346,347,348,-1,314,349,312,-1,312,349,350,-1,312,350,311,-1,311,350,351,-1,311,351,352,-1,352,353,311,-1,311,353,354,-1,311,354,355,-1,317,309,356,-1,356,309,311,-1,356,311,357,-1,357,311,355,-1,357,355,347,-1,347,355,358,-1,347,358,348,-1,359,62,140,-1,140,62,54,-1,360,359,147,-1,147,359,140,-1,361,360,362,-1,362,360,147,-1,362,147,363,-1,363,147,126,-1,363,126,364,-1,364,126,308,-1,365,366,62,-1,367,368,369,-1,366,370,62,-1,62,370,371,-1,62,371,372,-1,373,374,375,-1,375,374,376,-1,375,376,377,-1,377,376,369,-1,377,369,378,-1,378,369,368,-1,379,359,380,-1,380,359,360,-1,380,360,361,-1,379,381,359,-1,359,381,382,-1,359,382,383,-1,372,384,62,-1,62,384,385,-1,62,385,46,-1,385,386,46,-1,46,386,387,-1,46,387,388,-1,389,308,390,-1,390,308,391,-1,365,62,392,-1,392,62,359,-1,392,359,393,-1,393,359,383,-1,393,383,369,-1,369,383,394,-1,369,394,367,-1,388,395,46,-1,46,395,396,-1,46,396,397,-1,397,398,46,-1,46,398,399,-1,46,399,308,-1,308,399,400,-1,308,400,391,-1,364,308,401,-1,401,308,402,-1,373,403,374,-1,374,403,404,-1,374,404,389,-1,389,404,405,-1,389,405,308,-1,308,405,406,-1,308,406,402,-1,407,408,409,-1,409,408,410,-1,409,410,411,-1,362,363,412,-1,412,363,409,-1,412,409,413,-1,413,409,411,-1,414,415,416,-1,416,415,417,-1,414,416,409,-1,409,416,418,-1,409,418,419,-1,419,420,409,-1,409,420,421,-1,409,421,407,-1,417,422,416,-1,416,422,423,-1,416,423,424,-1,363,364,409,-1,409,364,401,-1,409,401,414,-1,414,401,402,-1,414,402,415,-1,415,402,406,-1,415,406,417,-1,417,406,405,-1,417,405,422,-1,422,405,404,-1,422,404,423,-1,423,404,403,-1,423,403,424,-1,424,403,373,-1,424,373,416,-1,416,373,375,-1,416,375,418,-1,418,375,377,-1,418,377,419,-1,419,377,378,-1,419,378,420,-1,420,378,368,-1,420,368,421,-1,421,368,367,-1,421,367,407,-1,407,367,394,-1,407,394,408,-1,408,394,383,-1,408,383,410,-1,410,383,382,-1,410,382,411,-1,411,382,381,-1,411,381,413,-1,413,381,379,-1,413,379,412,-1,412,379,380,-1,412,380,362,-1,362,380,361,-1,425,426,427,-1,428,313,316,-1,429,430,431,-1,431,430,432,-1,427,433,425,-1,425,433,428,-1,425,428,434,-1,434,428,316,-1,431,435,429,-1,429,435,436,-1,429,436,437,-1,437,438,429,-1,429,438,439,-1,429,439,440,-1,425,441,426,-1,426,441,431,-1,426,431,442,-1,442,431,432,-1,316,315,434,-1,434,315,326,-1,434,326,425,-1,425,326,343,-1,425,343,441,-1,441,343,342,-1,441,342,431,-1,431,342,341,-1,431,341,435,-1,435,341,334,-1,435,334,436,-1,436,334,336,-1,436,336,437,-1,437,336,338,-1,437,338,438,-1,438,338,344,-1,438,344,439,-1,439,344,346,-1,439,346,440,-1,440,346,348,-1,440,348,429,-1,429,348,358,-1,429,358,430,-1,430,358,355,-1,430,355,432,-1,432,355,354,-1,432,354,442,-1,442,354,353,-1,442,353,426,-1,426,353,352,-1,426,352,427,-1,427,352,351,-1,427,351,433,-1,433,351,350,-1,433,350,428,-1,428,350,349,-1,428,349,313,-1,313,349,314,-1,330,443,331,-1,331,443,444,-1,331,444,332,-1,332,444,445,-1,332,445,333,-1,333,445,446,-1,333,446,339,-1,339,446,447,-1,339,447,340,-1,340,447,448,-1,340,448,335,-1,335,448,449,-1,335,449,337,-1,337,449,450,-1,337,450,345,-1,345,450,451,-1,345,451,347,-1,347,451,452,-1,347,452,357,-1,357,452,453,-1,357,453,356,-1,356,453,454,-1,356,454,317,-1,317,454,455,-1,317,455,318,-1,318,455,456,-1,318,456,319,-1,319,456,457,-1,319,457,320,-1,320,457,458,-1,320,458,321,-1,321,458,459,-1,321,459,322,-1,322,459,460,-1,322,460,323,-1,323,460,461,-1,323,461,324,-1,324,461,462,-1,324,462,325,-1,325,462,463,-1,325,463,327,-1,327,463,464,-1,327,464,328,-1,328,464,465,-1,328,465,329,-1,329,465,466,-1,329,466,330,-1,330,466,443,-1,456,455,467,-1,467,455,454,-1,467,454,453,-1,459,458,467,-1,467,458,457,-1,467,457,456,-1,462,461,467,-1,467,461,460,-1,467,460,459,-1,465,464,467,-1,467,464,463,-1,467,463,462,-1,444,443,467,-1,467,443,466,-1,467,466,465,-1,447,446,467,-1,467,446,445,-1,467,445,444,-1,450,449,467,-1,467,449,448,-1,467,448,447,-1,453,452,467,-1,467,452,451,-1,467,451,450,-1,386,468,387,-1,387,468,469,-1,387,469,388,-1,388,469,470,-1,388,470,395,-1,395,470,471,-1,395,471,396,-1,396,471,472,-1,396,472,397,-1,397,472,473,-1,397,473,398,-1,398,473,474,-1,398,474,399,-1,399,474,475,-1,399,475,400,-1,400,475,476,-1,400,476,391,-1,391,476,477,-1,391,477,390,-1,390,477,478,-1,390,478,389,-1,389,478,479,-1,389,479,374,-1,374,479,480,-1,374,480,376,-1,376,480,481,-1,376,481,369,-1,369,481,482,-1,369,482,393,-1,393,482,483,-1,393,483,392,-1,392,483,484,-1,392,484,365,-1,365,484,485,-1,365,485,366,-1,366,485,486,-1,366,486,370,-1,370,486,487,-1,370,487,371,-1,371,487,488,-1,371,488,372,-1,372,488,489,-1,372,489,384,-1,384,489,490,-1,384,490,385,-1,385,490,491,-1,385,491,386,-1,386,491,468,-1,481,480,492,-1,492,480,479,-1,492,479,478,-1,484,483,492,-1,492,483,482,-1,492,482,481,-1,487,486,492,-1,492,486,485,-1,492,485,484,-1,490,489,492,-1,492,489,488,-1,492,488,487,-1,469,468,492,-1,492,468,491,-1,492,491,490,-1,472,471,492,-1,492,471,470,-1,492,470,469,-1,475,474,492,-1,492,474,473,-1,492,473,472,-1,478,477,492,-1,492,477,476,-1,492,476,475,-1,493,494,495,-1,495,494,496,-1,495,496,497,-1,498,499,500,-1,500,499,501,-1,502,503,504,-1,504,503,505,-1,504,505,506,-1,506,505,507,-1,506,507,508,-1,508,507,509,-1,508,509,510,-1,510,509,511,-1,510,511,512,-1,512,511,513,-1,512,513,514,-1,514,513,515,-1,514,515,516,-1,516,515,517,-1,516,517,518,-1,518,517,519,-1,518,519,520,-1,520,519,521,-1,520,521,522,-1,522,521,523,-1,522,523,524,-1,524,523,525,-1,524,525,526,-1,526,525,527,-1,526,527,528,-1,528,527,529,-1,528,529,530,-1,530,529,531,-1,530,531,532,-1,532,531,533,-1,532,533,534,-1,534,533,535,-1,536,537,538,-1,538,537,539,-1,540,541,542,-1,542,541,543,-1,542,543,544,-1,544,543,545,-1,545,546,544,-1,544,546,547,-1,544,547,548,-1,548,549,544,-1,544,549,550,-1,544,550,493,-1,493,550,551,-1,493,551,552,-1,553,494,554,-1,554,494,493,-1,554,493,555,-1,555,493,552,-1,556,557,558,-1,558,557,109,-1,558,109,559,-1,559,109,102,-1,559,102,560,-1,560,102,561,-1,562,563,564,-1,564,563,565,-1,566,564,567,-1,567,564,565,-1,567,565,568,-1,568,565,569,-1,568,569,95,-1,95,569,570,-1,95,570,96,-1,566,567,571,-1,571,567,101,-1,571,101,107,-1,572,118,21,-1,21,22,568,-1,568,95,109,-1,572,21,573,-1,573,21,568,-1,573,568,574,-1,109,557,568,-1,568,557,575,-1,568,575,576,-1,576,577,568,-1,568,577,578,-1,568,578,574,-1,124,579,37,-1,37,579,580,-1,37,580,26,-1,581,582,567,-1,567,582,583,-1,102,101,561,-1,561,101,567,-1,561,567,584,-1,584,567,583,-1,26,580,567,-1,567,580,585,-1,567,585,581,-1,583,582,586,-1,586,582,587,-1,588,589,576,-1,576,589,577,-1,590,591,592,-1,592,591,593,-1,592,593,594,-1,595,596,597,-1,597,596,598,-1,597,598,599,-1,599,598,600,-1,599,600,601,-1,601,600,602,-1,601,602,603,-1,603,602,604,-1,603,604,590,-1,590,604,605,-1,590,605,591,-1,593,606,594,-1,594,606,607,-1,594,607,608,-1,608,607,609,-1,608,609,610,-1,610,609,611,-1,610,611,612,-1,612,611,613,-1,612,613,614,-1,613,615,614,-1,614,615,616,-1,614,616,617,-1,617,616,618,-1,617,618,619,-1,619,618,620,-1,619,620,621,-1,620,622,621,-1,621,622,623,-1,621,623,624,-1,624,623,625,-1,624,625,626,-1,626,625,627,-1,626,627,628,-1,628,627,629,-1,628,629,630,-1,629,631,630,-1,630,631,632,-1,630,632,633,-1,633,632,634,-1,633,634,635,-1,635,634,636,-1,635,636,637,-1,636,638,637,-1,637,638,639,-1,637,639,640,-1,640,639,641,-1,640,641,642,-1,642,641,643,-1,642,643,644,-1,644,643,645,-1,644,645,646,-1,647,648,649,-1,645,650,646,-1,646,650,651,-1,646,651,652,-1,652,651,653,-1,652,653,654,-1,654,653,655,-1,654,655,648,-1,648,655,656,-1,648,656,649,-1,657,658,659,-1,659,658,660,-1,659,660,661,-1,649,662,647,-1,647,662,663,-1,647,663,664,-1,664,663,665,-1,664,665,666,-1,666,665,667,-1,666,667,657,-1,657,667,668,-1,657,668,658,-1,669,670,671,-1,671,670,672,-1,671,672,673,-1,660,674,661,-1,661,674,675,-1,661,675,676,-1,676,675,677,-1,676,677,678,-1,678,677,679,-1,678,679,680,-1,680,679,681,-1,680,681,682,-1,682,681,683,-1,682,683,669,-1,669,683,684,-1,669,684,670,-1,685,686,687,-1,687,686,688,-1,687,688,689,-1,672,690,673,-1,673,690,691,-1,673,691,692,-1,692,691,693,-1,692,693,694,-1,694,693,695,-1,694,695,696,-1,696,695,697,-1,696,697,698,-1,698,697,699,-1,698,699,685,-1,685,699,700,-1,685,700,686,-1,688,701,689,-1,689,701,702,-1,689,702,703,-1,703,702,704,-1,703,704,705,-1,705,704,706,-1,705,706,707,-1,707,706,708,-1,707,708,709,-1,708,710,709,-1,709,710,711,-1,709,711,712,-1,712,711,713,-1,712,713,714,-1,714,713,715,-1,714,715,716,-1,715,717,716,-1,716,717,718,-1,716,718,719,-1,719,718,720,-1,719,720,721,-1,721,720,722,-1,721,722,723,-1,723,722,724,-1,723,724,725,-1,725,724,726,-1,725,726,595,-1,595,726,727,-1,595,727,596,-1,728,681,679,-1,729,691,690,-1,730,607,606,-1,731,618,616,-1,732,651,733,-1,733,651,650,-1,733,650,734,-1,650,645,734,-1,734,645,643,-1,734,643,735,-1,735,643,641,-1,735,641,736,-1,641,639,736,-1,736,639,638,-1,736,638,737,-1,737,638,636,-1,737,636,738,-1,636,634,738,-1,738,634,632,-1,738,632,739,-1,739,632,631,-1,739,631,740,-1,631,629,740,-1,740,629,627,-1,740,627,741,-1,741,627,625,-1,741,625,742,-1,625,623,742,-1,742,623,622,-1,742,622,743,-1,743,622,731,-1,731,622,620,-1,731,620,618,-1,615,744,616,-1,616,744,745,-1,616,745,731,-1,615,613,744,-1,744,613,611,-1,744,611,746,-1,746,611,730,-1,730,611,609,-1,730,609,607,-1,593,747,606,-1,606,747,748,-1,606,748,730,-1,593,591,747,-1,747,591,605,-1,747,605,749,-1,749,605,604,-1,749,604,750,-1,604,602,750,-1,750,602,600,-1,750,600,751,-1,751,600,598,-1,751,598,752,-1,598,596,752,-1,752,596,727,-1,752,727,753,-1,753,727,726,-1,753,726,754,-1,754,726,724,-1,754,724,755,-1,755,724,722,-1,755,722,756,-1,756,722,720,-1,756,720,757,-1,720,718,757,-1,757,718,717,-1,757,717,758,-1,758,717,715,-1,758,715,759,-1,715,713,759,-1,759,713,711,-1,759,711,760,-1,760,711,710,-1,760,710,761,-1,710,708,761,-1,761,708,706,-1,761,706,762,-1,762,706,704,-1,762,704,763,-1,704,702,763,-1,763,702,701,-1,763,701,764,-1,764,701,688,-1,764,688,765,-1,688,686,765,-1,765,686,700,-1,765,700,766,-1,766,700,699,-1,766,699,767,-1,699,697,767,-1,767,697,695,-1,767,695,768,-1,768,695,729,-1,729,695,693,-1,729,693,691,-1,672,769,690,-1,690,769,770,-1,690,770,729,-1,672,670,769,-1,769,670,684,-1,769,684,771,-1,771,684,728,-1,728,684,683,-1,728,683,681,-1,677,772,679,-1,679,772,773,-1,679,773,728,-1,677,675,772,-1,772,675,674,-1,772,674,774,-1,774,674,660,-1,774,660,775,-1,660,658,775,-1,775,658,668,-1,775,668,776,-1,776,668,667,-1,776,667,777,-1,667,665,777,-1,777,665,663,-1,777,663,778,-1,778,663,662,-1,778,662,779,-1,779,662,649,-1,779,649,780,-1,780,649,656,-1,780,656,781,-1,781,656,655,-1,781,655,732,-1,732,655,653,-1,732,653,651,-1,779,243,778,-1,778,243,242,-1,778,242,777,-1,777,242,247,-1,777,247,776,-1,776,247,246,-1,776,246,775,-1,775,246,249,-1,775,249,774,-1,774,249,248,-1,774,248,772,-1,772,248,251,-1,772,251,773,-1,773,251,250,-1,773,250,728,-1,728,250,253,-1,728,253,771,-1,771,253,252,-1,771,252,769,-1,769,252,255,-1,769,255,770,-1,770,255,254,-1,770,254,729,-1,729,254,257,-1,729,257,768,-1,768,257,256,-1,768,256,767,-1,767,256,259,-1,767,259,766,-1,766,259,258,-1,766,258,765,-1,765,258,261,-1,765,261,764,-1,764,261,260,-1,764,260,763,-1,763,260,263,-1,763,263,762,-1,762,263,262,-1,762,262,761,-1,761,262,265,-1,761,265,760,-1,760,265,264,-1,760,264,759,-1,759,264,267,-1,759,267,758,-1,758,267,266,-1,758,266,757,-1,757,266,270,-1,757,270,756,-1,756,270,269,-1,756,269,755,-1,755,269,268,-1,755,268,754,-1,754,268,217,-1,754,217,753,-1,753,217,219,-1,753,219,752,-1,752,219,218,-1,752,218,751,-1,751,218,221,-1,751,221,750,-1,750,221,220,-1,750,220,749,-1,749,220,223,-1,749,223,747,-1,747,223,222,-1,747,222,748,-1,748,222,225,-1,748,225,730,-1,730,225,224,-1,730,224,746,-1,746,224,227,-1,746,227,744,-1,744,227,226,-1,744,226,745,-1,745,226,229,-1,745,229,731,-1,731,229,228,-1,731,228,743,-1,743,228,231,-1,743,231,742,-1,742,231,230,-1,742,230,741,-1,741,230,233,-1,741,233,740,-1,740,233,232,-1,740,232,739,-1,739,232,235,-1,739,235,738,-1,738,235,234,-1,738,234,737,-1,737,234,237,-1,737,237,736,-1,736,237,236,-1,736,236,735,-1,735,236,239,-1,735,239,734,-1,734,239,238,-1,734,238,733,-1,733,238,241,-1,733,241,732,-1,732,241,240,-1,732,240,781,-1,781,240,245,-1,781,245,780,-1,780,245,244,-1,780,244,779,-1,779,244,243,-1,678,680,782,-1,682,669,783,-1,694,696,784,-1,698,685,785,-1,705,707,786,-1,709,712,787,-1,721,723,788,-1,725,595,789,-1,640,642,790,-1,277,791,792,-1,277,792,274,-1,274,792,793,-1,274,793,271,-1,271,793,794,-1,271,794,272,-1,272,794,795,-1,272,795,305,-1,305,795,796,-1,305,796,306,-1,791,797,798,-1,791,798,792,-1,792,798,799,-1,792,799,793,-1,793,799,800,-1,793,800,794,-1,794,800,801,-1,794,801,795,-1,795,801,802,-1,795,802,796,-1,797,803,804,-1,280,279,805,-1,805,279,806,-1,805,806,807,-1,807,806,808,-1,807,808,809,-1,809,808,810,-1,279,278,806,-1,806,278,811,-1,806,811,808,-1,808,811,812,-1,808,812,810,-1,810,812,813,-1,278,283,811,-1,811,283,814,-1,811,814,812,-1,812,814,815,-1,812,815,813,-1,813,815,816,-1,282,281,817,-1,817,281,818,-1,817,818,819,-1,819,818,820,-1,819,820,821,-1,821,820,822,-1,281,286,818,-1,818,286,823,-1,818,823,820,-1,820,823,824,-1,820,824,822,-1,822,824,825,-1,286,285,823,-1,823,285,826,-1,823,826,824,-1,824,826,827,-1,824,827,825,-1,825,827,828,-1,284,289,829,-1,829,289,830,-1,829,830,831,-1,831,830,832,-1,831,832,833,-1,833,832,834,-1,289,288,830,-1,830,288,835,-1,830,835,832,-1,832,835,836,-1,832,836,834,-1,834,836,837,-1,288,287,835,-1,835,287,838,-1,835,838,836,-1,836,838,839,-1,836,839,837,-1,837,839,840,-1,295,294,841,-1,841,294,842,-1,841,842,843,-1,843,842,844,-1,843,844,845,-1,845,844,787,-1,297,296,846,-1,846,296,847,-1,846,847,848,-1,848,847,849,-1,848,849,850,-1,850,849,785,-1,299,304,851,-1,851,304,852,-1,851,852,853,-1,853,852,854,-1,853,854,855,-1,855,854,783,-1,797,804,798,-1,798,804,856,-1,798,856,799,-1,799,856,857,-1,799,857,800,-1,800,857,858,-1,800,858,801,-1,801,858,859,-1,801,859,802,-1,654,804,652,-1,652,804,803,-1,652,803,646,-1,644,646,860,-1,860,646,803,-1,860,803,861,-1,861,803,797,-1,861,797,862,-1,862,797,791,-1,862,791,276,-1,276,791,277,-1,276,275,862,-1,862,275,863,-1,862,863,861,-1,861,863,864,-1,861,864,860,-1,860,864,790,-1,860,790,644,-1,644,790,642,-1,637,640,809,-1,809,640,790,-1,809,790,807,-1,807,790,864,-1,807,864,805,-1,805,864,863,-1,805,863,280,-1,280,863,275,-1,624,626,816,-1,816,626,628,-1,816,628,813,-1,813,628,630,-1,813,630,810,-1,810,630,633,-1,810,633,809,-1,809,633,635,-1,809,635,637,-1,621,624,821,-1,821,624,816,-1,821,816,819,-1,819,816,815,-1,819,815,817,-1,817,815,814,-1,817,814,282,-1,282,814,283,-1,608,610,828,-1,828,610,612,-1,828,612,825,-1,825,612,614,-1,825,614,822,-1,822,614,617,-1,822,617,821,-1,821,617,619,-1,821,619,621,-1,594,608,833,-1,833,608,828,-1,833,828,831,-1,831,828,827,-1,831,827,829,-1,829,827,826,-1,829,826,284,-1,284,826,285,-1,597,599,840,-1,840,599,601,-1,840,601,837,-1,837,601,603,-1,837,603,834,-1,834,603,590,-1,834,590,833,-1,833,590,592,-1,833,592,594,-1,595,597,789,-1,789,597,840,-1,789,840,865,-1,865,840,839,-1,865,839,866,-1,866,839,838,-1,866,838,292,-1,292,838,287,-1,723,725,788,-1,788,725,789,-1,788,789,867,-1,867,789,865,-1,867,865,868,-1,868,865,866,-1,868,866,291,-1,291,866,292,-1,719,721,869,-1,869,721,788,-1,869,788,870,-1,870,788,867,-1,870,867,871,-1,871,867,868,-1,871,868,290,-1,290,868,291,-1,290,295,871,-1,871,295,841,-1,871,841,870,-1,870,841,843,-1,870,843,869,-1,869,843,845,-1,869,845,719,-1,719,845,716,-1,787,712,845,-1,845,712,714,-1,845,714,716,-1,707,709,786,-1,786,709,787,-1,786,787,872,-1,872,787,844,-1,872,844,873,-1,873,844,842,-1,873,842,293,-1,293,842,294,-1,703,705,874,-1,874,705,786,-1,874,786,875,-1,875,786,872,-1,875,872,876,-1,876,872,873,-1,876,873,298,-1,298,873,293,-1,298,297,876,-1,876,297,846,-1,876,846,875,-1,875,846,848,-1,875,848,874,-1,874,848,850,-1,874,850,703,-1,703,850,689,-1,785,685,850,-1,850,685,687,-1,850,687,689,-1,696,698,784,-1,784,698,785,-1,784,785,877,-1,877,785,849,-1,877,849,878,-1,878,849,847,-1,878,847,301,-1,301,847,296,-1,692,694,879,-1,879,694,784,-1,879,784,880,-1,880,784,877,-1,880,877,881,-1,881,877,878,-1,881,878,300,-1,300,878,301,-1,300,299,881,-1,881,299,851,-1,881,851,880,-1,880,851,853,-1,880,853,879,-1,879,853,855,-1,879,855,692,-1,692,855,673,-1,783,669,855,-1,855,669,671,-1,855,671,673,-1,680,682,782,-1,782,682,783,-1,782,783,882,-1,882,783,854,-1,882,854,883,-1,883,854,852,-1,883,852,303,-1,303,852,304,-1,676,678,884,-1,884,678,782,-1,884,782,885,-1,885,782,882,-1,885,882,886,-1,886,882,883,-1,886,883,302,-1,302,883,303,-1,302,306,886,-1,886,306,796,-1,886,796,885,-1,885,796,802,-1,885,802,884,-1,884,802,859,-1,884,859,676,-1,676,859,661,-1,654,648,804,-1,804,648,647,-1,804,647,856,-1,856,647,664,-1,856,664,857,-1,857,664,666,-1,857,666,858,-1,858,666,657,-1,858,657,859,-1,859,657,659,-1,859,659,661,-1,538,539,887,-1,538,887,888,-1,888,887,889,-1,888,889,890,-1,890,889,891,-1,890,891,892,-1,892,891,893,-1,893,891,894,-1,893,894,895,-1,895,894,896,-1,896,894,897,-1,896,897,898,-1,898,897,899,-1,899,897,545,-1,899,545,543,-1,539,537,900,-1,900,537,901,-1,900,901,902,-1,902,901,903,-1,902,903,502,-1,502,903,503,-1,539,900,904,-1,539,904,887,-1,887,904,905,-1,887,905,889,-1,889,905,906,-1,889,906,891,-1,891,906,907,-1,891,907,894,-1,894,907,908,-1,894,908,897,-1,545,908,909,-1,909,908,907,-1,909,907,910,-1,910,907,906,-1,910,906,911,-1,911,906,905,-1,911,905,912,-1,912,905,904,-1,912,904,913,-1,913,904,900,-1,913,900,902,-1,545,909,914,-1,914,909,910,-1,914,910,915,-1,915,910,911,-1,915,911,916,-1,916,911,912,-1,916,912,917,-1,917,912,913,-1,917,913,918,-1,918,913,902,-1,918,902,502,-1,897,908,545,-1,543,541,899,-1,899,541,919,-1,920,896,919,-1,919,896,898,-1,919,898,899,-1,892,893,920,-1,920,893,895,-1,920,895,896,-1,920,921,892,-1,892,921,922,-1,892,922,890,-1,890,922,923,-1,890,923,888,-1,888,923,536,-1,888,536,538,-1,537,536,924,-1,537,924,925,-1,925,924,926,-1,925,926,927,-1,927,926,928,-1,927,928,929,-1,929,928,930,-1,929,930,931,-1,931,930,932,-1,931,932,933,-1,933,932,181,-1,933,181,180,-1,503,903,934,-1,934,903,935,-1,934,935,936,-1,936,935,937,-1,936,937,938,-1,938,937,939,-1,938,939,940,-1,940,939,941,-1,940,941,942,-1,942,941,943,-1,942,943,189,-1,189,943,177,-1,903,901,935,-1,935,901,944,-1,935,944,937,-1,937,944,945,-1,937,945,939,-1,939,945,946,-1,939,946,941,-1,941,946,947,-1,941,947,943,-1,943,947,948,-1,943,948,177,-1,177,948,178,-1,901,537,944,-1,944,537,925,-1,944,925,945,-1,945,925,927,-1,945,927,946,-1,946,927,929,-1,946,929,947,-1,947,929,931,-1,947,931,948,-1,948,931,933,-1,948,933,178,-1,178,933,180,-1,949,918,502,-1,502,504,949,-1,949,504,506,-1,949,506,950,-1,950,506,508,-1,950,508,951,-1,508,510,951,-1,951,510,512,-1,951,512,952,-1,512,514,952,-1,952,514,516,-1,952,516,953,-1,953,516,518,-1,953,518,954,-1,518,520,954,-1,954,520,522,-1,954,522,955,-1,522,524,955,-1,955,524,526,-1,955,526,956,-1,956,526,528,-1,956,528,957,-1,534,958,532,-1,532,958,957,-1,532,957,530,-1,530,957,528,-1,958,959,957,-1,957,959,960,-1,957,960,956,-1,956,960,961,-1,956,961,955,-1,955,961,962,-1,955,962,954,-1,954,962,963,-1,954,963,953,-1,953,963,964,-1,953,964,952,-1,952,964,965,-1,952,965,951,-1,951,965,966,-1,951,966,950,-1,950,966,967,-1,950,967,949,-1,949,967,968,-1,949,968,918,-1,918,968,917,-1,959,969,960,-1,960,969,970,-1,960,970,961,-1,961,970,971,-1,961,971,962,-1,962,971,972,-1,962,972,963,-1,963,972,973,-1,963,973,964,-1,964,973,974,-1,964,974,965,-1,965,974,975,-1,965,975,966,-1,966,975,976,-1,966,976,967,-1,967,976,977,-1,967,977,968,-1,968,977,978,-1,968,978,917,-1,917,978,916,-1,969,979,970,-1,970,979,980,-1,970,980,971,-1,971,980,981,-1,971,981,972,-1,972,981,982,-1,972,982,973,-1,973,982,983,-1,973,983,974,-1,974,983,984,-1,974,984,975,-1,975,984,985,-1,975,985,976,-1,976,985,986,-1,976,986,977,-1,977,986,987,-1,977,987,978,-1,978,987,988,-1,978,988,916,-1,916,988,915,-1,979,989,980,-1,980,989,990,-1,980,990,981,-1,981,990,991,-1,981,991,982,-1,982,991,992,-1,982,992,983,-1,983,992,993,-1,983,993,984,-1,984,993,994,-1,984,994,985,-1,985,994,995,-1,985,995,986,-1,986,995,996,-1,986,996,987,-1,987,996,997,-1,987,997,988,-1,988,997,998,-1,988,998,915,-1,915,998,914,-1,989,553,990,-1,990,553,554,-1,990,554,991,-1,991,554,555,-1,991,555,992,-1,992,555,552,-1,992,552,993,-1,993,552,551,-1,993,551,994,-1,994,551,550,-1,994,550,995,-1,995,550,549,-1,995,549,996,-1,996,549,548,-1,996,548,997,-1,997,548,547,-1,997,547,998,-1,998,547,546,-1,998,546,914,-1,914,546,545,-1,536,923,924,-1,924,923,999,-1,924,999,926,-1,926,999,1000,-1,926,1000,928,-1,928,1000,1001,-1,928,1001,930,-1,930,1001,1002,-1,930,1002,932,-1,932,1002,1003,-1,932,1003,181,-1,181,1003,146,-1,923,922,999,-1,999,922,1004,-1,999,1004,1000,-1,1000,1004,1005,-1,1000,1005,1001,-1,1001,1005,1006,-1,1001,1006,1002,-1,1002,1006,1007,-1,1002,1007,1003,-1,1003,1007,1008,-1,1003,1008,146,-1,146,1008,145,-1,922,921,1004,-1,1004,921,1009,-1,1004,1009,1005,-1,1005,1009,1010,-1,1005,1010,1006,-1,1006,1010,1011,-1,1006,1011,1007,-1,1007,1011,1012,-1,1007,1012,1008,-1,1008,1012,1013,-1,1008,1013,145,-1,145,1013,158,-1,921,920,1009,-1,1009,920,1014,-1,1009,1014,1010,-1,1010,1014,1015,-1,1010,1015,1011,-1,1011,1015,1016,-1,1011,1016,1012,-1,1012,1016,1017,-1,1012,1017,1013,-1,1013,1017,1018,-1,1013,1018,158,-1,158,1018,159,-1,920,919,1014,-1,1014,919,1019,-1,1014,1019,1015,-1,1015,1019,1020,-1,1015,1020,1016,-1,1016,1020,1021,-1,1016,1021,1017,-1,1017,1021,1022,-1,1017,1022,1018,-1,1018,1022,1023,-1,1018,1023,159,-1,159,1023,160,-1,919,541,1019,-1,1019,541,1024,-1,1019,1024,1020,-1,1020,1024,1025,-1,1020,1025,1021,-1,1021,1025,1026,-1,1021,1026,1022,-1,1022,1026,1027,-1,1022,1027,1023,-1,1023,1027,1028,-1,1023,1028,160,-1,160,1028,130,-1,531,529,1029,-1,521,519,1030,-1,511,509,1031,-1,188,186,1032,-1,1032,186,1033,-1,1032,1033,1034,-1,1034,1033,1035,-1,1034,1035,1036,-1,1036,1035,1037,-1,1036,1037,1038,-1,1038,1037,1039,-1,1038,1039,1040,-1,1040,1039,1031,-1,197,195,1041,-1,1041,195,1042,-1,1041,1042,1043,-1,1043,1042,1044,-1,1043,1044,1045,-1,1045,1044,1046,-1,1045,1046,1047,-1,1047,1046,1048,-1,1047,1048,1049,-1,1049,1048,1030,-1,191,190,1050,-1,1050,190,1051,-1,1050,1051,1052,-1,1052,1051,1053,-1,1052,1053,1054,-1,1054,1053,1055,-1,1054,1055,1056,-1,1056,1055,1057,-1,1056,1057,1058,-1,1058,1057,1029,-1,189,188,942,-1,942,188,1032,-1,942,1032,940,-1,940,1032,1034,-1,940,1034,938,-1,938,1034,1036,-1,938,1036,936,-1,936,1036,1038,-1,936,1038,934,-1,934,1038,1040,-1,934,1040,503,-1,503,1040,505,-1,1031,509,1040,-1,1040,509,507,-1,1040,507,505,-1,513,511,1059,-1,1059,511,1031,-1,1059,1031,1060,-1,1060,1031,1039,-1,1060,1039,1061,-1,1061,1039,1037,-1,1061,1037,1062,-1,1062,1037,1035,-1,1062,1035,1063,-1,1063,1035,1033,-1,1063,1033,198,-1,198,1033,186,-1,198,197,1063,-1,1063,197,1041,-1,1063,1041,1062,-1,1062,1041,1043,-1,1062,1043,1061,-1,1061,1043,1045,-1,1061,1045,1060,-1,1060,1045,1047,-1,1060,1047,1059,-1,1059,1047,1049,-1,1059,1049,513,-1,513,1049,515,-1,1030,519,1049,-1,1049,519,517,-1,1049,517,515,-1,523,521,1064,-1,1064,521,1030,-1,1064,1030,1065,-1,1065,1030,1048,-1,1065,1048,1066,-1,1066,1048,1046,-1,1066,1046,1067,-1,1067,1046,1044,-1,1067,1044,1068,-1,1068,1044,1042,-1,1068,1042,193,-1,193,1042,195,-1,193,191,1068,-1,1068,191,1050,-1,1068,1050,1067,-1,1067,1050,1052,-1,1067,1052,1066,-1,1066,1052,1054,-1,1066,1054,1065,-1,1065,1054,1056,-1,1065,1056,1064,-1,1064,1056,1058,-1,1064,1058,523,-1,523,1058,525,-1,1029,529,1058,-1,1058,529,527,-1,1058,527,525,-1,533,531,1069,-1,1069,531,1029,-1,1069,1029,1070,-1,1070,1029,1057,-1,1070,1057,1071,-1,1071,1057,1055,-1,1071,1055,1072,-1,1072,1055,1053,-1,1072,1053,1073,-1,1073,1053,1051,-1,1073,1051,175,-1,175,1051,190,-1,175,173,1073,-1,1073,173,1074,-1,1073,1074,1072,-1,1072,1074,1075,-1,1072,1075,1071,-1,1071,1075,1076,-1,1071,1076,1070,-1,1070,1076,1077,-1,1070,1077,1069,-1,1069,1077,1078,-1,1069,1078,533,-1,533,1078,535,-1,534,535,1079,-1,1079,535,1080,-1,1079,1080,1081,-1,1081,1080,1082,-1,1081,1082,499,-1,499,1082,501,-1,534,1079,1083,-1,534,1083,958,-1,958,1083,1084,-1,958,1084,959,-1,959,1084,1085,-1,959,1085,969,-1,969,1085,1086,-1,969,1086,979,-1,979,1086,1087,-1,979,1087,989,-1,553,1087,1088,-1,1088,1087,1086,-1,1088,1086,1089,-1,1089,1086,1085,-1,1089,1085,1090,-1,1090,1085,1084,-1,1090,1084,1091,-1,1091,1084,1083,-1,1091,1083,1092,-1,1092,1083,1079,-1,1092,1079,1081,-1,553,1088,1093,-1,1093,1088,1089,-1,1093,1089,1094,-1,1094,1089,1090,-1,1094,1090,1095,-1,1095,1090,1091,-1,1095,1091,1096,-1,1096,1091,1092,-1,1096,1092,1097,-1,1097,1092,1081,-1,1097,1081,499,-1,989,1087,553,-1,540,1098,541,-1,541,1098,1024,-1,1098,1099,1024,-1,1024,1099,1100,-1,1024,1100,1025,-1,1100,1101,1025,-1,1025,1101,1102,-1,1025,1102,1026,-1,1102,1103,1026,-1,1026,1103,1104,-1,1026,1104,1027,-1,1104,1105,1027,-1,1027,1105,1106,-1,1027,1106,1028,-1,131,130,1107,-1,1107,130,1028,-1,1107,1028,1108,-1,1108,1028,1106,-1,587,582,1109,-1,1109,582,581,-1,1109,581,1110,-1,585,1111,581,-1,581,1111,1112,-1,581,1112,1110,-1,1113,1114,580,-1,580,1114,1115,-1,580,1115,585,-1,585,1115,1116,-1,585,1116,1111,-1,580,579,1113,-1,1113,579,124,-1,1113,124,131,-1,501,1082,1117,-1,1117,1082,1118,-1,1117,1118,1119,-1,1119,1118,1120,-1,1119,1120,1121,-1,1121,1120,1122,-1,1121,1122,1123,-1,1123,1122,1124,-1,1123,1124,1125,-1,1125,1124,1126,-1,1125,1126,167,-1,167,1126,168,-1,1082,1080,1118,-1,1118,1080,1127,-1,1118,1127,1120,-1,1120,1127,1128,-1,1120,1128,1122,-1,1122,1128,1129,-1,1122,1129,1124,-1,1124,1129,1130,-1,1124,1130,1126,-1,1126,1130,1131,-1,1126,1131,168,-1,168,1131,172,-1,1080,535,1127,-1,1127,535,1078,-1,1127,1078,1128,-1,1128,1078,1077,-1,1128,1077,1129,-1,1129,1077,1076,-1,1129,1076,1130,-1,1130,1076,1075,-1,1130,1075,1131,-1,1131,1075,1074,-1,1131,1074,172,-1,172,1074,173,-1,494,553,1132,-1,1132,553,1093,-1,1094,1133,1093,-1,1093,1133,1134,-1,1093,1134,1132,-1,1135,1136,1094,-1,1094,1136,1137,-1,1094,1137,1133,-1,1094,1095,1135,-1,1135,1095,1096,-1,1135,1096,1138,-1,1138,1096,1097,-1,1138,1097,1139,-1,1139,1097,499,-1,1139,499,498,-1,1113,131,1140,-1,1141,1142,1143,-1,1144,1145,1146,-1,1147,1148,1149,-1,1149,1148,587,-1,1150,1151,1152,-1,1152,1151,1153,-1,1152,1153,1154,-1,1155,1156,1157,-1,1157,1156,1158,-1,1157,1158,1159,-1,540,1155,1098,-1,1098,1155,1157,-1,1098,1157,1099,-1,1099,1157,1159,-1,1160,1101,1159,-1,1159,1101,1100,-1,1159,1100,1099,-1,1161,1103,1160,-1,1160,1103,1102,-1,1160,1102,1101,-1,587,1109,1149,-1,1149,1109,1110,-1,1149,1110,1162,-1,1163,1105,1161,-1,1161,1105,1104,-1,1161,1104,1103,-1,1110,1112,1162,-1,1162,1112,1111,-1,1162,1111,1164,-1,131,1107,1165,-1,1165,1107,1108,-1,1165,1108,1163,-1,1163,1108,1106,-1,1163,1106,1105,-1,1158,1141,1159,-1,1159,1141,1143,-1,1159,1143,1160,-1,1160,1143,1166,-1,1160,1166,1161,-1,1161,1166,1167,-1,1161,1167,1163,-1,1163,1167,1168,-1,1163,1168,1165,-1,1165,1168,1169,-1,1165,1169,131,-1,1142,1150,1143,-1,1143,1150,1152,-1,1143,1152,1166,-1,1166,1152,1154,-1,1166,1154,1167,-1,1167,1154,1170,-1,1167,1170,1168,-1,1168,1170,1171,-1,1168,1171,1169,-1,1169,1171,1172,-1,1169,1172,131,-1,1145,1147,1146,-1,1146,1147,1149,-1,1146,1149,1173,-1,1173,1149,1162,-1,1173,1162,1174,-1,1174,1162,1164,-1,1174,1164,1175,-1,1175,1164,1140,-1,1175,1140,131,-1,1111,1116,1164,-1,1164,1116,1115,-1,1164,1115,1140,-1,1140,1115,1114,-1,1140,1114,1113,-1,1153,1144,1154,-1,1154,1144,1146,-1,1154,1146,1170,-1,1170,1146,1173,-1,1170,1173,1171,-1,1171,1173,1174,-1,1171,1174,1172,-1,1172,1174,1175,-1,1172,1175,131,-1,500,501,1117,-1,500,1117,1176,-1,1176,1117,1119,-1,1176,1119,1177,-1,1177,1119,1121,-1,1177,1121,1178,-1,1178,1121,1123,-1,1178,1123,1179,-1,1179,1123,1125,-1,1179,1125,1180,-1,1180,1125,167,-1,1180,167,169,-1,498,500,1181,-1,498,1181,1139,-1,1139,1181,1182,-1,1139,1182,1138,-1,1138,1182,1183,-1,1138,1183,1135,-1,1135,1183,1136,-1,1136,1183,1184,-1,1136,1184,1137,-1,1137,1184,1133,-1,1133,1184,1185,-1,1133,1185,1134,-1,1134,1185,1132,-1,1132,1185,496,-1,1132,496,494,-1,540,542,1186,-1,540,1186,1155,-1,1155,1186,1187,-1,1155,1187,1156,-1,1156,1187,1188,-1,1156,1188,1158,-1,1158,1188,1189,-1,1158,1189,1141,-1,1141,1189,1190,-1,1141,1190,1142,-1,1142,1190,1191,-1,1142,1191,1150,-1,1192,1153,1193,-1,1193,1153,1151,-1,1193,1151,1194,-1,1194,1151,1150,-1,1194,1150,1195,-1,1195,1150,1191,-1,586,587,1196,-1,1196,587,1148,-1,1196,1148,1197,-1,1197,1148,1147,-1,1197,1147,1198,-1,1198,1147,1145,-1,1198,1145,1192,-1,1192,1145,1144,-1,1192,1144,1153,-1,560,561,1199,-1,1199,561,584,-1,1199,584,1200,-1,1200,584,1201,-1,1201,584,583,-1,1201,583,586,-1,496,1185,1202,-1,1202,1185,1203,-1,1202,1203,1204,-1,1204,1203,1205,-1,1204,1205,1206,-1,1206,1205,1207,-1,1206,1207,1208,-1,1208,1207,1209,-1,1208,1209,1210,-1,1210,1209,1211,-1,1210,1211,136,-1,136,1211,132,-1,1185,1184,1203,-1,1203,1184,1212,-1,1203,1212,1205,-1,1205,1212,1213,-1,1205,1213,1207,-1,1207,1213,1214,-1,1207,1214,1209,-1,1209,1214,1215,-1,1209,1215,1211,-1,1211,1215,1216,-1,1211,1216,132,-1,132,1216,133,-1,1184,1183,1212,-1,1212,1183,1217,-1,1212,1217,1213,-1,1213,1217,1218,-1,1213,1218,1214,-1,1214,1218,1219,-1,1214,1219,1215,-1,1215,1219,1220,-1,1215,1220,1216,-1,1216,1220,1221,-1,1216,1221,133,-1,133,1221,142,-1,1183,1182,1217,-1,1217,1182,1222,-1,1217,1222,1218,-1,1218,1222,1223,-1,1218,1223,1219,-1,1219,1223,1224,-1,1219,1224,1220,-1,1220,1224,1225,-1,1220,1225,1221,-1,1221,1225,1226,-1,1221,1226,142,-1,142,1226,143,-1,1182,1181,1222,-1,1222,1181,1227,-1,1222,1227,1223,-1,1223,1227,1228,-1,1223,1228,1224,-1,1224,1228,1229,-1,1224,1229,1225,-1,1225,1229,1230,-1,1225,1230,1226,-1,1226,1230,1231,-1,1226,1231,143,-1,143,1231,150,-1,1181,500,1227,-1,1227,500,1176,-1,1227,1176,1228,-1,1228,1176,1177,-1,1228,1177,1229,-1,1229,1177,1178,-1,1229,1178,1230,-1,1230,1178,1179,-1,1230,1179,1231,-1,1231,1179,1180,-1,1231,1180,150,-1,150,1180,169,-1,1190,1189,1232,-1,1232,1189,1188,-1,1195,1233,1194,-1,1194,1233,1193,-1,1193,1233,1192,-1,1192,1233,1234,-1,1192,1234,1198,-1,1198,1234,1197,-1,1197,1234,1235,-1,1197,1235,1196,-1,1196,1235,1201,-1,1196,1201,586,-1,1236,1237,1238,-1,1238,1237,1239,-1,1238,1239,1240,-1,1240,1239,1232,-1,1240,1232,1241,-1,1241,1232,1188,-1,1241,1188,1242,-1,1242,1188,1187,-1,1242,1187,1243,-1,1243,1187,1186,-1,1243,1186,542,-1,1236,1244,1237,-1,1237,1244,1245,-1,1237,1245,1246,-1,1247,1248,1249,-1,1249,1248,1246,-1,1249,1246,1250,-1,1250,1246,1245,-1,1247,560,1248,-1,1248,560,1199,-1,1248,1199,1200,-1,1190,1232,1191,-1,1191,1232,1239,-1,1191,1239,1195,-1,1195,1239,1237,-1,1195,1237,1233,-1,1233,1237,1246,-1,1233,1246,1234,-1,1234,1246,1248,-1,1234,1248,1235,-1,1235,1248,1200,-1,1235,1200,1201,-1,589,1251,577,-1,577,1251,578,-1,1251,1252,578,-1,578,1252,1253,-1,578,1253,574,-1,1253,1254,574,-1,574,1254,1255,-1,574,1255,573,-1,1255,1256,573,-1,573,1256,1257,-1,573,1257,572,-1,1257,1258,572,-1,572,1258,135,-1,572,135,118,-1,497,496,1259,-1,1259,496,1202,-1,1259,1202,1260,-1,1260,1202,1261,-1,1261,1202,1204,-1,1261,1204,1262,-1,1262,1204,1263,-1,1263,1204,1206,-1,1263,1206,1264,-1,1264,1206,1265,-1,1265,1206,1208,-1,1265,1208,1266,-1,1266,1208,1267,-1,1267,1208,1210,-1,1267,1210,1268,-1,1268,1210,1269,-1,1269,1210,136,-1,1269,136,135,-1,1270,559,560,-1,560,1247,1270,-1,1270,1247,1249,-1,1270,1249,1271,-1,1249,1250,1271,-1,1271,1250,1245,-1,1271,1245,1272,-1,1245,1244,1272,-1,1272,1244,1236,-1,1272,1236,1273,-1,1273,1236,1238,-1,1273,1238,1274,-1,1274,1238,1240,-1,1274,1240,1275,-1,1275,1240,1241,-1,1275,1241,1276,-1,1276,1241,1242,-1,1276,1242,1277,-1,1277,1242,544,-1,544,1242,1243,-1,544,1243,542,-1,1278,1279,135,-1,1256,1255,1280,-1,1281,1282,1283,-1,1262,1263,1284,-1,1285,1286,1287,-1,1287,1286,1288,-1,1289,1290,1291,-1,1292,1293,1294,-1,1295,497,1259,-1,1294,1293,1296,-1,1296,1293,1297,-1,1296,1297,1290,-1,1289,1291,1288,-1,1288,1291,1287,-1,1287,1291,1298,-1,1287,1298,1285,-1,1299,1283,1300,-1,1300,1283,1282,-1,1300,1282,1301,-1,1261,1297,1260,-1,1260,1297,1293,-1,1260,1293,1259,-1,1259,1293,1292,-1,1259,1292,1295,-1,589,1301,1251,-1,1251,1301,1282,-1,1251,1282,1252,-1,1252,1282,1281,-1,1252,1281,1253,-1,1253,1281,1254,-1,1255,1254,1280,-1,1280,1254,1281,-1,1280,1281,1302,-1,1302,1281,1283,-1,1302,1283,1298,-1,1298,1283,1299,-1,1298,1299,1285,-1,1264,1265,1303,-1,1303,1265,1304,-1,1303,1304,1305,-1,1290,1297,1291,-1,1291,1297,1306,-1,1291,1306,1298,-1,1298,1306,1307,-1,1298,1307,1302,-1,1302,1307,1308,-1,1302,1308,1280,-1,1280,1308,1309,-1,1280,1309,1256,-1,1279,1278,1305,-1,1305,1304,1279,-1,1279,1304,1310,-1,1279,1310,135,-1,1269,135,1310,-1,1265,1266,1304,-1,1304,1266,1267,-1,1304,1267,1310,-1,1310,1267,1268,-1,1310,1268,1269,-1,135,1258,1309,-1,1309,1258,1257,-1,1309,1257,1256,-1,1261,1262,1297,-1,1297,1262,1284,-1,1297,1284,1306,-1,1306,1284,1311,-1,1306,1311,1307,-1,1307,1311,1312,-1,1307,1312,1308,-1,1308,1312,1313,-1,1308,1313,1309,-1,1309,1313,135,-1,1263,1264,1284,-1,1284,1264,1303,-1,1284,1303,1311,-1,1311,1303,1305,-1,1311,1305,1312,-1,1312,1305,1278,-1,1312,1278,1313,-1,1313,1278,135,-1,558,559,1270,-1,558,1270,1314,-1,1314,1270,1271,-1,1314,1271,1315,-1,1315,1271,1272,-1,1315,1272,1316,-1,1316,1272,1273,-1,1316,1273,1317,-1,1317,1273,1318,-1,1318,1273,1274,-1,1318,1274,1275,-1,544,493,1277,-1,1277,493,1319,-1,1277,1319,1276,-1,1276,1319,1320,-1,1276,1320,1275,-1,1275,1320,1321,-1,1275,1321,1318,-1,495,497,1322,-1,1322,497,1295,-1,1322,1295,1323,-1,1323,1295,1324,-1,1324,1295,1292,-1,1324,1292,1325,-1,1292,1294,1325,-1,1325,1294,1296,-1,1325,1296,1326,-1,1326,1296,1290,-1,1326,1290,1327,-1,1327,1290,1289,-1,589,588,1301,-1,1301,588,1328,-1,1301,1328,1300,-1,1300,1328,1329,-1,1300,1329,1299,-1,1299,1329,1330,-1,1299,1330,1285,-1,1285,1330,1331,-1,1285,1331,1286,-1,1286,1331,1332,-1,1286,1332,1288,-1,1288,1332,1333,-1,1288,1333,1289,-1,1289,1333,1334,-1,1289,1334,1327,-1,493,495,1335,-1,493,1335,1319,-1,1319,1335,1336,-1,1319,1336,1320,-1,1320,1336,1337,-1,1320,1337,1321,-1,1321,1337,1338,-1,1321,1338,1318,-1,1318,1338,1339,-1,1318,1339,1317,-1,1317,1339,1340,-1,1317,1340,1316,-1,1316,1340,1341,-1,1316,1341,1315,-1,1341,1342,1315,-1,1315,1342,1343,-1,1315,1343,1314,-1,1314,1343,1344,-1,1314,1344,558,-1,558,1344,1345,-1,558,1345,556,-1,1346,556,1345,-1,1322,1335,495,-1,1335,1322,1336,-1,1328,1347,1329,-1,1329,1347,1348,-1,1329,1348,1330,-1,1334,1333,1349,-1,1349,1333,1332,-1,1349,1332,1348,-1,1348,1332,1331,-1,1348,1331,1330,-1,1327,1350,1326,-1,1326,1350,1351,-1,1326,1351,1325,-1,1325,1351,1324,-1,1346,1345,1352,-1,1352,1345,1344,-1,1352,1344,1353,-1,1341,1354,1342,-1,1342,1354,1353,-1,1342,1353,1343,-1,1343,1353,1344,-1,1341,1340,1354,-1,1354,1340,1350,-1,1354,1350,1334,-1,1334,1350,1327,-1,1322,1323,1336,-1,1336,1323,1324,-1,1336,1324,1337,-1,1337,1324,1351,-1,1337,1351,1338,-1,1338,1351,1350,-1,1338,1350,1339,-1,1339,1350,1340,-1,1328,588,1347,-1,1347,588,1355,-1,1347,1355,1356,-1,1334,1349,1354,-1,1354,1349,1348,-1,1354,1348,1353,-1,1353,1348,1347,-1,1353,1347,1352,-1,1352,1347,1356,-1,1352,1356,1346,-1,556,1346,557,-1,557,1346,575,-1,588,576,1355,-1,1355,576,575,-1,1355,575,1356,-1,1356,575,1346,-1,36,38,122,-1,122,38,200,-1,127,204,128,-1,128,204,203,-1,139,207,138,-1,138,207,206,-1,121,201,19,-1,19,201,20,-1,1357,1358,72,-1,72,1358,71,-1,1359,1357,58,-1,58,1357,72,-1,57,71,1360,-1,1360,71,1358,-1,1360,1358,1359,-1,1359,1358,1357,-1,1361,1362,59,-1,59,1362,44,-1,1363,1361,61,-1,61,1361,59,-1,45,44,1364,-1,1364,44,1362,-1,1364,1362,1363,-1,1363,1362,1361,-1,45,1364,61,-1,61,1364,1363,-1,57,1360,58,-1,58,1360,1359,-1,1365,1366,56,-1,56,1366,79,-1,53,55,1367,-1,1367,55,1368,-1,1367,1368,1369,-1,1369,1368,1365,-1,1369,1365,64,-1,64,1365,56,-1,65,1370,1371,-1,1369,64,1372,-1,1372,64,65,-1,1372,65,1373,-1,1373,65,1371,-1,67,1374,1373,-1,1373,1374,1372,-1,1375,1376,68,-1,68,1376,1377,-1,51,53,1367,-1,1378,1379,1375,-1,1375,1379,51,-1,1375,51,1376,-1,1376,51,1367,-1,1380,1368,60,-1,60,1368,55,-1,1381,1382,1383,-1,1383,1382,1384,-1,79,1366,78,-1,78,1366,116,-1,78,116,83,-1,83,116,82,-1,1385,1381,69,-1,69,1381,1383,-1,69,1383,67,-1,67,1383,1374,-1,68,1377,70,-1,70,1377,1384,-1,70,1384,1386,-1,1386,1384,1382,-1,86,87,50,-1,50,87,117,-1,50,117,60,-1,60,117,1380,-1,117,116,1380,-1,1380,116,1366,-1,1380,1366,1368,-1,1368,1366,1365,-1,1369,1372,1367,-1,1367,1372,1374,-1,1376,1367,1377,-1,1377,1367,1374,-1,1377,1374,1384,-1,1384,1374,1383,-1,1386,1385,70,-1,70,1385,69,-1,1385,1386,1381,-1,1381,1386,1382,-1,66,67,1387,-1,1387,67,1388,-1,1387,1388,1370,-1,1370,1388,1371,-1,1389,1390,63,-1,63,1390,68,-1,1379,1378,1389,-1,1389,1378,1390,-1,66,1387,65,-1,65,1387,1370,-1,51,1379,63,-1,63,1379,1389,-1,68,1390,1375,-1,1375,1390,1378,-1,1373,1371,67,-1,67,1371,1388,-1,40,42,24,-1,24,42,96,-1,24,96,570,-1,569,16,570,-1,570,16,24,-1,16,569,17,-1,17,569,565,-1,17,565,30,-1,30,565,32,-1,32,565,563,-1,32,563,1391,-1,1391,563,1392,-1,562,1393,563,-1,563,1393,1392,-1,1394,1393,31,-1,31,1393,562,-1,31,562,29,-1,29,562,564,-1,566,34,564,-1,564,34,33,-1,564,33,29,-1,571,35,566,-1,566,35,34,-1,106,202,107,-1,107,202,35,-1,107,35,571,-1,1391,1394,32,-1,32,1394,31,-1,1394,1391,1393,-1,1393,1391,1392,-1,1395,1396,27,-1,27,1396,33,-1,28,29,1397,-1,1397,29,1398,-1,1397,1398,1395,-1,1395,1398,1396,-1,1399,1400,25,-1,25,1400,30,-1,18,17,1401,-1,1401,17,1402,-1,1401,1402,1399,-1,1399,1402,1400,-1,18,1401,25,-1,25,1401,1399,-1,30,1400,17,-1,17,1400,1402,-1,28,1397,27,-1,27,1397,1395,-1,33,1396,29,-1,29,1396,1398,-1,567,568,26,-1,26,568,22,-1,11,9,213,-1,213,9,114,-1,214,115,13,-1,13,115,15,-1,
        ]
    }
}
Shape{
    appearance Appearance {
        material  Material 	{
            diffuseColor 1.0 1.0 1.0
            specularColor 0.5019607843137255 0.5019607843137255 0.5019607843137255
            ambientIntensity 1.0
            transparency 0.0
            shininess 0.5
        }
    }
    geometry IndexedFaceSet {
        ccw TRUE
        solid FALSE
        coord DEF co Coordinate {
            point [
                0.7421 -3.8351 1.1614, 0.7421 -3.9409 1.1614, 1.7264 -3.8351 1.1614, 1.7264 -3.9409 1.1614
            ]
        }
        coordIndex [
            0,1,2,-1,2,1,3,-1,
        ]
    }
}
Shape{
    appearance Appearance {
        material  Material 	{
            diffuseColor 0.25098039215686274 0.25098039215686274 0.25098039215686274
            specularColor 0.12549019607843137 0.12549019607843137 0.12549019607843137
            ambientIntensity 0.251
            transparency 0.0
            shininess 0.5
        }
    }
    geometry IndexedFaceSet {
        ccw TRUE
        solid FALSE
        coord DEF co Coordinate {
            point [
                -1.2264 -3.8351 1.1614, -1.2264 -3.8351 2.4606, -1.2264 -3.9409 1.1614, -1.2264 -3.9409 2.4606, -0.2421 -3.9409 1.1614, -0.2421 -3.9409 2.4606, -0.2421 -3.8351 1.1614, -0.2421 -3.8351 2.4606
            ]
        }
        coordIndex [
            0,1,2,-1,2,1,3,-1,4,5,6,-1,6,5,7,-1,
        ]
    }
}
Shape{
    appearance Appearance {
        material  Material 	{
            diffuseColor 1.0 1.0 1.0
            specularColor 0.5019607843137255 0.5019607843137255 0.5019607843137255
            ambientIntensity 1.0
            transparency 0.0
            shininess 0.5
        }
    }
    geometry IndexedFaceSet {
        ccw TRUE
        solid FALSE
        coord DEF co Coordinate {
            point [
                -1.2264 -3.8351 1.1614, -1.2264 -3.9409 1.1614, -0.2421 -3.8351 1.1614, -0.2421 -3.9409 1.1614
            ]
        }
        coordIndex [
            0,1,2,-1,2,1,3,-1,
        ]
    }
}
Shape{
    appearance Appearance {
        material  Material 	{
            diffuseColor 0.25098039215686274 0.25098039215686274 0.25098039215686274
            specularColor 0.12549019607843137 0.12549019607843137 0.12549019607843137
            ambientIntensity 0.251
            transparency 0.0
            shininess 0.5
        }
    }
    geometry IndexedFaceSet {
        ccw TRUE
        solid FALSE
        coord DEF co Coordinate {
            point [
                0.7421 0.8351 1.1614, 0.7421 0.8351 2.4606, 1.7264 0.8351 1.1614, 1.7264 0.8351 2.4606, 0.7421 0.9409 1.1614, 0.7421 0.9409 2.4606, 1.7264 0.9409 1.1614, 1.7264 0.9409 2.4606
            ]
        }
        coordIndex [
            0,1,2,-1,2,1,3,-1,4,5,0,-1,0,5,1,-1,2,3,6,-1,6,3,7,-1,
        ]
    }
}
Shape{
    appearance Appearance {
        material  Material 	{
            diffuseColor 1.0 1.0 1.0
            specularColor 0.5019607843137255 0.5019607843137255 0.5019607843137255
            ambientIntensity 1.0
            transparency 0.0
            shininess 0.5
        }
    }
    geometry IndexedFaceSet {
        ccw TRUE
        solid FALSE
        coord DEF co Coordinate {
            point [
                0.7421 0.8351 1.1614, 1.7264 0.8351 1.1614, 0.7421 0.9409 1.1614, 1.7264 0.9409 1.1614
            ]
        }
        coordIndex [
            0,1,2,-1,2,1,3,-1,
        ]
    }
}
Shape{
    appearance Appearance {
        material  Material 	{
            diffuseColor 0.25098039215686274 0.25098039215686274 0.25098039215686274
            specularColor 0.12549019607843137 0.12549019607843137 0.12549019607843137
            ambientIntensity 0.251
            transparency 0.0
            shininess 0.5
        }
    }
    geometry IndexedFaceSet {
        ccw TRUE
        solid FALSE
        coord DEF co Coordinate {
            point [
                -1.2264 0.8351 1.1614, -1.2264 0.8351 2.4606, -0.2421 0.8351 1.1614, -0.2421 0.8351 2.4606, -1.2264 0.9409 1.1614, -1.2264 0.9409 2.4606, -0.2421 0.9409 1.1614, -0.2421 0.9409 2.4606
            ]
        }
        coordIndex [
            0,1,2,-1,2,1,3,-1,4,5,0,-1,0,5,1,-1,2,3,6,-1,6,3,7,-1,
        ]
    }
}
Shape{
    appearance Appearance {
        material  Material 	{
            diffuseColor 1.0 1.0 1.0
            specularColor 0.5019607843137255 0.5019607843137255 0.5019607843137255
            ambientIntensity 1.0
            transparency 0.0
            shininess 0.5
        }
    }
    geometry IndexedFaceSet {
        ccw TRUE
        solid FALSE
        coord DEF co Coordinate {
            point [
                -1.2264 0.8351 1.1614, -0.2421 0.8351 1.1614, -1.2264 0.9409 1.1614, -0.2421 0.9409 1.1614
            ]
        }
        coordIndex [
            0,1,2,-1,2,1,3,-1,
        ]
    }
}
Shape{
    appearance Appearance {
        material  Material 	{
            diffuseColor 0.25098039215686274 0.25098039215686274 0.25098039215686274
            specularColor 0.12549019607843137 0.12549019607843137 0.12549019607843137
            ambientIntensity 0.251
            transparency 0.0
            shininess 0.5
        }
    }
    geometry IndexedFaceSet {
        ccw TRUE
        solid FALSE
        coord DEF co Coordinate {
            point [
                1.6442 -3.8351 1.2384, 1.6442 -3.8351 2.4606, 1.6442 -4.1314 1.2384, 0.8162 -3.8351 1.2384, 0.8162 -4.1314 1.2384, 0.8162 -3.8351 2.4606, -0.331 -3.8351 1.2384, -0.331 -3.8351 2.4606, -0.331 -4.1314 1.2384, -1.1644 -3.8351 1.2384, -1.1644 -4.1314 1.2384, -1.1644 -3.8351 2.4606
            ]
        }
        coordIndex [
            0,1,2,-1,0,2,3,-1,3,2,4,-1,3,4,5,-1,2,1,4,-1,4,1,5,-1,6,7,8,-1,6,8,9,-1,9,8,10,-1,9,10,11,-1,8,7,10,-1,10,7,11,-1,
        ]
    }
}
Shape{
    appearance Appearance {
        material  Material 	{
            diffuseColor 1.0 1.0 0.0
            specularColor 0.5019607843137255 0.5019607843137255 0.0
            ambientIntensity 0.886
            transparency 0.0
            shininess 0.5
        }
    }
    geometry IndexedFaceSet {
        ccw TRUE
        solid FALSE
        coord DEF co Coordinate {
            point [
                2.3012 -2.3425 0.0591, 2.3012 -2.6575 0.0591, 2.3012 -2.6575 -1.1417, 2.3012 -2.5321 -1.3749, 2.3012 -2.5078 -1.378, 2.3012 -2.3425 -1.1417, 2.3012 -2.4922 -1.378, 2.3012 -2.3988 -1.3106, 2.3012 -2.6012 -1.3106, 2.3012 -2.5906 -1.3328, 2.3012 -2.5748 -1.3516, 2.3012 -2.555 -1.3659, 2.3012 -2.445 -1.3659, 2.3012 -2.4252 -1.3516, 2.3012 -2.4094 -1.3328, 2.3012 -2.4679 -1.3749, 2.1988 -2.6575 -1.1417, 2.1988 -2.6575 0.0591, 2.1988 -2.3425 0.0591, 2.1988 -2.3425 -1.1417, 2.1988 -2.6012 -1.3106, 2.1988 -2.4922 -1.378, 2.1988 -2.3988 -1.3106, 2.1988 -2.4094 -1.3328, 2.1988 -2.5321 -1.3749, 2.1988 -2.555 -1.3659, 2.1988 -2.5078 -1.378, 2.1988 -2.4252 -1.3516, 2.1988 -2.445 -1.3659, 2.1988 -2.4679 -1.3749, 2.1988 -2.5748 -1.3516, 2.1988 -2.5906 -1.3328
            ]
        }
        coordIndex [
            0,1,2,-1,3,4,5,-1,5,4,6,-1,5,6,7,-1,0,2,5,-1,5,2,8,-1,5,8,9,-1,9,10,5,-1,5,10,11,-1,5,11,3,-1,12,13,14,-1,7,6,14,-1,14,6,15,-1,14,15,12,-1,2,1,16,-1,16,1,17,-1,17,18,16,-1,16,18,19,-1,16,19,20,-1,21,22,23,-1,24,25,19,-1,22,21,19,-1,19,21,26,-1,19,26,24,-1,27,28,23,-1,23,28,29,-1,23,29,21,-1,25,30,19,-1,19,30,31,-1,19,31,20,-1,19,18,5,-1,5,18,0,-1,26,21,4,-1,4,21,6,-1,18,17,0,-1,0,17,1,-1,8,2,20,-1,20,2,16,-1,22,19,7,-1,7,19,5,-1,8,20,31,-1,8,31,9,-1,9,31,30,-1,9,30,10,-1,10,30,25,-1,10,25,11,-1,11,25,24,-1,11,24,3,-1,3,24,26,-1,3,26,4,-1,22,7,14,-1,22,14,23,-1,23,14,13,-1,23,13,27,-1,27,13,12,-1,27,12,28,-1,28,12,15,-1,28,15,29,-1,29,15,6,-1,29,6,21,-1,
        ]
    }
}
Shape{
    appearance Appearance {
        material  Material 	{
            diffuseColor 0.8549019607843137 0.8549019607843137 0.8549019607843137
            specularColor 0.42745098039215684 0.42745098039215684 0.42745098039215684
            ambientIntensity 0.8549
            transparency 0.0
            shininess 0.5
        }
    }
    geometry IndexedFaceSet {
        ccw TRUE
        solid FALSE
        coord DEF co Coordinate {
            point [
                1.3484 0.1575 0.0591, 1.3484 -0.1575 0.0591, 1.3484 -0.1575 -1.1417, 1.3484 -0.0321 -1.3749, 1.3484 -0.0078 -1.378, 1.3484 0.1575 -1.1417, 1.3484 0.0078 -1.378, 1.3484 0.1012 -1.3106, 1.3484 -0.1012 -1.3106, 1.3484 -0.0906 -1.3328, 1.3484 -0.0748 -1.3516, 1.3484 -0.055 -1.3659, 1.3484 0.055 -1.3659, 1.3484 0.0748 -1.3516, 1.3484 0.0906 -1.3328, 1.3484 0.0321 -1.3749, 1.1516 -0.1575 -1.1417, 1.1516 -0.1575 0.0591, 1.1516 0.1575 0.0591, 1.1516 0.1575 -1.1417, 1.1516 -0.1012 -1.3106, 1.1516 0.0078 -1.378, 1.1516 0.1012 -1.3106, 1.1516 0.0906 -1.3328, 1.1516 -0.0321 -1.3749, 1.1516 -0.055 -1.3659, 1.1516 -0.0078 -1.378, 1.1516 0.0748 -1.3516, 1.1516 0.055 -1.3659, 1.1516 0.0321 -1.3749, 1.1516 -0.0748 -1.3516, 1.1516 -0.0906 -1.3328
            ]
        }
        coordIndex [
            0,1,2,-1,3,4,5,-1,5,4,6,-1,5,6,7,-1,0,2,5,-1,5,2,8,-1,5,8,9,-1,9,10,5,-1,5,10,11,-1,5,11,3,-1,12,13,14,-1,7,6,14,-1,14,6,15,-1,14,15,12,-1,2,1,16,-1,16,1,17,-1,17,18,16,-1,16,18,19,-1,16,19,20,-1,21,22,23,-1,24,25,19,-1,22,21,19,-1,19,21,26,-1,19,26,24,-1,27,28,23,-1,23,28,29,-1,23,29,21,-1,25,30,19,-1,19,30,31,-1,19,31,20,-1,19,18,5,-1,5,18,0,-1,
        ]
    }
}
Shape{
    appearance Appearance {
        material  Material 	{
            diffuseColor 1.0 1.0 0.0
            specularColor 0.5019607843137255 0.5019607843137255 0.0
            ambientIntensity 0.886
            transparency 0.0
            shininess 0.5
        }
    }
    geometry IndexedFaceSet {
        ccw TRUE
        solid FALSE
        coord DEF co Coordinate {
            point [
                1.1516 -0.0078 -1.378, 1.1516 0.0078 -1.378, 1.3484 -0.0078 -1.378, 1.3484 0.0078 -1.378, 1.1516 0.1575 0.0591, 1.1516 -0.1575 0.0591, 1.3484 0.1575 0.0591, 1.3484 -0.1575 0.0591
            ]
        }
        coordIndex [
            0,1,2,-1,2,1,3,-1,4,5,6,-1,6,5,7,-1,
        ]
    }
}
Shape{
    appearance Appearance {
        material  Material 	{
            diffuseColor 0.8549019607843137 0.8549019607843137 0.8549019607843137
            specularColor 0.42745098039215684 0.42745098039215684 0.42745098039215684
            ambientIntensity 0.8549
            transparency 0.0
            shininess 0.5
        }
    }
    geometry IndexedFaceSet {
        ccw TRUE
        solid FALSE
        coord DEF co Coordinate {
            point [
                1.1516 0.1012 -1.3106, 1.1516 0.1575 -1.1417, 1.3484 0.1012 -1.3106, 1.3484 0.1575 -1.1417, 1.3484 -0.1012 -1.3106, 1.3484 -0.1575 -1.1417, 1.1516 -0.1012 -1.3106, 1.1516 -0.1575 -1.1417, 1.1516 -0.0906 -1.3328, 1.3484 -0.0906 -1.3328, 1.1516 -0.0748 -1.3516, 1.3484 -0.0748 -1.3516, 1.1516 -0.055 -1.3659, 1.3484 -0.055 -1.3659, 1.1516 -0.0321 -1.3749, 1.3484 -0.0321 -1.3749, 1.1516 -0.0078 -1.378, 1.3484 -0.0078 -1.378, 1.3484 0.0906 -1.3328, 1.1516 0.0906 -1.3328, 1.3484 0.0748 -1.3516, 1.1516 0.0748 -1.3516, 1.3484 0.055 -1.3659, 1.1516 0.055 -1.3659, 1.3484 0.0321 -1.3749, 1.1516 0.0321 -1.3749, 1.3484 0.0078 -1.378, 1.1516 0.0078 -1.378
            ]
        }
        coordIndex [
            0,1,2,-1,2,1,3,-1,4,5,6,-1,6,5,7,-1,4,6,8,-1,4,8,9,-1,9,8,10,-1,9,10,11,-1,11,10,12,-1,11,12,13,-1,13,12,14,-1,13,14,15,-1,15,14,16,-1,15,16,17,-1,0,2,18,-1,0,18,19,-1,19,18,20,-1,19,20,21,-1,21,20,22,-1,21,22,23,-1,23,22,24,-1,23,24,25,-1,25,24,26,-1,25,26,27,-1,
        ]
    }
}
Shape{
    appearance Appearance {
        material  Material 	{
            diffuseColor 1.0 1.0 1.0
            specularColor 0.5019607843137255 0.5019607843137255 0.5019607843137255
            ambientIntensity 1.0
            transparency 0.0
            shininess 0.5
        }
    }
    geometry IndexedFaceSet {
        ccw TRUE
        solid FALSE
        coord DEF co Coordinate {
            point [
                2.435 0.9409 2.4606, 1.7264 0.9409 2.4606, 2.435 0.9409 1.0827, 1.7264 0.9409 1.1614, 0.7421 0.9409 2.4606, -0.2421 0.9409 2.4606, 0.7421 0.9409 1.1614, -0.2421 0.9409 1.1614, 2.2122 0.9409 0.728, 2.2868 0.9409 0.7749, 2.3491 0.9409 0.8372, 2.3961 0.9409 0.9119, 2.4252 0.9409 0.9951, -1.2264 0.9409 2.4606, -1.935 0.9409 2.4606, -1.2264 0.9409 1.1614, -1.935 0.9409 1.0827, -1.9252 0.9409 0.9951, -1.7868 0.9409 0.7749, -1.7122 0.9409 0.728, -1.6289 0.9409 0.6988, -1.5413 0.9409 0.689, 2.0413 0.9409 0.689, 2.1289 0.9409 0.6988, -1.8961 0.9409 0.9119, -1.8491 0.9409 0.8372, -1.935 1.2559 2.4606, -1.2264 1.2559 2.4606, -1.935 1.2559 1.0827, -1.2264 1.2559 1.1614, -0.2421 1.2559 2.4606, 0.7421 1.2559 2.4606, -0.2421 1.2559 1.1614, 0.7421 1.2559 1.1614, -1.7122 1.2559 0.728, -1.7868 1.2559 0.7749, -1.8491 1.2559 0.8372, -1.8961 1.2559 0.9119, -1.9252 1.2559 0.9951, 1.7264 1.2559 2.4606, 2.435 1.2559 2.4606, 1.7264 1.2559 1.1614, 2.435 1.2559 1.0827, 2.4252 1.2559 0.9951, 2.2868 1.2559 0.7749, 2.2122 1.2559 0.728, 2.1289 1.2559 0.6988, 2.0413 1.2559 0.689, -1.5413 1.2559 0.689, -1.6289 1.2559 0.6988, 2.3961 1.2559 0.9119, 2.3491 1.2559 0.8372
            ]
        }
        coordIndex [
            0,1,2,-1,2,1,3,-1,4,5,6,-1,6,5,7,-1,8,9,3,-1,3,9,10,-1,10,11,3,-1,3,11,12,-1,3,12,2,-1,13,14,15,-1,15,14,16,-1,15,16,17,-1,18,19,15,-1,15,19,20,-1,15,20,7,-1,7,20,21,-1,7,21,6,-1,6,21,22,-1,6,22,3,-1,3,22,23,-1,3,23,8,-1,17,24,15,-1,15,24,25,-1,15,25,18,-1,26,27,28,-1,28,27,29,-1,30,31,32,-1,32,31,33,-1,34,35,29,-1,29,35,36,-1,36,37,29,-1,29,37,38,-1,29,38,28,-1,39,40,41,-1,41,40,42,-1,41,42,43,-1,44,45,41,-1,41,45,46,-1,41,46,33,-1,33,46,47,-1,33,47,32,-1,32,47,48,-1,32,48,29,-1,29,48,49,-1,29,49,34,-1,43,50,41,-1,41,50,51,-1,41,51,44,-1,27,26,13,-1,13,26,14,-1,5,4,30,-1,30,4,31,-1,42,40,2,-1,2,40,0,-1,16,14,28,-1,28,14,26,-1,21,48,22,-1,22,48,47,-1,1,0,39,-1,39,0,40,-1,41,33,3,-1,3,33,6,-1,31,4,33,-1,33,4,6,-1,41,3,39,-1,39,3,1,-1,32,29,7,-1,7,29,15,-1,27,13,29,-1,29,13,15,-1,32,7,30,-1,30,7,5,-1,
        ]
    }
}
Shape{
    appearance Appearance {
        material  Material 	{
            diffuseColor 1.0 1.0 1.0
            specularColor 0.8784313725490196 0.8784313725490196 0.8784313725490196
            ambientIntensity 1.0
            transparency 0.0
            shininess 0.5
        }
    }
    geometry IndexedFaceSet {
        ccw TRUE
        solid FALSE
        coord DEF co Coordinate {
            point [
                -1.5413 1.2559 0.689, -1.5413 0.9409 0.689, -1.6289 0.9409 0.6988, -1.6289 1.2559 0.6988, -1.7122 0.9409 0.728, -1.7122 1.2559 0.728, -1.7868 0.9409 0.7749, -1.7868 1.2559 0.7749, -1.8491 0.9409 0.8372, -1.8491 1.2559 0.8372, -1.8961 0.9409 0.9119, -1.8961 1.2559 0.9119, -1.9252 0.9409 0.9951, -1.9252 1.2559 0.9951, -1.935 0.9409 1.0827, -1.935 1.2559 1.0827, 2.0413 0.9409 0.689, 2.0413 1.2559 0.689, 2.1289 1.2559 0.6988, 2.1289 0.9409 0.6988, 2.2122 1.2559 0.728, 2.2122 0.9409 0.728, 2.2868 1.2559 0.7749, 2.2868 0.9409 0.7749, 2.3491 1.2559 0.8372, 2.3491 0.9409 0.8372, 2.3961 1.2559 0.9119, 2.3961 0.9409 0.9119, 2.4252 1.2559 0.9951, 2.4252 0.9409 0.9951, 2.435 1.2559 1.0827, 2.435 0.9409 1.0827
            ]
        }
        coordIndex [
            0,1,2,-1,0,2,3,-1,3,2,4,-1,3,4,5,-1,5,4,6,-1,5,6,7,-1,7,6,8,-1,7,8,9,-1,9,8,10,-1,9,10,11,-1,11,10,12,-1,11,12,13,-1,13,12,14,-1,13,14,15,-1,16,17,18,-1,16,18,19,-1,19,18,20,-1,19,20,21,-1,21,20,22,-1,21,22,23,-1,23,22,24,-1,23,24,25,-1,25,24,26,-1,25,26,27,-1,27,26,28,-1,27,28,29,-1,29,28,30,-1,29,30,31,-1,
        ]
    }
}
Shape{
    appearance Appearance {
        material  Material 	{
            diffuseColor 1.0 1.0 1.0
            specularColor 0.5019607843137255 0.5019607843137255 0.5019607843137255
            ambientIntensity 1.0
            transparency 0.0
            shininess 0.5
        }
    }
    geometry IndexedFaceSet {
        ccw TRUE
        solid FALSE
        coord DEF co Coordinate {
            point [
                -1.935 -3.9409 2.4606, -1.935 -4.2559 2.4606, -1.2264 -3.9409 2.4606, -1.2264 -4.2559 2.4606, 0.7421 -4.2559 2.4606, 0.7421 -3.9409 2.4606, -0.2421 -4.2559 2.4606, -0.2421 -3.9409 2.4606, 2.435 -3.9409 1.0827, 2.435 -3.9409 2.4606, 2.435 -4.2559 1.0827, 2.435 -4.2559 2.4606, 1.7264 -4.2559 2.4606, 1.7264 -4.2559 1.1614, 0.7421 -4.2559 1.1614, -0.2421 -4.2559 1.1614, 2.2122 -4.2559 0.728, 2.2868 -4.2559 0.7749, 2.3491 -4.2559 0.8372, 2.3961 -4.2559 0.9119, 2.4252 -4.2559 0.9951, -1.2264 -4.2559 1.1614, -1.935 -4.2559 1.0827, -1.9252 -4.2559 0.9951, -1.7868 -4.2559 0.7749, -1.7122 -4.2559 0.728, -1.6289 -4.2559 0.6988, -1.5413 -4.2559 0.689, 2.0413 -4.2559 0.689, 2.1289 -4.2559 0.6988, -1.8961 -4.2559 0.9119, -1.8491 -4.2559 0.8372, -1.935 -3.9409 1.0827, -1.2264 -3.9409 1.1614, -0.2421 -3.9409 1.1614, 0.7421 -3.9409 1.1614, -1.7122 -3.9409 0.728, -1.7868 -3.9409 0.7749, -1.8491 -3.9409 0.8372, -1.8961 -3.9409 0.9119, -1.9252 -3.9409 0.9951, 1.7264 -3.9409 2.4606, 1.7264 -3.9409 1.1614, 2.4252 -3.9409 0.9951, 2.2868 -3.9409 0.7749, 2.2122 -3.9409 0.728, 2.1289 -3.9409 0.6988, 2.0413 -3.9409 0.689, -1.5413 -3.9409 0.689, -1.6289 -3.9409 0.6988, 2.3961 -3.9409 0.9119, 2.3491 -3.9409 0.8372
            ]
        }
        coordIndex [
            0,1,2,-1,2,1,3,-1,4,5,6,-1,6,5,7,-1,8,9,10,-1,10,9,11,-1,11,12,10,-1,10,12,13,-1,4,6,14,-1,14,6,15,-1,16,17,13,-1,13,17,18,-1,18,19,13,-1,13,19,20,-1,13,20,10,-1,3,1,21,-1,21,1,22,-1,21,22,23,-1,24,25,21,-1,21,25,26,-1,21,26,15,-1,15,26,27,-1,15,27,14,-1,14,27,28,-1,14,28,13,-1,13,28,29,-1,13,29,16,-1,23,30,21,-1,21,30,31,-1,21,31,24,-1,22,1,32,-1,32,1,0,-1,0,2,32,-1,32,2,33,-1,7,5,34,-1,34,5,35,-1,36,37,33,-1,33,37,38,-1,38,39,33,-1,33,39,40,-1,33,40,32,-1,41,9,42,-1,42,9,8,-1,42,8,43,-1,44,45,42,-1,42,45,46,-1,42,46,35,-1,35,46,47,-1,35,47,34,-1,34,47,48,-1,34,48,33,-1,33,48,49,-1,33,49,36,-1,43,50,42,-1,42,50,51,-1,42,51,44,-1,28,27,47,-1,47,27,48,-1,11,9,12,-1,12,9,41,-1,13,42,14,-1,14,42,35,-1,14,35,4,-1,4,35,5,-1,12,41,13,-1,13,41,42,-1,15,34,21,-1,21,34,33,-1,21,33,3,-1,3,33,2,-1,6,7,15,-1,15,7,34,-1,8,10,20,-1,8,20,43,-1,43,20,19,-1,43,19,50,-1,50,19,18,-1,50,18,51,-1,51,18,17,-1,51,17,44,-1,44,17,16,-1,44,16,45,-1,45,16,29,-1,45,29,46,-1,46,29,28,-1,46,28,47,-1,22,32,40,-1,22,40,23,-1,23,40,39,-1,23,39,30,-1,30,39,38,-1,30,38,31,-1,31,38,37,-1,31,37,24,-1,24,37,36,-1,24,36,25,-1,25,36,49,-1,25,49,26,-1,26,49,48,-1,26,48,27,-1,
        ]
    }
}
Shape{
    appearance Appearance {
        material  Material 	{
            diffuseColor 0.25098039215686274 0.25098039215686274 0.25098039215686274
            specularColor 0.12549019607843137 0.12549019607843137 0.12549019607843137
            ambientIntensity 0.251
            transparency 0.0
            shininess 0.5
        }
    }
    geometry IndexedFaceSet {
        ccw TRUE
        solid FALSE
        coord DEF co Coordinate {
            point [
                1.6442 1.1314 1.2384, 1.6442 0.8351 2.4606, 1.6442 0.8351 1.2384, 0.8162 1.1314 1.2384, 0.8162 0.8351 1.2384, 0.8162 0.8351 2.4606, -0.331 1.1314 1.2384, -0.331 0.8351 2.4606, -0.331 0.8351 1.2384, -1.1644 1.1314 1.2384, -1.1644 0.8351 1.2384, -1.1644 0.8351 2.4606
            ]
        }
        coordIndex [
            0,1,2,-1,0,2,3,-1,3,2,4,-1,5,3,4,-1,5,4,1,-1,1,4,2,-1,1,0,5,-1,5,0,3,-1,6,7,8,-1,6,8,9,-1,9,8,10,-1,11,9,10,-1,11,10,7,-1,7,10,8,-1,7,6,11,-1,11,6,9,-1,
        ]
    }
}
Shape{
    appearance Appearance {
        material  Material 	{
            diffuseColor 1.0 1.0 1.0
            specularColor 0.5019607843137255 0.5019607843137255 0.5019607843137255
            ambientIntensity 1.0
            transparency 0.0
            shininess 0.5
        }
    }
    geometry IndexedFaceSet {
        ccw TRUE
        solid FALSE
        coord DEF co Coordinate {
            point [
                -1.2264 -4.2559 2.7362, -2.4272 -4.2559 2.7362, -1.2264 -4.2559 2.4606, -2.4272 -4.2559 2.4606, -0.2421 -4.2559 2.4606, 0.7421 -4.2559 2.4606, -0.2421 -4.2559 2.7362, 0.7421 -4.2559 2.7362, -1.2264 1.2559 2.4606, -2.4272 1.2559 2.4606, -1.2264 1.2559 2.7362, -2.4272 1.2559 2.7362, -0.2421 1.2559 2.7362, 0.7421 1.2559 2.7362, -0.2421 1.2559 2.4606, 0.7421 1.2559 2.4606, -1.2264 0.8503 2.4606, -2.3541 0.8503 2.4606, -2.5291 1.2425 2.4606, -2.624 1.2032 2.4606, -1.2264 -3.8503 2.4606, -2.3541 -3.8503 2.4606, -2.5291 -4.2425 2.4606, -2.8075 0.9641 2.4606, -2.7681 1.0591 2.4606, -2.7056 1.1406 2.4606, -2.624 -4.2032 2.4606, -2.7056 -4.1406 2.4606, -2.7681 -4.0591 2.4606, -2.8075 -3.9641 2.4606, -2.8209 -3.8622 2.4606, -2.8209 0.8622 2.4606, -0.2421 0.8503 2.4606, 0.7421 0.8503 2.4606, 1.7264 -4.2559 2.4606, 1.7264 -3.8503 2.4606, 2.9272 -4.2559 2.4606, 2.8541 -3.8503 2.4606, 3.0291 -4.2425 2.4606, 3.124 -4.2032 2.4606, 2.8541 0.8503 2.4606, 3.2056 1.1406 2.4606, 3.2681 1.0591 2.4606, 1.7264 0.8503 2.4606, 1.7264 1.2559 2.4606, 2.9272 1.2559 2.4606, 3.3075 0.9641 2.4606, 3.3209 0.8622 2.4606, 3.3209 -3.8622 2.4606, 3.3075 -3.9641 2.4606, 3.0291 1.2425 2.4606, 3.124 1.2032 2.4606, 3.2681 -4.0591 2.4606, 3.2056 -4.1406 2.4606, -2.8209 0.8622 2.7362, -2.8209 -3.8622 2.7362, 1.7264 -4.2559 2.7362, 2.9272 -4.2559 2.7362, 3.3209 0.8622 2.7362, 3.3209 -3.8622 2.7362, 1.7264 1.2559 2.7362, 2.9272 1.2559 2.7362, -1.2405 0.2126 4.5079, -1.2461 0.1539 4.5079, -0.9311 -0.0236 4.5079, -1.2461 -3.1539 4.5079, -0.9311 -2.9764 4.5079, -1.2405 -3.2126 4.5079, 1.4311 -2.9764 4.5079, 2.0209 -3.2126 4.5079, 1.4311 -0.0236 4.5079, 2.0209 0.2126 4.5079, -0.2421 -3.8503 2.4606, 0.7421 -3.8503 2.4606, -1.7507 -3.2469 3.1798, -1.7613 -3.2428 3.1671, -1.8169 -3.2214 3.1009, -1.9233 -2.1578 2.9741, -1.9291 -2.1871 2.9671, -1.8169 -0.9809 3.1009, -1.9137 0.111 2.9855, -1.9233 0.0827 2.9741, -1.9311 -2.2169 2.9648, -1.9311 -3.0236 2.9648, -1.9291 -3.0534 2.9671, -1.7507 0.2469 3.1798, -1.7613 0.2428 3.1671, -1.8169 0.2214 3.1009, -1.8642 0.1851 3.0445, -1.9291 0.0534 2.9671, -1.9311 0.0236 2.9648, -1.9311 -0.7831 2.9648, -1.4822 -0.8422 3.4998, -1.4764 -0.8129 3.5067, -1.0327 -0.4711 4.0354, -1.4744 -0.7831 3.509, -1.4744 -0.0294 3.509, -1.9291 -0.8129 2.9671, -1.9137 -2.1295 2.9855, -1.9233 -3.0827 2.9741, -1.9137 -3.111 2.9855, -1.9005 -3.1378 3.0013, -1.4744 -2.9706 3.509, -1.4744 -2.2169 3.509, -1.0327 -2.5289 4.0354, -1.4764 -2.1871 3.5067, -1.8839 -3.1626 3.021, -1.8642 -3.1851 3.0445, -1.8839 0.1626 3.021, -1.9005 0.1378 3.0013, -1.9233 -0.8422 2.9741, -1.9137 -0.8705 2.9855, -1.9005 -0.8973 3.0013, -1.8839 -0.9221 3.021, -1.8642 -0.9446 3.0445, -1.5886 -2.0191 3.373, -1.5886 -0.9809 3.373, -1.5413 -0.9446 3.4293, -1.4822 -2.1578 3.4998, -1.4918 -2.1295 3.4883, -1.505 -2.1027 3.4726, -1.8642 -2.0554 3.0445, -1.8839 -2.0779 3.021, -1.9005 -2.1027 3.0013, -1.5216 -2.0779 3.4528, -1.5413 -2.0554 3.4293, -1.5216 -0.9221 3.4528, -1.505 -0.8973 3.4726, -1.4918 -0.8705 3.4883, -1.6437 -1.0037 3.3074, -1.6437 -1.9963 3.3074, -1.7028 -1.0114 3.2369, -1.7028 -1.9886 3.2369, -1.7619 -1.0037 3.1665, -1.7619 -1.9963 3.1665, -1.8169 -2.0191 3.1009, 1.7264 -3.8351 2.4788, 0.7421 -3.8351 2.4788, -0.2421 -3.8351 2.4788, -1.4744 -3.0236 3.4459, -1.2264 -3.8351 2.4788, -1.7269 -3.2507 3.1753, -1.7028 -3.252 3.1738, -1.673 -3.25 3.1761, -1.4822 -3.0827 3.3754, 1.5327 -2.5289 4.0354, -1.6437 -3.2442 3.183, -1.6154 -3.2346 3.1945, -1.5886 -3.2214 3.2102, -1.5638 -3.2048 3.23, -1.5413 -3.1851 3.2535, -1.505 -3.1378 3.3098, 1.5327 -0.4711 4.0354, -1.6437 0.2442 3.183, -1.673 0.25 3.1761, -1.2264 0.8351 2.4788, -1.7028 0.252 3.1738, -1.7269 0.2507 3.1753, 1.7264 0.8351 2.4788, 0.7421 0.8351 2.4788, -0.2421 0.8351 2.4788, -1.4744 0.0236 3.4459, -1.4822 0.0827 3.3754, -1.505 0.1378 3.3098, -1.5413 0.1851 3.2535, -1.5638 0.2048 3.23, -1.5886 0.2214 3.2102, -1.6154 0.2346 3.1945, -1.4822 0.0827 4.2422, -1.4764 0.0534 4.2488, -1.4918 0.111 4.2314, -1.4764 -3.0534 4.2488, -1.4744 -3.0236 4.251, -1.4744 -2.2169 4.251, -2.819 -3.9001 2.7383, -2.8136 -3.9377 2.7444, -1.8169 -0.9809 3.8657, -1.7619 0.2442 3.9276, -1.7028 0.252 3.9941, -2.8136 0.9377 2.7444, -1.6437 0.2442 4.0606, -1.5886 0.2214 4.1225, -1.5413 0.1851 4.1757, -1.9005 -0.8973 3.7716, -1.9137 -0.8705 3.7568, -1.8839 0.1626 3.7903, -1.8642 0.1851 3.8125, -1.8169 0.2214 3.8657, -1.4764 -2.1871 4.2488, -1.4822 -2.1578 4.2422, -1.8839 -0.9221 3.7903, -1.9233 -0.8422 3.746, -1.9291 -0.8129 3.7394, -1.9311 -0.7831 3.7372, -1.9311 0.0236 3.7372, -1.4822 -3.0827 4.2422, -1.4918 -3.111 4.2314, -1.505 -3.1378 4.2166, -1.7028 -3.252 3.9941, -1.6437 -3.2442 4.0606, -1.5886 -3.2214 4.1225, -1.9137 -3.111 3.7568, -1.9233 -3.0827 3.746, -1.4744 0.0236 4.251, -1.4744 -0.7831 4.251, -1.4764 -0.8129 4.2488, -1.4822 -0.8422 4.2422, -1.5886 -2.0191 4.1225, -1.8642 -0.9446 3.8125, -1.5216 0.1626 4.1979, -1.505 0.1378 4.2166, -1.5216 -3.1626 4.1979, -1.5413 -3.1851 4.1757, -1.7619 -3.2442 3.9276, -1.8169 -3.2214 3.8657, -1.8642 -3.1851 3.8125, -1.9291 -3.0534 3.7394, -1.9311 -3.0236 3.7372, -1.9311 -2.2169 3.7372, -1.8169 -2.0191 3.8657, -1.7619 -1.9963 3.9276, -1.9291 0.0534 3.7394, -1.9233 0.0827 3.746, -2.819 0.9001 2.7383, -1.9137 0.111 3.7568, -1.9005 0.1378 3.7716, -1.9291 -2.1871 3.7394, -1.9233 -2.1578 3.746, -1.9137 -2.1295 3.7568, -1.9005 -2.1027 3.7716, -1.5216 -2.0779 4.1979, -1.505 -2.1027 4.2166, -1.4918 -2.1295 4.2314, -1.8839 -2.0779 3.7903, -1.8642 -2.0554 3.8125, -1.5413 -2.0554 4.1757, -1.8839 -3.1626 3.7903, -1.9005 -3.1378 3.7716, -1.4918 -0.8705 4.2314, -1.505 -0.8973 4.2166, -1.5216 -0.9221 4.1979, -1.5413 -0.9446 4.1757, -1.5886 -0.9809 4.1225, -1.6437 -1.9963 4.0606, -1.6437 -1.0037 4.0606, -1.7028 -1.9886 3.9941, -1.7028 -1.0114 3.9941, -1.7619 -1.0037 3.9276, -1.2264 -3.8351 3.6831, -2.436 -4.2558 2.7364, -0.2421 -3.8351 3.6831, 0.7421 -3.8351 3.6831, 2.9582 -4.2547 2.739, 2.5812 -3.7519 3.8703, 1.7264 -3.8351 3.6831, -1.0693 -3.5724 4.2741, 2.0209 -3.5724 4.2741, 2.0506 -3.5727 4.2733, 2.1645 -3.5803 4.2564, 2.5319 -3.7033 3.9796, 2.4618 -3.6602 4.0765, 2.3744 -3.6246 4.1566, 2.2738 -3.5977 4.2172, 2.5665 0.7345 3.9095, 2.5812 0.7519 3.8703, 1.7264 0.8351 3.6831, 2.2443 0.5919 4.2302, 2.3459 0.6158 4.1766, 0.7421 0.8351 3.6831, 2.9582 1.2547 2.739, 2.1347 0.5773 4.263, -0.2421 0.8351 3.6831, -1.2264 0.8351 3.6831, -1.0693 0.5724 4.2741, 2.4359 0.6482 4.1036, 2.5106 0.6882 4.0136, 2.0209 0.5724 4.2741, -2.436 1.2558 2.7364, 3.3205 0.8799 2.7374, 2.9546 0.3921 3.8349, 2.9546 -3.3921 3.8349, 3.3205 -3.8799 2.7374, 2.1955 0.2172 4.4909, 2.0704 -3.213 4.5066, 2.195 -3.2179 4.4881, 2.2106 0.2176 4.4894, 2.2602 -3.2205 4.4783, 2.364 0.2298 4.4435, 2.3632 -3.2304 4.4414, 2.3932 0.2322 4.4347, 2.4425 -3.2379 4.413, 2.5214 0.2502 4.3671, 2.5205 -3.2505 4.366, 2.5626 0.256 4.3454, 2.61 -3.2649 4.3121, 2.6626 0.2776 4.2644, 2.6622 -3.2776 4.2643, 2.7126 0.2884 4.2238, 2.7556 -3.3005 4.1785, 2.7834 0.3112 4.1384, 2.7841 -3.3109 4.1393, 2.8371 0.3284 4.0737, 2.8725 -3.3435 4.0171, 2.8803 0.3499 3.9933, 2.8826 -3.3495 3.9948, 2.9303 0.3747 3.9002, 3.0291 -4.2425 2.75, 3.0501 -4.2362 2.7527, 3.124 -4.2032 2.7597, 3.1719 -4.1706 2.762, 3.1354 -4.1963 2.7604, 3.2663 -4.0618 2.7583, 3.24 -4.1013 2.7609, 3.2089 -4.1372 2.7622, 3.2054 -4.1404 2.7621, 3.3075 -3.9641 2.7483, 3.3039 -3.9744 2.7495, 3.2889 -4.0177 2.7543, 3.2681 -4.0591 2.7581, -2.8075 -3.9641 2.7499, -2.7818 -4.0332 2.7603, -2.7681 -4.0591 2.7628, -2.7257 -4.1189 2.7653, -2.7056 -4.1406 2.7648, -2.6476 -4.1884 2.7604, -2.624 -4.2032 2.7578, -2.5507 -4.236 2.7485, -2.5291 -4.2425 2.7457, -2.4832 -4.2519 2.7403, 2.9324 -3.4785 3.8658, 2.89 -3.5599 3.8879, 2.8298 -3.6316 3.8997, 2.7553 -3.6896 3.9006, 2.6708 -3.7305 3.8906, -1.1121 -3.5264 4.352, -1.1172 -3.5185 4.3602, -1.2296 -3.2573 4.5027, -1.2186 -3.3026 4.4975, -1.2 -3.3557 4.4783, -1.1888 -3.3878 4.4668, -1.1526 -3.4637 4.4174, -1.1617 -3.4446 4.4298, 2.426 -3.3145 4.4122, 2.2505 -3.2961 4.4731, 2.0684 -3.2882 4.4995, 2.0209 -3.5353 4.3398, 2.0548 -3.5356 4.339, 2.0209 -3.5255 4.3513, 2.0587 -3.4866 4.3964, 2.0209 -3.4863 4.3973, 2.0657 -3.3606 4.4781, 2.0209 -3.387 4.4652, 2.0624 -3.4276 4.4433, 2.0209 -3.4272 4.4443, 2.0209 -3.4626 4.4161, 2.0209 -3.2878 4.5006, 2.0209 -3.3023 4.4963, 2.0209 -3.3602 4.4792, 2.2375 -3.3688 4.4538, 2.2218 -3.436 4.4209, 2.204 -3.495 4.3759, 2.1846 -3.5437 4.3203, 2.4035 -3.388 4.3974, 2.3758 -3.4555 4.3691, 2.3442 -3.5145 4.3285, 2.3097 -3.5625 4.2772, 2.5884 -3.3429 4.3178, 2.5576 -3.4176 4.3099, 2.5191 -3.4858 4.2886, 2.4744 -3.5447 4.255, 2.4255 -3.5916 4.2103, 2.5272 -3.6302 4.1215, 2.5897 -3.5848 4.157, 2.6461 -3.5262 4.1812, 2.694 -3.4571 4.1932, 2.7311 -3.3806 4.1923, 2.8477 -3.4264 4.0396, 2.8067 -3.5051 4.0508, 2.7514 -3.5754 4.05, 2.6848 -3.6337 4.0374, 2.6104 -3.6771 4.0135, 3.3075 0.9641 2.7483, 3.2665 1.0619 2.7583, 3.268 1.059 2.7581, 3.2887 1.018 2.7543, 3.3045 0.9746 2.7496, 3.2401 1.1011 2.7609, 3.2087 1.137 2.7621, 3.124 1.2032 2.7597, 3.135 1.1957 2.7602, 3.1721 1.1705 2.762, 3.2056 1.1406 2.7622, 3.0501 1.2362 2.7527, 3.0291 1.2425 2.75, 2.6708 0.7305 3.8906, 2.7553 0.6896 3.9006, 2.89 0.5599 3.8879, 2.8298 0.6316 3.8997, 2.9324 0.4785 3.8658, -2.4832 1.2519 2.7403, -2.5507 1.236 2.7485, -2.5288 1.2412 2.7458, -2.6476 1.1884 2.7604, -2.624 1.2032 2.7578, -2.7257 1.1189 2.7653, -2.7056 1.1406 2.7648, -2.7818 1.0332 2.7603, -2.7681 1.0591 2.7628, -2.8075 0.9641 2.7499, 2.7338 0.6695 3.9499, 2.8646 0.5402 3.9465, 2.9068 0.4598 3.9283, 2.8121 0.4103 4.0933, 2.6887 0.3678 4.2349, 2.3785 0.3084 4.4325, 2.5423 0.3335 4.349, 2.6526 0.7113 3.9348, 2.585 0.6606 4.0514, 2.497 0.6171 4.1517, 2.3926 0.582 4.2324, 2.2758 0.5563 4.2915, 2.1506 0.5406 4.3277, 2.8058 0.6114 3.9538, 2.6556 0.6165 4.0795, 2.719 0.5581 4.0962, 2.5553 0.5712 4.1903, 2.6083 0.5125 4.2178, 2.4374 0.5347 4.2793, 2.4784 0.4758 4.3152, 2.3062 0.508 4.3443, 2.3341 0.449 4.3864, 2.1659 0.4917 4.3839, 2.1801 0.4327 4.4297, 2.7721 0.4882 4.1009, 2.6534 0.4437 4.2329, 2.5138 0.4078 4.3388, 2.3585 0.3816 4.4162, 2.1925 0.3656 4.4633, 2.2028 0.293 4.4835, 2.0209 0.5353 4.3398, 2.0209 0.5255 4.3513, 2.0209 0.4863 4.3973, 2.0209 0.4626 4.4161, 2.0209 0.4272 4.4443, 2.0209 0.387 4.4652, 2.0209 0.2878 4.5006, 2.0209 0.3023 4.4963, 2.0209 0.3602 4.4792, -1.2296 0.2573 4.5027, -1.2186 0.3026 4.4975, -1.2009 0.3565 4.4807, -1.1879 0.3864 4.4642, -1.1622 0.4457 4.4315, -1.1522 0.4621 4.4158, -1.1174 0.5193 4.361, -1.112 0.5253 4.3514, 1.4311 -0.0236 4.1142, 1.4311 -2.9764 4.1142, -0.9311 -2.9764 4.1142, -0.9311 -0.0236 4.1142
            ]
        }
        coordIndex [
            0,1,2,-1,2,1,3,-1,4,5,6,-1,6,5,7,-1,8,9,10,-1,10,9,11,-1,12,13,14,-1,14,13,15,-1,8,16,9,-1,9,16,17,-1,9,17,18,-1,18,17,19,-1,20,2,21,-1,21,2,3,-1,21,3,22,-1,23,24,17,-1,17,24,25,-1,17,25,19,-1,22,26,21,-1,21,26,27,-1,21,27,28,-1,28,29,21,-1,21,29,30,-1,21,30,17,-1,17,30,31,-1,17,31,23,-1,14,15,32,-1,32,15,33,-1,34,35,36,-1,36,35,37,-1,36,37,38,-1,38,37,39,-1,40,41,42,-1,43,44,40,-1,40,44,45,-1,42,46,40,-1,40,46,47,-1,40,47,37,-1,37,47,48,-1,37,48,49,-1,45,50,40,-1,40,50,51,-1,40,51,41,-1,49,52,37,-1,37,52,53,-1,37,53,39,-1,31,30,54,-1,54,30,55,-1,34,36,56,-1,56,36,57,-1,58,59,47,-1,47,59,48,-1,60,61,44,-1,44,61,45,-1,62,63,64,-1,64,63,65,-1,64,65,66,-1,66,65,67,-1,66,67,68,-1,68,67,69,-1,68,69,70,-1,70,69,71,-1,70,71,64,-1,64,71,62,-1,72,73,4,-1,4,73,5,-1,74,21,75,-1,75,21,76,-1,77,78,79,-1,80,81,17,-1,17,82,21,-1,21,82,83,-1,21,83,84,-1,85,86,17,-1,17,86,87,-1,17,87,88,-1,81,89,17,-1,17,89,90,-1,17,90,91,-1,92,93,94,-1,94,93,95,-1,94,95,96,-1,91,97,17,-1,17,97,78,-1,17,78,82,-1,77,79,98,-1,84,99,21,-1,21,99,100,-1,21,100,101,-1,102,103,104,-1,104,103,105,-1,104,105,94,-1,101,106,21,-1,21,106,107,-1,21,107,76,-1,88,108,17,-1,17,108,109,-1,17,109,80,-1,97,110,78,-1,78,110,111,-1,78,111,112,-1,112,113,78,-1,78,113,114,-1,78,114,79,-1,115,116,117,-1,105,118,94,-1,94,118,119,-1,94,119,120,-1,121,122,79,-1,79,122,123,-1,79,123,98,-1,120,124,94,-1,94,124,125,-1,94,125,115,-1,117,126,115,-1,115,126,127,-1,115,127,94,-1,94,127,128,-1,94,128,92,-1,116,115,129,-1,129,115,130,-1,129,130,131,-1,131,130,132,-1,131,132,133,-1,133,132,134,-1,133,134,79,-1,79,134,135,-1,79,135,121,-1,37,35,136,-1,73,72,137,-1,137,72,138,-1,139,102,104,-1,20,21,140,-1,140,21,74,-1,74,141,140,-1,140,141,142,-1,140,142,143,-1,144,139,137,-1,137,139,104,-1,137,104,136,-1,136,104,145,-1,136,145,37,-1,143,146,140,-1,140,146,147,-1,140,147,138,-1,138,147,148,-1,148,149,138,-1,138,149,150,-1,138,150,137,-1,137,150,151,-1,137,151,144,-1,145,152,37,-1,37,152,40,-1,153,154,155,-1,155,154,156,-1,17,16,85,-1,85,16,155,-1,85,155,157,-1,157,155,156,-1,152,94,96,-1,43,40,158,-1,158,40,152,-1,158,152,159,-1,159,152,160,-1,159,160,33,-1,33,160,32,-1,96,161,152,-1,152,161,162,-1,152,162,160,-1,160,162,163,-1,160,163,164,-1,164,165,160,-1,160,165,166,-1,160,166,155,-1,155,166,167,-1,155,167,153,-1,152,145,94,-1,94,145,104,-1,168,169,63,-1,168,63,170,-1,171,65,172,-1,172,65,173,-1,174,175,176,-1,177,178,179,-1,179,178,180,-1,179,180,63,-1,63,180,181,-1,63,181,182,-1,183,184,55,-1,185,186,179,-1,179,186,187,-1,179,187,177,-1,173,65,188,-1,188,65,63,-1,188,63,189,-1,183,55,190,-1,184,191,55,-1,55,191,192,-1,55,192,54,-1,54,192,193,-1,54,193,194,-1,171,195,65,-1,65,195,196,-1,65,196,197,-1,198,175,199,-1,199,175,65,-1,199,65,200,-1,201,202,175,-1,169,203,63,-1,63,203,204,-1,63,204,205,-1,205,206,207,-1,174,176,55,-1,55,176,208,-1,55,208,190,-1,182,209,63,-1,63,209,210,-1,63,210,170,-1,197,211,65,-1,65,211,212,-1,65,212,200,-1,198,213,175,-1,175,213,214,-1,175,214,215,-1,202,216,175,-1,175,216,217,-1,175,217,218,-1,176,219,220,-1,194,221,54,-1,54,221,222,-1,54,222,223,-1,223,222,224,-1,223,224,179,-1,179,224,225,-1,179,225,185,-1,218,226,175,-1,175,226,227,-1,175,227,176,-1,176,227,228,-1,176,228,229,-1,230,231,63,-1,63,231,232,-1,63,232,189,-1,229,233,176,-1,176,233,234,-1,176,234,219,-1,205,207,63,-1,63,207,235,-1,63,235,230,-1,215,236,175,-1,175,236,237,-1,175,237,201,-1,206,238,207,-1,207,238,239,-1,207,239,240,-1,240,241,207,-1,207,241,242,-1,207,242,243,-1,243,242,244,-1,243,244,245,-1,245,244,246,-1,245,246,220,-1,220,246,247,-1,220,247,176,-1,0,248,1,-1,1,248,249,-1,6,7,250,-1,250,7,251,-1,57,252,253,-1,254,56,57,-1,249,248,255,-1,255,248,250,-1,255,250,256,-1,256,250,251,-1,256,251,257,-1,257,251,254,-1,257,254,258,-1,57,253,254,-1,254,253,259,-1,254,259,260,-1,260,261,254,-1,254,261,262,-1,254,262,258,-1,263,264,265,-1,266,267,265,-1,268,13,12,-1,60,265,61,-1,61,265,264,-1,61,264,269,-1,266,265,270,-1,271,272,273,-1,267,274,265,-1,265,274,275,-1,265,275,263,-1,12,271,268,-1,268,271,273,-1,268,273,265,-1,265,273,276,-1,265,276,270,-1,10,11,272,-1,272,11,277,-1,272,277,273,-1,58,278,279,-1,58,279,59,-1,59,279,280,-1,59,280,281,-1,282,71,69,-1,69,283,282,-1,282,283,284,-1,282,284,285,-1,285,284,286,-1,285,286,287,-1,287,286,288,-1,287,288,289,-1,289,288,290,-1,289,290,291,-1,291,290,292,-1,291,292,293,-1,293,292,294,-1,293,294,295,-1,295,294,296,-1,295,296,297,-1,297,296,298,-1,297,298,299,-1,299,298,300,-1,299,300,301,-1,301,300,302,-1,301,302,303,-1,303,302,304,-1,303,304,305,-1,305,304,280,-1,305,280,279,-1,57,36,252,-1,252,36,38,-1,252,38,306,-1,306,38,307,-1,307,38,39,-1,307,39,308,-1,53,309,39,-1,39,309,310,-1,39,310,308,-1,52,311,53,-1,53,311,312,-1,312,313,53,-1,53,313,314,-1,53,314,309,-1,315,316,49,-1,49,316,317,-1,49,317,52,-1,52,317,318,-1,52,318,311,-1,315,49,281,-1,281,49,48,-1,281,48,59,-1,55,30,174,-1,174,30,29,-1,174,29,175,-1,175,29,319,-1,319,29,320,-1,320,29,28,-1,320,28,321,-1,321,28,322,-1,322,28,27,-1,322,27,323,-1,323,27,324,-1,324,27,26,-1,324,26,325,-1,325,26,326,-1,326,26,22,-1,326,22,327,-1,3,1,249,-1,3,249,22,-1,22,249,328,-1,22,328,327,-1,281,280,315,-1,315,280,329,-1,315,329,316,-1,316,329,317,-1,317,329,330,-1,317,330,318,-1,331,312,330,-1,330,312,311,-1,330,311,318,-1,310,309,332,-1,332,309,314,-1,332,314,331,-1,331,314,313,-1,331,313,312,-1,310,332,308,-1,308,332,333,-1,308,333,307,-1,307,333,306,-1,306,333,253,-1,306,253,252,-1,334,335,326,-1,65,175,67,-1,67,175,319,-1,67,319,336,-1,319,320,336,-1,336,320,321,-1,336,321,337,-1,337,321,322,-1,337,322,338,-1,338,322,323,-1,338,323,339,-1,339,323,324,-1,326,335,325,-1,325,335,340,-1,325,340,324,-1,324,340,341,-1,324,341,339,-1,249,255,328,-1,328,255,334,-1,328,334,327,-1,327,334,326,-1,292,290,342,-1,288,286,343,-1,284,283,344,-1,344,283,69,-1,256,257,345,-1,345,257,346,-1,345,346,347,-1,347,346,348,-1,347,348,349,-1,350,351,352,-1,352,351,353,-1,352,353,348,-1,348,353,354,-1,348,354,349,-1,69,355,344,-1,344,355,356,-1,344,356,350,-1,350,356,357,-1,350,357,351,-1,286,284,343,-1,343,284,344,-1,343,344,358,-1,358,344,350,-1,358,350,359,-1,359,350,352,-1,359,352,360,-1,360,352,348,-1,360,348,361,-1,361,348,346,-1,361,346,258,-1,258,346,257,-1,290,288,342,-1,342,288,343,-1,342,343,362,-1,362,343,358,-1,362,358,363,-1,363,358,359,-1,363,359,364,-1,364,359,360,-1,364,360,365,-1,365,360,361,-1,365,361,262,-1,262,361,258,-1,294,292,366,-1,366,292,342,-1,366,342,367,-1,367,342,362,-1,367,362,368,-1,368,362,363,-1,368,363,369,-1,369,363,364,-1,369,364,370,-1,370,364,365,-1,370,365,261,-1,261,365,262,-1,261,260,370,-1,370,260,371,-1,370,371,369,-1,369,371,372,-1,369,372,368,-1,368,372,373,-1,368,373,367,-1,367,373,374,-1,367,374,366,-1,366,374,375,-1,304,302,376,-1,376,302,375,-1,376,375,377,-1,377,375,374,-1,377,374,378,-1,378,374,373,-1,378,373,379,-1,379,373,372,-1,379,372,380,-1,380,372,371,-1,380,371,259,-1,259,371,260,-1,302,300,375,-1,375,300,298,-1,375,298,366,-1,366,298,296,-1,366,296,294,-1,280,304,329,-1,329,304,376,-1,329,376,330,-1,330,376,377,-1,330,377,331,-1,331,377,378,-1,331,378,332,-1,332,378,379,-1,332,379,333,-1,333,379,380,-1,333,380,253,-1,253,380,259,-1,255,256,345,-1,255,345,334,-1,334,345,347,-1,334,347,335,-1,335,347,349,-1,335,349,340,-1,356,338,357,-1,357,338,339,-1,357,339,351,-1,351,339,341,-1,351,341,353,-1,353,341,340,-1,353,340,354,-1,354,340,349,-1,69,67,355,-1,355,67,336,-1,355,336,356,-1,356,336,337,-1,356,337,338,-1,46,381,47,-1,47,381,278,-1,47,278,58,-1,382,383,42,-1,42,383,384,-1,42,384,46,-1,46,384,385,-1,46,385,381,-1,382,42,386,-1,386,42,41,-1,386,41,387,-1,388,389,51,-1,51,389,390,-1,51,390,41,-1,41,390,391,-1,41,391,387,-1,388,51,392,-1,392,51,50,-1,392,50,393,-1,45,61,50,-1,50,61,269,-1,50,269,393,-1,269,264,393,-1,393,264,394,-1,390,389,395,-1,395,389,388,-1,395,388,394,-1,394,388,392,-1,394,392,393,-1,383,382,396,-1,396,382,386,-1,396,386,397,-1,397,386,387,-1,397,387,395,-1,395,387,391,-1,395,391,390,-1,383,396,384,-1,384,396,398,-1,384,398,385,-1,385,398,381,-1,381,398,279,-1,381,279,278,-1,18,399,9,-1,9,399,277,-1,9,277,11,-1,19,400,18,-1,18,400,401,-1,18,401,399,-1,25,402,19,-1,19,402,403,-1,19,403,400,-1,24,404,25,-1,25,404,405,-1,25,405,402,-1,23,406,24,-1,24,406,407,-1,24,407,404,-1,31,54,23,-1,23,54,223,-1,223,179,23,-1,23,179,408,-1,23,408,406,-1,394,264,263,-1,397,395,409,-1,398,396,410,-1,305,279,411,-1,411,279,398,-1,412,413,297,-1,297,299,412,-1,412,299,301,-1,412,301,411,-1,411,301,303,-1,411,303,305,-1,414,291,415,-1,415,291,293,-1,415,293,413,-1,413,293,295,-1,413,295,297,-1,394,263,416,-1,416,263,275,-1,416,275,417,-1,417,275,274,-1,417,274,418,-1,418,274,267,-1,418,267,419,-1,419,267,266,-1,419,266,420,-1,420,266,270,-1,420,270,421,-1,397,409,422,-1,422,409,423,-1,422,423,424,-1,424,423,425,-1,424,425,426,-1,426,425,427,-1,426,427,428,-1,428,427,429,-1,428,429,430,-1,430,429,431,-1,430,431,432,-1,398,410,411,-1,411,410,433,-1,411,433,412,-1,412,433,434,-1,412,434,413,-1,413,434,435,-1,413,435,415,-1,415,435,436,-1,415,436,414,-1,414,436,437,-1,414,437,438,-1,282,285,438,-1,438,285,287,-1,438,287,414,-1,414,287,289,-1,414,289,291,-1,270,276,421,-1,421,276,439,-1,421,439,440,-1,440,431,421,-1,421,431,429,-1,421,429,420,-1,420,429,427,-1,420,427,419,-1,419,427,425,-1,419,425,418,-1,418,425,423,-1,418,423,417,-1,417,423,409,-1,417,409,416,-1,416,409,395,-1,416,395,394,-1,440,441,431,-1,431,441,442,-1,431,442,432,-1,432,442,443,-1,432,443,444,-1,444,437,432,-1,432,437,436,-1,432,436,430,-1,430,436,435,-1,430,435,428,-1,428,435,434,-1,428,434,426,-1,426,434,433,-1,426,433,424,-1,424,433,410,-1,424,410,422,-1,422,410,396,-1,422,396,397,-1,71,282,445,-1,445,282,438,-1,445,438,446,-1,446,438,437,-1,446,437,447,-1,447,437,444,-1,179,63,62,-1,179,62,408,-1,408,62,448,-1,408,448,406,-1,406,448,407,-1,407,448,449,-1,407,449,404,-1,449,450,404,-1,404,450,451,-1,404,451,405,-1,405,451,452,-1,405,452,402,-1,402,452,453,-1,402,453,403,-1,403,453,454,-1,455,273,277,-1,277,399,455,-1,455,399,401,-1,455,401,454,-1,454,401,400,-1,454,400,403,-1,62,71,448,-1,448,71,445,-1,448,445,449,-1,449,445,446,-1,449,446,450,-1,450,446,447,-1,450,447,451,-1,451,447,444,-1,451,444,452,-1,452,444,443,-1,452,443,453,-1,443,442,453,-1,453,442,441,-1,453,441,454,-1,454,441,440,-1,454,440,455,-1,455,440,273,-1,273,440,439,-1,273,439,276,-1,33,15,159,-1,159,15,13,-1,159,13,268,-1,44,43,60,-1,60,43,158,-1,60,158,265,-1,265,158,268,-1,268,158,159,-1,16,8,155,-1,155,8,10,-1,155,10,272,-1,14,32,12,-1,12,32,160,-1,12,160,271,-1,271,160,272,-1,272,160,155,-1,5,73,7,-1,7,73,137,-1,7,137,251,-1,251,137,254,-1,254,137,136,-1,35,34,136,-1,136,34,56,-1,136,56,254,-1,2,20,0,-1,0,20,140,-1,0,140,248,-1,248,140,250,-1,250,140,138,-1,72,4,138,-1,138,4,6,-1,138,6,250,-1,103,173,188,-1,103,188,105,-1,105,188,189,-1,105,189,118,-1,118,189,232,-1,118,232,119,-1,119,232,231,-1,119,231,120,-1,120,231,230,-1,120,230,124,-1,124,230,235,-1,124,235,125,-1,125,235,207,-1,125,207,115,-1,115,207,243,-1,115,243,130,-1,130,243,245,-1,130,245,132,-1,132,245,220,-1,132,220,134,-1,134,220,219,-1,134,219,135,-1,135,219,234,-1,135,234,121,-1,121,234,233,-1,121,233,122,-1,122,233,229,-1,122,229,123,-1,123,229,228,-1,123,228,98,-1,98,228,227,-1,98,227,77,-1,77,227,226,-1,77,226,78,-1,78,226,218,-1,78,218,82,-1,173,103,172,-1,172,103,102,-1,172,102,139,-1,149,148,200,-1,237,236,107,-1,83,217,84,-1,84,217,216,-1,84,216,99,-1,99,216,202,-1,99,202,100,-1,100,202,201,-1,100,201,101,-1,101,201,237,-1,101,237,106,-1,106,237,107,-1,74,75,213,-1,213,75,76,-1,213,76,214,-1,214,76,107,-1,214,107,215,-1,215,107,236,-1,74,213,141,-1,141,213,198,-1,141,198,142,-1,200,148,199,-1,148,147,199,-1,199,147,146,-1,199,146,198,-1,198,146,143,-1,198,143,142,-1,149,200,150,-1,150,200,212,-1,150,212,151,-1,212,211,151,-1,151,211,197,-1,151,197,144,-1,197,196,144,-1,144,196,195,-1,144,195,139,-1,139,195,171,-1,139,171,172,-1,217,83,218,-1,218,83,82,-1,157,178,85,-1,85,178,177,-1,85,177,86,-1,86,177,187,-1,86,187,87,-1,87,187,186,-1,87,186,88,-1,88,186,185,-1,88,185,108,-1,108,185,225,-1,108,225,109,-1,109,225,224,-1,109,224,80,-1,80,224,222,-1,80,222,81,-1,81,222,221,-1,81,221,89,-1,89,221,194,-1,89,194,90,-1,157,156,178,-1,178,156,154,-1,178,154,180,-1,154,153,180,-1,180,153,167,-1,180,167,181,-1,167,166,181,-1,181,166,165,-1,181,165,182,-1,182,165,164,-1,182,164,209,-1,209,164,163,-1,209,163,210,-1,210,163,170,-1,170,163,162,-1,170,162,168,-1,168,162,169,-1,169,162,161,-1,169,161,203,-1,95,204,96,-1,96,204,203,-1,96,203,161,-1,183,190,114,-1,91,193,97,-1,97,193,192,-1,97,192,110,-1,110,192,191,-1,110,191,111,-1,111,191,184,-1,111,184,112,-1,112,184,183,-1,112,183,113,-1,113,183,114,-1,241,116,242,-1,242,116,129,-1,242,129,244,-1,244,129,131,-1,244,131,246,-1,246,131,133,-1,246,133,247,-1,247,133,79,-1,247,79,176,-1,176,79,114,-1,176,114,208,-1,208,114,190,-1,127,126,241,-1,241,126,117,-1,241,117,116,-1,204,95,205,-1,205,95,93,-1,205,93,206,-1,206,93,92,-1,206,92,238,-1,238,92,128,-1,238,128,239,-1,239,128,127,-1,239,127,240,-1,240,127,241,-1,193,91,194,-1,194,91,90,-1,456,457,70,-1,70,457,68,-1,457,458,68,-1,68,458,66,-1,458,459,66,-1,66,459,64,-1,459,456,64,-1,64,456,70,-1,459,458,456,-1,456,458,457,-1,
        ]
    }
}
Shape{
    appearance Appearance {
        material  Material 	{
            diffuseColor 0.0 0.6705882352941176 1.0
            specularColor 0.0 0.3333333333333333 0.5019607843137255
            ambientIntensity 0.5076
            transparency 0.0
            shininess 0.5
        }
    }
    geometry IndexedFaceSet {
        ccw TRUE
        solid FALSE
        coord DEF co Coordinate {
            point [
                1.0374 -1.7559 5.4921, 1.0374 -1.7559 4.7047, 1.0374 -1.2441 5.4921, 1.0374 -1.2441 4.7047, 1.3918 -2.9407 4.5079, 1.3918 -2.9407 4.1142, 1.3918 -0.0593 4.5079, 1.3918 -0.0593 4.1142, -0.8918 -0.0593 4.5079, -0.8918 -0.0593 4.1142, -0.8918 -2.9407 4.5079, -0.8918 -2.9407 4.1142, 0.5059 -1.7559 4.7047, 0.5059 -2.2874 4.7047, 1.1949 -2.7439 4.7047, 1.1949 -0.2561 4.7047, -0.6949 -2.7439 4.7047, -0.0059 -2.2874 4.7047, -0.5374 -1.2441 4.7047, -0.6949 -0.2561 4.7047, -0.5374 -1.7559 4.7047, -0.0059 -1.7559 4.7047, 0.5059 -1.2441 4.7047, 0.5059 -0.7126 4.7047, -0.0059 -0.7126 4.7047, -0.0059 -1.2441 4.7047, 0.5059 -1.7559 6.2795, 0.5059 -2.2874 6.2795, 1.0374 -1.7559 6.0259, 1.0374 -1.7559 6.2795, 0.7747 -1.7559 5.9435, 0.7747 -1.7559 5.5459, 1.0374 -1.2441 6.0259, 1.0374 -1.2441 6.2795, 0.7747 -1.2441 5.5459, 0.5059 -1.2441 6.2795, 0.7747 -1.2441 5.9435, 0.5059 -0.7126 6.2795, -0.0059 -0.7126 6.2795, -0.0059 -1.2441 6.2795, -0.5374 -1.2441 6.2795, -0.5374 -1.7559 6.2795, -0.0059 -1.7559 6.2795, -0.0059 -2.2874 6.2795
            ]
        }
        coordIndex [
            0,1,2,-1,2,1,3,-1,4,5,6,-1,6,5,7,-1,6,7,8,-1,8,7,9,-1,8,9,10,-1,10,9,11,-1,10,11,4,-1,4,11,5,-1,1,12,13,-1,14,15,3,-1,3,1,14,-1,14,1,13,-1,14,13,16,-1,16,13,17,-1,18,19,20,-1,20,19,16,-1,20,16,21,-1,21,16,17,-1,22,3,23,-1,23,3,15,-1,23,15,24,-1,24,15,19,-1,24,19,25,-1,25,19,18,-1,11,9,5,-1,5,9,7,-1,8,19,6,-1,6,19,15,-1,10,16,8,-1,8,16,19,-1,14,4,15,-1,15,4,6,-1,4,14,10,-1,10,14,16,-1,26,27,12,-1,12,27,13,-1,28,29,30,-1,30,29,26,-1,30,26,31,-1,31,26,12,-1,31,12,0,-1,0,12,1,-1,32,33,28,-1,28,33,29,-1,34,2,3,-1,35,33,32,-1,32,36,35,-1,35,36,34,-1,35,34,22,-1,22,34,3,-1,37,35,23,-1,23,35,22,-1,38,37,24,-1,24,37,23,-1,39,38,25,-1,25,38,24,-1,40,39,18,-1,18,39,25,-1,41,40,20,-1,20,40,18,-1,42,41,21,-1,21,41,20,-1,43,42,17,-1,17,42,21,-1,27,43,13,-1,13,43,17,-1,40,41,39,-1,39,41,42,-1,33,35,29,-1,29,35,26,-1,43,27,42,-1,42,27,26,-1,42,26,39,-1,39,26,35,-1,39,35,38,-1,38,35,37,-1,2,34,0,-1,0,34,31,-1,34,36,31,-1,31,36,30,-1,36,32,30,-1,30,32,28,-1,
        ]
    }
}