solid key_plate
facet normal 0 0 -1
outer loop
vertex 243.6503252999996 -68.9875 0
vertex 243.65035890055583 -68.98750182925345 0
vertex 233.2 -68.98750182925345 0
endloop
endfacet
facet normal 0 0 -1
outer loop
vertex 233.2 -68.98750182925345 0
vertex 243.65035890055583 -68.98750182925345 0
vertex 243.65039050800848 -68.98750355000001 0
endloop
endfacet
facet normal 0 0 -1
outer loop
vertex 233.2 -68.98750182925345 0
vertex 243.65039050800848 -68.98750355000001 0
vertex 200.15 -68.98750355000001 0
endloop
endfacet
facet normal 0 0 -1
outer loop
vertex 233.2 -68.98750182925345 0
vertex 200.15 -68.98750355000001 0
vertex 214.15 -68.98750182925345 0
endloop
endfacet
facet normal 0 0 -1
outer loop
vertex 200.15 -68.98750355000001 0
vertex 243.65039050800848 -68.98750355000001 0
vertex 243.86748216338017 -68.99932227278043 0
endloop
endfacet
facet normal 0 0 -1
outer loop
vertex 200.15 -68.98750355000001 0
vertex 243.86748216338017 -68.99932227278043 0
vertex 244.0820735683815 -69.03465876287859 0
endloop
endfacet
facet normal 0 0 -1
outer loop
vertex 200.15 -68.98750355000001 0
vertex 244.0820735683815 -69.03465876287859 0
vertex 244.29155942149814 -69.09308663274244 0
endloop
endfacet
facet normal 0 0 -1
outer loop
vertex 200.15 -68.98750355000001 0
vertex 244.29155942149814 -69.09308663274244 0
vertex 244.49346265000037 -69.1739150000002 0
endloop
endfacet
facet normal 0 0 -1
outer loop
vertex 200.15 -68.98750355000001 0
vertex 244.49346265000037 -69.1739150000002 0
vertex 251.67478363412846 -72.5125 0
endloop
endfacet
facet normal 0 0 -1
outer loop
vertex 200.15 -68.98750355000001 0
vertex 251.67478363412846 -72.5125 0
vertex 214.15 -72.5125 0
endloop
endfacet
facet normal 0 0 -1
outer loop
vertex 200.15 -68.98750355000001 0
vertex 214.15 -72.5125 0
vertex 200.15 -72.5125 0
endloop
endfacet
facet normal 0 0 -1
outer loop
vertex 200.15 -68.98750355000001 0
vertex 200.15 -72.5125 0
vertex 174.5967144338145 -72.5125 0
endloop
endfacet
facet normal 0 0 -1
outer loop
vertex 200.15 -68.98750355000001 0
vertex 174.5967144338145 -72.5125 0
vertex 185.81358600000007 -69.0752671 0
endloop
endfacet
facet normal 0 0 -1
outer loop
vertex 200.15 -68.98750355000001 0
vertex 185.81358600000007 -69.0752671 0
vertex 186.00568478746553 -69.026666213156 0
endloop
endfacet
facet normal 0 0 -1
outer loop
vertex 200.15 -68.98750355000001 0
vertex 186.00568478746553 -69.026666213156 0
vertex 186.20165267408763 -68.99731684674427 0
endloop
endfacet
facet normal 0 0 -1
outer loop
vertex 200.15 -68.98750355000001 0
vertex 186.20165267408763 -68.99731684674427 0
vertex 186.39956300000006 -68.98750355000001 0
endloop
endfacet
facet normal 0 0 -1
outer loop
vertex 399.35043699999994 -68.98750355000001 0
vertex 399.5483473259124 -68.99731684674427 0
vertex 399.7443152125345 -69.026666213156 0
endloop
endfacet
facet normal 0 0 -1
outer loop
vertex 399.35043699999994 -68.98750355000001 0
vertex 399.7443152125345 -69.026666213156 0
vertex 399.936414 -69.0752671 0
endloop
endfacet
facet normal 0 0 -1
outer loop
vertex 399.35043699999994 -68.98750355000001 0
vertex 399.936414 -69.0752671 0
vertex 411.15328556618556 -72.5125 0
endloop
endfacet
facet normal 0 0 -1
outer loop
vertex 399.35043699999994 -68.98750355000001 0
vertex 411.15328556618556 -72.5125 0
vertex 385.6 -72.5125 0
endloop
endfacet
facet normal 0 0 -1
outer loop
vertex 399.35043699999994 -68.98750355000001 0
vertex 385.6 -72.5125 0
vertex 371.6 -72.5125 0
endloop
endfacet
facet normal 0 0 -1
outer loop
vertex 399.35043699999994 -68.98750355000001 0
vertex 371.6 -72.5125 0
vertex 334.0752163658715 -72.5125 0
endloop
endfacet
facet normal 0 0 -1
outer loop
vertex 399.35043699999994 -68.98750355000001 0
vertex 334.0752163658715 -72.5125 0
vertex 341.2565373499995 -69.1739150000002 0
endloop
endfacet
facet normal 0 0 -1
outer loop
vertex 399.35043699999994 -68.98750355000001 0
vertex 341.2565373499995 -69.1739150000002 0
vertex 341.4584405785018 -69.09308663274244 0
endloop
endfacet
facet normal 0 0 -1
outer loop
vertex 399.35043699999994 -68.98750355000001 0
vertex 341.4584405785018 -69.09308663274244 0
vertex 341.66792643161835 -69.03465876287859 0
endloop
endfacet
facet normal 0 0 -1
outer loop
vertex 399.35043699999994 -68.98750355000001 0
vertex 341.66792643161835 -69.03465876287859 0
vertex 341.88251783662 -68.99932227278043 0
endloop
endfacet
facet normal 0 0 -1
outer loop
vertex 399.35043699999994 -68.98750355000001 0
vertex 341.88251783662 -68.99932227278043 0
vertex 342.0996747 -68.9875 0
endloop
endfacet
facet normal 0 0 -1
outer loop
vertex 251.67478363412846 -72.5125 0
vertex 256.79686996515073 -74.89375 0
vertex 233.2 -74.89375 0
endloop
endfacet
facet normal 0 0 -1
outer loop
vertex 251.67478363412846 -72.5125 0
vertex 233.2 -74.89375 0
vertex 219.2 -74.89375 0
endloop
endfacet
facet normal 0 0 -1
outer loop
vertex 251.67478363412846 -72.5125 0
vertex 219.2 -74.89375 0
vertex 214.15 -74.89375 0
endloop
endfacet
facet normal 0 0 -1
outer loop
vertex 251.67478363412846 -72.5125 0
vertex 214.15 -74.89375 0
vertex 214.15 -72.5125 0
endloop
endfacet
facet normal 0 0 -1
outer loop
vertex 371.6 -72.5125 0
vertex 371.6 -74.89375 0
vertex 366.55 -74.89375 0
endloop
endfacet
facet normal 0 0 -1
outer loop
vertex 371.6 -72.5125 0
vertex 366.55 -74.89375 0
vertex 352.55 -74.89375 0
endloop
endfacet
facet normal 0 0 -1
outer loop
vertex 371.6 -72.5125 0
vertex 352.55 -74.89375 0
vertex 328.9531300348492 -74.89375 0
endloop
endfacet
facet normal 0 0 -1
outer loop
vertex 371.6 -72.5125 0
vertex 328.9531300348492 -74.89375 0
vertex 334.0752163658715 -72.5125 0
endloop
endfacet
facet normal 0 0 -1
outer loop
vertex 200.15 -72.5125 0
vertex 200.15 -77.275 0
vertex 195.1 -77.275 0
endloop
endfacet
facet normal 0 0 -1
outer loop
vertex 200.15 -72.5125 0
vertex 195.1 -77.275 0
vertex 181.1 -77.275 0
endloop
endfacet
facet normal 0 0 -1
outer loop
vertex 200.15 -72.5125 0
vertex 181.1 -77.275 0
vertex 159.05504112038886 -77.275 0
endloop
endfacet
facet normal 0 0 -1
outer loop
vertex 200.15 -72.5125 0
vertex 159.05504112038886 -77.275 0
vertex 174.5967144338145 -72.5125 0
endloop
endfacet
facet normal 0 0 -1
outer loop
vertex 256.79686996515073 -74.89375 0
vertex 261.91895629617306 -77.275 0
vertex 252.25 -77.275 0
endloop
endfacet
facet normal 0 0 -1
outer loop
vertex 256.79686996515073 -74.89375 0
vertex 252.25 -77.275 0
vertex 238.25 -77.275 0
endloop
endfacet
facet normal 0 0 -1
outer loop
vertex 256.79686996515073 -74.89375 0
vertex 238.25 -77.275 0
vertex 233.2 -77.275 0
endloop
endfacet
facet normal 0 0 -1
outer loop
vertex 256.79686996515073 -74.89375 0
vertex 233.2 -77.275 0
vertex 233.2 -74.89375 0
endloop
endfacet
facet normal 0 0 -1
outer loop
vertex 352.55 -74.89375 0
vertex 352.55 -77.275 0
vertex 347.5 -77.275 0
endloop
endfacet
facet normal 0 0 -1
outer loop
vertex 352.55 -74.89375 0
vertex 347.5 -77.275 0
vertex 333.5 -77.275 0
endloop
endfacet
facet normal 0 0 -1
outer loop
vertex 352.55 -74.89375 0
vertex 333.5 -77.275 0
vertex 323.83104370382694 -77.275 0
endloop
endfacet
facet normal 0 0 -1
outer loop
vertex 352.55 -74.89375 0
vertex 323.83104370382694 -77.275 0
vertex 328.9531300348492 -74.89375 0
endloop
endfacet
facet normal 0 0 -1
outer loop
vertex 411.15328556618556 -72.5125 0
vertex 426.69495887961114 -77.275 0
vertex 404.65 -77.275 0
endloop
endfacet
facet normal 0 0 -1
outer loop
vertex 411.15328556618556 -72.5125 0
vertex 404.65 -77.275 0
vertex 390.65 -77.275 0
endloop
endfacet
facet normal 0 0 -1
outer loop
vertex 411.15328556618556 -72.5125 0
vertex 390.65 -77.275 0
vertex 385.6 -77.275 0
endloop
endfacet
facet normal 0 0 -1
outer loop
vertex 411.15328556618556 -72.5125 0
vertex 385.6 -77.275 0
vertex 385.6 -72.5125 0
endloop
endfacet
facet normal 0 0 -1
outer loop
vertex 200.15 -77.275 0
vertex 200.15 -86.5125 0
vertex 195.1 -86.5125 0
endloop
endfacet
facet normal 0 0 -1
outer loop
vertex 200.15 -77.275 0
vertex 195.1 -86.5125 0
vertex 195.1 -77.275 0
endloop
endfacet
facet normal 0 0 -1
outer loop
vertex 219.2 -74.89375 0
vertex 219.2 -86.5125 0
vertex 214.15 -86.5125 0
endloop
endfacet
facet normal 0 0 -1
outer loop
vertex 219.2 -74.89375 0
vertex 214.15 -86.5125 0
vertex 214.15 -74.89375 0
endloop
endfacet
facet normal 0 0 -1
outer loop
vertex 371.6 -74.89375 0
vertex 371.6 -86.5125 0
vertex 366.55 -86.5125 0
endloop
endfacet
facet normal 0 0 -1
outer loop
vertex 371.6 -74.89375 0
vertex 366.55 -86.5125 0
vertex 366.55 -74.89375 0
endloop
endfacet
facet normal 0 0 -1
outer loop
vertex 390.65 -77.275 0
vertex 390.65 -86.5125 0
vertex 385.6 -86.5125 0
endloop
endfacet
facet normal 0 0 -1
outer loop
vertex 390.65 -77.275 0
vertex 385.6 -86.5125 0
vertex 385.6 -77.275 0
endloop
endfacet
facet normal 0 0 -1
outer loop
vertex 181.1 -77.275 0
vertex 181.1 -86.8 0
vertex 176.05 -86.8 0
endloop
endfacet
facet normal 0 0 -1
outer loop
vertex 181.1 -77.275 0
vertex 176.05 -86.8 0
vertex 162.05 -86.8 0
endloop
endfacet
facet normal 0 0 -1
outer loop
vertex 181.1 -77.275 0
vertex 162.05 -86.8 0
vertex 157 -86.8 0
endloop
endfacet
facet normal 0 0 -1
outer loop
vertex 181.1 -77.275 0
vertex 157 -86.8 0
vertex 143 -86.8 0
endloop
endfacet
facet normal 0 0 -1
outer loop
vertex 181.1 -77.275 0
vertex 143 -86.8 0
vertex 139.475 -86.8 0
endloop
endfacet
facet normal 0 0 -1
outer loop
vertex 181.1 -77.275 0
vertex 139.475 -86.8 0
vertex 139.475 -84.7539267 0
endloop
endfacet
facet normal 0 0 -1
outer loop
vertex 181.1 -77.275 0
vertex 139.475 -84.7539267 0
vertex 139.50028871685313 -84.43690894930589 0
endloop
endfacet
facet normal 0 0 -1
outer loop
vertex 181.1 -77.275 0
vertex 139.50028871685313 -84.43690894930589 0
vertex 139.57550341471986 -84.12790520178977 0
endloop
endfacet
facet normal 0 0 -1
outer loop
vertex 181.1 -77.275 0
vertex 139.57550341471986 -84.12790520178977 0
vertex 139.6987472793074 -83.83473031099007 0
endloop
endfacet
facet normal 0 0 -1
outer loop
vertex 181.1 -77.275 0
vertex 139.6987472793074 -83.83473031099007 0
vertex 139.86690407203778 -83.56479724555831 0
endloop
endfacet
facet normal 0 0 -1
outer loop
vertex 181.1 -77.275 0
vertex 139.86690407203778 -83.56479724555831 0
vertex 140.07572192458053 -83.32493130130281 0
endloop
endfacet
facet normal 0 0 -1
outer loop
vertex 181.1 -77.275 0
vertex 140.07572192458053 -83.32493130130281 0
vertex 140.31992084794757 -83.12119752260931 0
endloop
endfacet
facet normal 0 0 -1
outer loop
vertex 181.1 -77.275 0
vertex 140.31992084794757 -83.12119752260931 0
vertex 140.5933262377603 -82.95874734693852 0
endloop
endfacet
facet normal 0 0 -1
outer loop
vertex 181.1 -77.275 0
vertex 140.5933262377603 -82.95874734693852 0
vertex 140.8890250000001 -82.84168834999991 0
endloop
endfacet
facet normal 0 0 -1
outer loop
vertex 181.1 -77.275 0
vertex 140.8890250000001 -82.84168834999991 0
vertex 159.05504112038886 -77.275 0
endloop
endfacet
facet normal 0 0 -1
outer loop
vertex 261.91895629617306 -77.275 0
vertex 273.6681371999995 -82.73717599999985 0
vertex 273.9500013218571 -82.89717200609675 0
endloop
endfacet
facet normal 0 0 -1
outer loop
vertex 261.91895629617306 -77.275 0
vertex 273.9500013218571 -82.89717200609675 0
vertex 274.20231970713036 -83.10059695141406 0
endloop
endfacet
facet normal 0 0 -1
outer loop
vertex 261.91895629617306 -77.275 0
vertex 274.20231970713036 -83.10059695141406 0
vertex 274.4184674791402 -83.34210557771944 0
endloop
endfacet
facet normal 0 0 -1
outer loop
vertex 261.91895629617306 -77.275 0
vertex 274.4184674791402 -83.34210557771944 0
vertex 274.5927682582614 -83.61535548956223 0
endloop
endfacet
facet normal 0 0 -1
outer loop
vertex 261.91895629617306 -77.275 0
vertex 274.5927682582614 -83.61535548956223 0
vertex 274.72064463256015 -83.913170715534 0
endloop
endfacet
facet normal 0 0 -1
outer loop
vertex 261.91895629617306 -77.275 0
vertex 274.72064463256015 -83.913170715534 0
vertex 274.79873836781144 -84.22773016053415 0
endloop
endfacet
facet normal 0 0 -1
outer loop
vertex 261.91895629617306 -77.275 0
vertex 274.79873836781144 -84.22773016053415 0
vertex 274.8249986 -84.55077299999996 0
endloop
endfacet
facet normal 0 0 -1
outer loop
vertex 261.91895629617306 -77.275 0
vertex 274.8249986 -84.55077299999996 0
vertex 274.82499864341014 -86.8 0
endloop
endfacet
facet normal 0 0 -1
outer loop
vertex 261.91895629617306 -77.275 0
vertex 274.82499864341014 -86.8 0
vertex 271.3 -86.8 0
endloop
endfacet
facet normal 0 0 -1
outer loop
vertex 261.91895629617306 -77.275 0
vertex 271.3 -86.8 0
vertex 257.3 -86.8 0
endloop
endfacet
facet normal 0 0 -1
outer loop
vertex 261.91895629617306 -77.275 0
vertex 257.3 -86.8 0
vertex 252.25 -86.8 0
endloop
endfacet
facet normal 0 0 -1
outer loop
vertex 261.91895629617306 -77.275 0
vertex 252.25 -86.8 0
vertex 252.25 -77.275 0
endloop
endfacet
facet normal 0 0 -1
outer loop
vertex 333.5 -77.275 0
vertex 333.5 -86.8 0
vertex 328.45 -86.8 0
endloop
endfacet
facet normal 0 0 -1
outer loop
vertex 333.5 -77.275 0
vertex 328.45 -86.8 0
vertex 314.45 -86.8 0
endloop
endfacet
facet normal 0 0 -1
outer loop
vertex 333.5 -77.275 0
vertex 314.45 -86.8 0
vertex 310.92500135658986 -86.8 0
endloop
endfacet
facet normal 0 0 -1
outer loop
vertex 333.5 -77.275 0
vertex 310.92500135658986 -86.8 0
vertex 310.9250014 -84.55077299999996 0
endloop
endfacet
facet normal 0 0 -1
outer loop
vertex 333.5 -77.275 0
vertex 310.9250014 -84.55077299999996 0
vertex 310.9512616321886 -84.22773016053415 0
endloop
endfacet
facet normal 0 0 -1
outer loop
vertex 333.5 -77.275 0
vertex 310.9512616321886 -84.22773016053415 0
vertex 311.02935536743985 -83.913170715534 0
endloop
endfacet
facet normal 0 0 -1
outer loop
vertex 333.5 -77.275 0
vertex 311.02935536743985 -83.913170715534 0
vertex 311.1572317417385 -83.61535548956223 0
endloop
endfacet
facet normal 0 0 -1
outer loop
vertex 333.5 -77.275 0
vertex 311.1572317417385 -83.61535548956223 0
vertex 311.3315325208598 -83.34210557771944 0
endloop
endfacet
facet normal 0 0 -1
outer loop
vertex 333.5 -77.275 0
vertex 311.3315325208598 -83.34210557771944 0
vertex 311.54768029287 -83.10059695141406 0
endloop
endfacet
facet normal 0 0 -1
outer loop
vertex 333.5 -77.275 0
vertex 311.54768029287 -83.10059695141406 0
vertex 311.79999867814286 -82.89717200609675 0
endloop
endfacet
facet normal 0 0 -1
outer loop
vertex 333.5 -77.275 0
vertex 311.79999867814286 -82.89717200609675 0
vertex 312.08186280000035 -82.73717599999985 0
endloop
endfacet
facet normal 0 0 -1
outer loop
vertex 333.5 -77.275 0
vertex 312.08186280000035 -82.73717599999985 0
vertex 323.83104370382694 -77.275 0
endloop
endfacet
facet normal 0 0 -1
outer loop
vertex 426.69495887961114 -77.275 0
vertex 444.8609749999998 -82.84168834999991 0
vertex 445.1566737622397 -82.95874734693852 0
endloop
endfacet
facet normal 0 0 -1
outer loop
vertex 426.69495887961114 -77.275 0
vertex 445.1566737622397 -82.95874734693852 0
vertex 445.4300791520528 -83.12119752260931 0
endloop
endfacet
facet normal 0 0 -1
outer loop
vertex 426.69495887961114 -77.275 0
vertex 445.4300791520528 -83.12119752260931 0
vertex 445.6742780754193 -83.32493130130281 0
endloop
endfacet
facet normal 0 0 -1
outer loop
vertex 426.69495887961114 -77.275 0
vertex 445.6742780754193 -83.32493130130281 0
vertex 445.88309592796196 -83.56479724555831 0
endloop
endfacet
facet normal 0 0 -1
outer loop
vertex 426.69495887961114 -77.275 0
vertex 445.88309592796196 -83.56479724555831 0
vertex 446.05125272069273 -83.83473031099007 0
endloop
endfacet
facet normal 0 0 -1
outer loop
vertex 426.69495887961114 -77.275 0
vertex 446.05125272069273 -83.83473031099007 0
vertex 446.1744965852802 -84.12790520178977 0
endloop
endfacet
facet normal 0 0 -1
outer loop
vertex 426.69495887961114 -77.275 0
vertex 446.1744965852802 -84.12790520178977 0
vertex 446.2497112831469 -84.43690894930589 0
endloop
endfacet
facet normal 0 0 -1
outer loop
vertex 426.69495887961114 -77.275 0
vertex 446.2497112831469 -84.43690894930589 0
vertex 446.275 -84.7539267 0
endloop
endfacet
facet normal 0 0 -1
outer loop
vertex 426.69495887961114 -77.275 0
vertex 446.275 -84.7539267 0
vertex 446.275 -86.8 0
endloop
endfacet
facet normal 0 0 -1
outer loop
vertex 426.69495887961114 -77.275 0
vertex 446.275 -86.8 0
vertex 442.75 -86.8 0
endloop
endfacet
facet normal 0 0 -1
outer loop
vertex 426.69495887961114 -77.275 0
vertex 442.75 -86.8 0
vertex 428.75 -86.8 0
endloop
endfacet
facet normal 0 0 -1
outer loop
vertex 426.69495887961114 -77.275 0
vertex 428.75 -86.8 0
vertex 423.7 -86.8 0
endloop
endfacet
facet normal 0 0 -1
outer loop
vertex 426.69495887961114 -77.275 0
vertex 423.7 -86.8 0
vertex 409.7 -86.8 0
endloop
endfacet
facet normal 0 0 -1
outer loop
vertex 426.69495887961114 -77.275 0
vertex 409.7 -86.8 0
vertex 404.65 -86.8 0
endloop
endfacet
facet normal 0 0 -1
outer loop
vertex 426.69495887961114 -77.275 0
vertex 404.65 -86.8 0
vertex 404.65 -77.275 0
endloop
endfacet
facet normal 0 0 -1
outer loop
vertex 200.15 -86.5125 0
vertex 214.15 -86.5125 0
vertex 219.2 -86.5125 0
endloop
endfacet
facet normal 0 0 -1
outer loop
vertex 200.15 -86.5125 0
vertex 219.2 -86.5125 0
vertex 219.2 -88.89375 0
endloop
endfacet
facet normal 0 0 -1
outer loop
vertex 200.15 -86.5125 0
vertex 219.2 -88.89375 0
vertex 195.1 -88.89375 0
endloop
endfacet
facet normal 0 0 -1
outer loop
vertex 200.15 -86.5125 0
vertex 195.1 -88.89375 0
vertex 195.1 -86.5125 0
endloop
endfacet
facet normal 0 0 -1
outer loop
vertex 238.25 -77.275 0
vertex 238.25 -88.89375 0
vertex 233.2 -88.89375 0
endloop
endfacet
facet normal 0 0 -1
outer loop
vertex 238.25 -77.275 0
vertex 233.2 -88.89375 0
vertex 233.2 -77.275 0
endloop
endfacet
facet normal 0 0 -1
outer loop
vertex 352.55 -77.275 0
vertex 352.55 -88.89375 0
vertex 347.5 -88.89375 0
endloop
endfacet
facet normal 0 0 -1
outer loop
vertex 352.55 -77.275 0
vertex 347.5 -88.89375 0
vertex 347.5 -77.275 0
endloop
endfacet
facet normal 0 0 -1
outer loop
vertex 371.6 -86.5125 0
vertex 385.6 -86.5125 0
vertex 390.65 -86.5125 0
endloop
endfacet
facet normal 0 0 -1
outer loop
vertex 371.6 -86.5125 0
vertex 390.65 -86.5125 0
vertex 390.65 -88.89375 0
endloop
endfacet
facet normal 0 0 -1
outer loop
vertex 371.6 -86.5125 0
vertex 390.65 -88.89375 0
vertex 366.55 -88.89375 0
endloop
endfacet
facet normal 0 0 -1
outer loop
vertex 371.6 -86.5125 0
vertex 366.55 -88.89375 0
vertex 366.55 -86.5125 0
endloop
endfacet
facet normal 0 0 -1
outer loop
vertex 181.1 -86.8 0
vertex 181.1 -91.275 0
vertex 176.05 -91.275 0
endloop
endfacet
facet normal 0 0 -1
outer loop
vertex 181.1 -86.8 0
vertex 176.05 -91.275 0
vertex 176.05 -86.8 0
endloop
endfacet
facet normal 0 0 -1
outer loop
vertex 219.2 -88.89375 0
vertex 233.2 -88.89375 0
vertex 238.25 -88.89375 0
endloop
endfacet
facet normal 0 0 -1
outer loop
vertex 219.2 -88.89375 0
vertex 238.25 -88.89375 0
vertex 238.25 -91.275 0
endloop
endfacet
facet normal 0 0 -1
outer loop
vertex 219.2 -88.89375 0
vertex 238.25 -91.275 0
vertex 195.1 -91.275 0
endloop
endfacet
facet normal 0 0 -1
outer loop
vertex 219.2 -88.89375 0
vertex 195.1 -91.275 0
vertex 195.1 -88.89375 0
endloop
endfacet
facet normal 0 0 -1
outer loop
vertex 257.3 -86.8 0
vertex 257.3 -91.275 0
vertex 252.25 -91.275 0
endloop
endfacet
facet normal 0 0 -1
outer loop
vertex 257.3 -86.8 0
vertex 252.25 -91.275 0
vertex 252.25 -86.8 0
endloop
endfacet
facet normal 0 0 -1
outer loop
vertex 333.5 -86.8 0
vertex 333.5 -91.275 0
vertex 328.45 -91.275 0
endloop
endfacet
facet normal 0 0 -1
outer loop
vertex 333.5 -86.8 0
vertex 328.45 -91.275 0
vertex 328.45 -86.8 0
endloop
endfacet
facet normal 0 0 -1
outer loop
vertex 352.55 -88.89375 0
vertex 366.55 -88.89375 0
vertex 390.65 -88.89375 0
endloop
endfacet
facet normal 0 0 -1
outer loop
vertex 352.55 -88.89375 0
vertex 390.65 -88.89375 0
vertex 390.65 -91.275 0
endloop
endfacet
facet normal 0 0 -1
outer loop
vertex 352.55 -88.89375 0
vertex 390.65 -91.275 0
vertex 347.5 -91.275 0
endloop
endfacet
facet normal 0 0 -1
outer loop
vertex 352.55 -88.89375 0
vertex 347.5 -91.275 0
vertex 347.5 -88.89375 0
endloop
endfacet
facet normal 0 0 -1
outer loop
vertex 409.7 -86.8 0
vertex 409.7 -91.275 0
vertex 404.65 -91.275 0
endloop
endfacet
facet normal 0 0 -1
outer loop
vertex 409.7 -86.8 0
vertex 404.65 -91.275 0
vertex 404.65 -86.8 0
endloop
endfacet
facet normal 0 0 -1
outer loop
vertex 181.1 -91.275 0
vertex 195.1 -91.275 0
vertex 238.25 -91.275 0
endloop
endfacet
facet normal 0 0 -1
outer loop
vertex 181.1 -91.275 0
vertex 238.25 -91.275 0
vertex 252.25 -91.275 0
endloop
endfacet
facet normal 0 0 -1
outer loop
vertex 181.1 -91.275 0
vertex 252.25 -91.275 0
vertex 257.3 -91.275 0
endloop
endfacet
facet normal 0 0 -1
outer loop
vertex 181.1 -91.275 0
vertex 257.3 -91.275 0
vertex 257.3 -91.5625 0
endloop
endfacet
facet normal 0 0 -1
outer loop
vertex 181.1 -91.275 0
vertex 257.3 -91.5625 0
vertex 214.15 -91.5625 0
endloop
endfacet
facet normal 0 0 -1
outer loop
vertex 181.1 -91.275 0
vertex 214.15 -91.5625 0
vertex 200.15 -91.5625 0
endloop
endfacet
facet normal 0 0 -1
outer loop
vertex 181.1 -91.275 0
vertex 200.15 -91.5625 0
vertex 176.05 -91.5625 0
endloop
endfacet
facet normal 0 0 -1
outer loop
vertex 181.1 -91.275 0
vertex 176.05 -91.5625 0
vertex 176.05 -91.275 0
endloop
endfacet
facet normal 0 0 -1
outer loop
vertex 333.5 -91.275 0
vertex 347.5 -91.275 0
vertex 390.65 -91.275 0
endloop
endfacet
facet normal 0 0 -1
outer loop
vertex 333.5 -91.275 0
vertex 390.65 -91.275 0
vertex 404.65 -91.275 0
endloop
endfacet
facet normal 0 0 -1
outer loop
vertex 333.5 -91.275 0
vertex 404.65 -91.275 0
vertex 409.7 -91.275 0
endloop
endfacet
facet normal 0 0 -1
outer loop
vertex 333.5 -91.275 0
vertex 409.7 -91.275 0
vertex 409.7 -91.5625 0
endloop
endfacet
facet normal 0 0 -1
outer loop
vertex 333.5 -91.275 0
vertex 409.7 -91.5625 0
vertex 385.6 -91.5625 0
endloop
endfacet
facet normal 0 0 -1
outer loop
vertex 333.5 -91.275 0
vertex 385.6 -91.5625 0
vertex 371.6 -91.5625 0
endloop
endfacet
facet normal 0 0 -1
outer loop
vertex 333.5 -91.275 0
vertex 371.6 -91.5625 0
vertex 328.45 -91.5625 0
endloop
endfacet
facet normal 0 0 -1
outer loop
vertex 333.5 -91.275 0
vertex 328.45 -91.5625 0
vertex 328.45 -91.275 0
endloop
endfacet
facet normal 0 0 -1
outer loop
vertex 257.3 -91.5625 0
vertex 257.3 -93.94375 0
vertex 233.2 -93.94375 0
endloop
endfacet
facet normal 0 0 -1
outer loop
vertex 257.3 -91.5625 0
vertex 233.2 -93.94375 0
vertex 219.2 -93.94375 0
endloop
endfacet
facet normal 0 0 -1
outer loop
vertex 257.3 -91.5625 0
vertex 219.2 -93.94375 0
vertex 214.15 -93.94375 0
endloop
endfacet
facet normal 0 0 -1
outer loop
vertex 257.3 -91.5625 0
vertex 214.15 -93.94375 0
vertex 214.15 -91.5625 0
endloop
endfacet
facet normal 0 0 -1
outer loop
vertex 371.6 -91.5625 0
vertex 371.6 -93.94375 0
vertex 366.55 -93.94375 0
endloop
endfacet
facet normal 0 0 -1
outer loop
vertex 371.6 -91.5625 0
vertex 366.55 -93.94375 0
vertex 352.55 -93.94375 0
endloop
endfacet
facet normal 0 0 -1
outer loop
vertex 371.6 -91.5625 0
vertex 352.55 -93.94375 0
vertex 328.45 -93.94375 0
endloop
endfacet
facet normal 0 0 -1
outer loop
vertex 371.6 -91.5625 0
vertex 328.45 -93.94375 0
vertex 328.45 -91.5625 0
endloop
endfacet
facet normal 0 0 -1
outer loop
vertex 200.15 -91.5625 0
vertex 200.15 -96.325 0
vertex 195.1 -96.325 0
endloop
endfacet
facet normal 0 0 -1
outer loop
vertex 200.15 -91.5625 0
vertex 195.1 -96.325 0
vertex 181.1 -96.325 0
endloop
endfacet
facet normal 0 0 -1
outer loop
vertex 200.15 -91.5625 0
vertex 181.1 -96.325 0
vertex 176.05 -96.325 0
endloop
endfacet
facet normal 0 0 -1
outer loop
vertex 200.15 -91.5625 0
vertex 176.05 -96.325 0
vertex 176.05 -91.5625 0
endloop
endfacet
facet normal 0 0 -1
outer loop
vertex 257.3 -93.94375 0
vertex 257.3 -96.325 0
vertex 252.25 -96.325 0
endloop
endfacet
facet normal 0 0 -1
outer loop
vertex 257.3 -93.94375 0
vertex 252.25 -96.325 0
vertex 238.25 -96.325 0
endloop
endfacet
facet normal 0 0 -1
outer loop
vertex 257.3 -93.94375 0
vertex 238.25 -96.325 0
vertex 233.2 -96.325 0
endloop
endfacet
facet normal 0 0 -1
outer loop
vertex 257.3 -93.94375 0
vertex 233.2 -96.325 0
vertex 233.2 -93.94375 0
endloop
endfacet
facet normal 0 0 -1
outer loop
vertex 352.55 -93.94375 0
vertex 352.55 -96.325 0
vertex 347.5 -96.325 0
endloop
endfacet
facet normal 0 0 -1
outer loop
vertex 352.55 -93.94375 0
vertex 347.5 -96.325 0
vertex 333.5 -96.325 0
endloop
endfacet
facet normal 0 0 -1
outer loop
vertex 352.55 -93.94375 0
vertex 333.5 -96.325 0
vertex 328.45 -96.325 0
endloop
endfacet
facet normal 0 0 -1
outer loop
vertex 352.55 -93.94375 0
vertex 328.45 -96.325 0
vertex 328.45 -93.94375 0
endloop
endfacet
facet normal 0 0 -1
outer loop
vertex 409.7 -91.5625 0
vertex 409.7 -96.325 0
vertex 404.65 -96.325 0
endloop
endfacet
facet normal 0 0 -1
outer loop
vertex 409.7 -91.5625 0
vertex 404.65 -96.325 0
vertex 390.65 -96.325 0
endloop
endfacet
facet normal 0 0 -1
outer loop
vertex 409.7 -91.5625 0
vertex 390.65 -96.325 0
vertex 385.6 -96.325 0
endloop
endfacet
facet normal 0 0 -1
outer loop
vertex 409.7 -91.5625 0
vertex 385.6 -96.325 0
vertex 385.6 -91.5625 0
endloop
endfacet
facet normal 0 0 -1
outer loop
vertex 143 -86.8 0
vertex 143 -100.8 0
vertex 139.475 -100.8 0
endloop
endfacet
facet normal 0 0 -1
outer loop
vertex 143 -86.8 0
vertex 139.475 -100.8 0
vertex 139.475 -86.8 0
endloop
endfacet
facet normal 0 0 -1
outer loop
vertex 162.05 -86.8 0
vertex 162.05 -100.8 0
vertex 157 -100.8 0
endloop
endfacet
facet normal 0 0 -1
outer loop
vertex 162.05 -86.8 0
vertex 157 -100.8 0
vertex 157 -86.8 0
endloop
endfacet
facet normal 0 0 -1
outer loop
vertex 181.1 -96.325 0
vertex 181.1 -100.8 0
vertex 176.05 -100.8 0
endloop
endfacet
facet normal 0 0 -1
outer loop
vertex 181.1 -96.325 0
vertex 176.05 -100.8 0
vertex 176.05 -96.325 0
endloop
endfacet
facet normal 0 0 -1
outer loop
vertex 257.3 -96.325 0
vertex 257.3 -100.8 0
vertex 252.25 -100.8 0
endloop
endfacet
facet normal 0 0 -1
outer loop
vertex 257.3 -96.325 0
vertex 252.25 -100.8 0
vertex 252.25 -96.325 0
endloop
endfacet
facet normal 0 0 -1
outer loop
vertex 274.82499864341014 -86.8 0
vertex 274.8249989136104 -100.8 0
vertex 271.3 -100.8 0
endloop
endfacet
facet normal 0 0 -1
outer loop
vertex 274.82499864341014 -86.8 0
vertex 271.3 -100.8 0
vertex 271.3 -86.8 0
endloop
endfacet
facet normal 0 0 -1
outer loop
vertex 314.45 -86.8 0
vertex 314.45 -100.8 0
vertex 310.9250010863896 -100.8 0
endloop
endfacet
facet normal 0 0 -1
outer loop
vertex 314.45 -86.8 0
vertex 310.9250010863896 -100.8 0
vertex 310.92500135658986 -86.8 0
endloop
endfacet
facet normal 0 0 -1
outer loop
vertex 333.5 -96.325 0
vertex 333.5 -100.8 0
vertex 328.45 -100.8 0
endloop
endfacet
facet normal 0 0 -1
outer loop
vertex 333.5 -96.325 0
vertex 328.45 -100.8 0
vertex 328.45 -96.325 0
endloop
endfacet
facet normal 0 0 -1
outer loop
vertex 409.7 -96.325 0
vertex 409.7 -100.8 0
vertex 404.65 -100.8 0
endloop
endfacet
facet normal 0 0 -1
outer loop
vertex 409.7 -96.325 0
vertex 404.65 -100.8 0
vertex 404.65 -96.325 0
endloop
endfacet
facet normal 0 0 -1
outer loop
vertex 428.75 -86.8 0
vertex 428.75 -100.8 0
vertex 423.7 -100.8 0
endloop
endfacet
facet normal 0 0 -1
outer loop
vertex 428.75 -86.8 0
vertex 423.7 -100.8 0
vertex 423.7 -86.8 0
endloop
endfacet
facet normal 0 0 -1
outer loop
vertex 446.275 -86.8 0
vertex 446.275 -100.8 0
vertex 442.75 -100.8 0
endloop
endfacet
facet normal 0 0 -1
outer loop
vertex 446.275 -86.8 0
vertex 442.75 -100.8 0
vertex 442.75 -86.8 0
endloop
endfacet
facet normal 0 0 -1
outer loop
vertex 200.15 -96.325 0
vertex 200.15 -105.5625 0
vertex 195.1 -105.5625 0
endloop
endfacet
facet normal 0 0 -1
outer loop
vertex 200.15 -96.325 0
vertex 195.1 -105.5625 0
vertex 195.1 -96.325 0
endloop
endfacet
facet normal 0 0 -1
outer loop
vertex 219.2 -93.94375 0
vertex 219.2 -105.5625 0
vertex 214.15 -105.5625 0
endloop
endfacet
facet normal 0 0 -1
outer loop
vertex 219.2 -93.94375 0
vertex 214.15 -105.5625 0
vertex 214.15 -93.94375 0
endloop
endfacet
facet normal 0 0 -1
outer loop
vertex 371.6 -93.94375 0
vertex 371.6 -105.5625 0
vertex 366.55 -105.5625 0
endloop
endfacet
facet normal 0 0 -1
outer loop
vertex 371.6 -93.94375 0
vertex 366.55 -105.5625 0
vertex 366.55 -93.94375 0
endloop
endfacet
facet normal 0 0 -1
outer loop
vertex 390.65 -96.325 0
vertex 390.65 -105.5625 0
vertex 385.6 -105.5625 0
endloop
endfacet
facet normal 0 0 -1
outer loop
vertex 390.65 -96.325 0
vertex 385.6 -105.5625 0
vertex 385.6 -96.325 0
endloop
endfacet
facet normal 0 0 -1
outer loop
vertex 143 -100.8 0
vertex 157 -100.8 0
vertex 162.05 -100.8 0
endloop
endfacet
facet normal 0 0 -1
outer loop
vertex 143 -100.8 0
vertex 162.05 -100.8 0
vertex 176.05 -100.8 0
endloop
endfacet
facet normal 0 0 -1
outer loop
vertex 143 -100.8 0
vertex 176.05 -100.8 0
vertex 181.1 -100.8 0
endloop
endfacet
facet normal 0 0 -1
outer loop
vertex 143 -100.8 0
vertex 181.1 -100.8 0
vertex 181.1 -105.85 0
endloop
endfacet
facet normal 0 0 -1
outer loop
vertex 143 -100.8 0
vertex 181.1 -105.85 0
vertex 176.05 -105.85 0
endloop
endfacet
facet normal 0 0 -1
outer loop
vertex 143 -100.8 0
vertex 176.05 -105.85 0
vertex 162.05 -105.85 0
endloop
endfacet
facet normal 0 0 -1
outer loop
vertex 143 -100.8 0
vertex 162.05 -105.85 0
vertex 157 -105.85 0
endloop
endfacet
facet normal 0 0 -1
outer loop
vertex 143 -100.8 0
vertex 157 -105.85 0
vertex 143 -105.85 0
endloop
endfacet
facet normal 0 0 -1
outer loop
vertex 143 -100.8 0
vertex 143 -105.85 0
vertex 139.475 -105.85 0
endloop
endfacet
facet normal 0 0 -1
outer loop
vertex 143 -100.8 0
vertex 139.475 -105.85 0
vertex 139.475 -100.8 0
endloop
endfacet
facet normal 0 0 -1
outer loop
vertex 257.3 -100.8 0
vertex 271.3 -100.8 0
vertex 274.8249989136104 -100.8 0
endloop
endfacet
facet normal 0 0 -1
outer loop
vertex 257.3 -100.8 0
vertex 274.8249989136104 -100.8 0
vertex 274.8249990110755 -105.85 0
endloop
endfacet
facet normal 0 0 -1
outer loop
vertex 257.3 -100.8 0
vertex 274.8249990110755 -105.85 0
vertex 271.3 -105.85 0
endloop
endfacet
facet normal 0 0 -1
outer loop
vertex 257.3 -100.8 0
vertex 271.3 -105.85 0
vertex 257.3 -105.85 0
endloop
endfacet
facet normal 0 0 -1
outer loop
vertex 257.3 -100.8 0
vertex 257.3 -105.85 0
vertex 252.25 -105.85 0
endloop
endfacet
facet normal 0 0 -1
outer loop
vertex 257.3 -100.8 0
vertex 252.25 -105.85 0
vertex 252.25 -100.8 0
endloop
endfacet
facet normal 0 0 -1
outer loop
vertex 314.45 -100.8 0
vertex 328.45 -100.8 0
vertex 333.5 -100.8 0
endloop
endfacet
facet normal 0 0 -1
outer loop
vertex 314.45 -100.8 0
vertex 333.5 -100.8 0
vertex 333.5 -105.85 0
endloop
endfacet
facet normal 0 0 -1
outer loop
vertex 314.45 -100.8 0
vertex 333.5 -105.85 0
vertex 328.45 -105.85 0
endloop
endfacet
facet normal 0 0 -1
outer loop
vertex 314.45 -100.8 0
vertex 328.45 -105.85 0
vertex 314.45 -105.85 0
endloop
endfacet
facet normal 0 0 -1
outer loop
vertex 314.45 -100.8 0
vertex 314.45 -105.85 0
vertex 310.9250009889245 -105.85 0
endloop
endfacet
facet normal 0 0 -1
outer loop
vertex 314.45 -100.8 0
vertex 310.9250009889245 -105.85 0
vertex 310.9250010863896 -100.8 0
endloop
endfacet
facet normal 0 0 -1
outer loop
vertex 409.7 -100.8 0
vertex 423.7 -100.8 0
vertex 428.75 -100.8 0
endloop
endfacet
facet normal 0 0 -1
outer loop
vertex 409.7 -100.8 0
vertex 428.75 -100.8 0
vertex 442.75 -100.8 0
endloop
endfacet
facet normal 0 0 -1
outer loop
vertex 409.7 -100.8 0
vertex 442.75 -100.8 0
vertex 446.275 -100.8 0
endloop
endfacet
facet normal 0 0 -1
outer loop
vertex 409.7 -100.8 0
vertex 446.275 -100.8 0
vertex 446.275 -105.85 0
endloop
endfacet
facet normal 0 0 -1
outer loop
vertex 409.7 -100.8 0
vertex 446.275 -105.85 0
vertex 442.75 -105.85 0
endloop
endfacet
facet normal 0 0 -1
outer loop
vertex 409.7 -100.8 0
vertex 442.75 -105.85 0
vertex 428.75 -105.85 0
endloop
endfacet
facet normal 0 0 -1
outer loop
vertex 409.7 -100.8 0
vertex 428.75 -105.85 0
vertex 423.7 -105.85 0
endloop
endfacet
facet normal 0 0 -1
outer loop
vertex 409.7 -100.8 0
vertex 423.7 -105.85 0
vertex 409.7 -105.85 0
endloop
endfacet
facet normal 0 0 -1
outer loop
vertex 409.7 -100.8 0
vertex 409.7 -105.85 0
vertex 404.65 -105.85 0
endloop
endfacet
facet normal 0 0 -1
outer loop
vertex 409.7 -100.8 0
vertex 404.65 -105.85 0
vertex 404.65 -100.8 0
endloop
endfacet
facet normal 0 0 -1
outer loop
vertex 200.15 -105.5625 0
vertex 214.15 -105.5625 0
vertex 219.2 -105.5625 0
endloop
endfacet
facet normal 0 0 -1
outer loop
vertex 200.15 -105.5625 0
vertex 219.2 -105.5625 0
vertex 219.2 -107.94375 0
endloop
endfacet
facet normal 0 0 -1
outer loop
vertex 200.15 -105.5625 0
vertex 219.2 -107.94375 0
vertex 195.1 -107.94375 0
endloop
endfacet
facet normal 0 0 -1
outer loop
vertex 200.15 -105.5625 0
vertex 195.1 -107.94375 0
vertex 195.1 -105.5625 0
endloop
endfacet
facet normal 0 0 -1
outer loop
vertex 238.25 -96.325 0
vertex 238.25 -107.94375 0
vertex 233.2 -107.94375 0
endloop
endfacet
facet normal 0 0 -1
outer loop
vertex 238.25 -96.325 0
vertex 233.2 -107.94375 0
vertex 233.2 -96.325 0
endloop
endfacet
facet normal 0 0 -1
outer loop
vertex 352.55 -96.325 0
vertex 352.55 -107.94375 0
vertex 347.5 -107.94375 0
endloop
endfacet
facet normal 0 0 -1
outer loop
vertex 352.55 -96.325 0
vertex 347.5 -107.94375 0
vertex 347.5 -96.325 0
endloop
endfacet
facet normal 0 0 -1
outer loop
vertex 371.6 -105.5625 0
vertex 385.6 -105.5625 0
vertex 390.65 -105.5625 0
endloop
endfacet
facet normal 0 0 -1
outer loop
vertex 371.6 -105.5625 0
vertex 390.65 -105.5625 0
vertex 390.65 -107.94375 0
endloop
endfacet
facet normal 0 0 -1
outer loop
vertex 371.6 -105.5625 0
vertex 390.65 -107.94375 0
vertex 366.55 -107.94375 0
endloop
endfacet
facet normal 0 0 -1
outer loop
vertex 371.6 -105.5625 0
vertex 366.55 -107.94375 0
vertex 366.55 -105.5625 0
endloop
endfacet
facet normal 0 0 -1
outer loop
vertex 181.1 -105.85 0
vertex 181.1 -110.325 0
vertex 176.05 -110.325 0
endloop
endfacet
facet normal 0 0 -1
outer loop
vertex 181.1 -105.85 0
vertex 176.05 -110.325 0
vertex 176.05 -105.85 0
endloop
endfacet
facet normal 0 0 -1
outer loop
vertex 219.2 -107.94375 0
vertex 233.2 -107.94375 0
vertex 238.25 -107.94375 0
endloop
endfacet
facet normal 0 0 -1
outer loop
vertex 219.2 -107.94375 0
vertex 238.25 -107.94375 0
vertex 238.25 -110.325 0
endloop
endfacet
facet normal 0 0 -1
outer loop
vertex 219.2 -107.94375 0
vertex 238.25 -110.325 0
vertex 195.1 -110.325 0
endloop
endfacet
facet normal 0 0 -1
outer loop
vertex 219.2 -107.94375 0
vertex 195.1 -110.325 0
vertex 195.1 -107.94375 0
endloop
endfacet
facet normal 0 0 -1
outer loop
vertex 257.3 -105.85 0
vertex 257.3 -110.325 0
vertex 252.25 -110.325 0
endloop
endfacet
facet normal 0 0 -1
outer loop
vertex 257.3 -105.85 0
vertex 252.25 -110.325 0
vertex 252.25 -105.85 0
endloop
endfacet
facet normal 0 0 -1
outer loop
vertex 333.5 -105.85 0
vertex 333.5 -110.325 0
vertex 328.45 -110.325 0
endloop
endfacet
facet normal 0 0 -1
outer loop
vertex 333.5 -105.85 0
vertex 328.45 -110.325 0
vertex 328.45 -105.85 0
endloop
endfacet
facet normal 0 0 -1
outer loop
vertex 352.55 -107.94375 0
vertex 366.55 -107.94375 0
vertex 390.65 -107.94375 0
endloop
endfacet
facet normal 0 0 -1
outer loop
vertex 352.55 -107.94375 0
vertex 390.65 -107.94375 0
vertex 390.65 -110.325 0
endloop
endfacet
facet normal 0 0 -1
outer loop
vertex 352.55 -107.94375 0
vertex 390.65 -110.325 0
vertex 347.5 -110.325 0
endloop
endfacet
facet normal 0 0 -1
outer loop
vertex 352.55 -107.94375 0
vertex 347.5 -110.325 0
vertex 347.5 -107.94375 0
endloop
endfacet
facet normal 0 0 -1
outer loop
vertex 409.7 -105.85 0
vertex 409.7 -110.325 0
vertex 404.65 -110.325 0
endloop
endfacet
facet normal 0 0 -1
outer loop
vertex 409.7 -105.85 0
vertex 404.65 -110.325 0
vertex 404.65 -105.85 0
endloop
endfacet
facet normal 0 0 -1
outer loop
vertex 181.1 -110.325 0
vertex 195.1 -110.325 0
vertex 238.25 -110.325 0
endloop
endfacet
facet normal 0 0 -1
outer loop
vertex 181.1 -110.325 0
vertex 238.25 -110.325 0
vertex 252.25 -110.325 0
endloop
endfacet
facet normal 0 0 -1
outer loop
vertex 181.1 -110.325 0
vertex 252.25 -110.325 0
vertex 257.3 -110.325 0
endloop
endfacet
facet normal 0 0 -1
outer loop
vertex 181.1 -110.325 0
vertex 257.3 -110.325 0
vertex 257.3 -110.6125 0
endloop
endfacet
facet normal 0 0 -1
outer loop
vertex 181.1 -110.325 0
vertex 257.3 -110.6125 0
vertex 214.15 -110.6125 0
endloop
endfacet
facet normal 0 0 -1
outer loop
vertex 181.1 -110.325 0
vertex 214.15 -110.6125 0
vertex 200.15 -110.6125 0
endloop
endfacet
facet normal 0 0 -1
outer loop
vertex 181.1 -110.325 0
vertex 200.15 -110.6125 0
vertex 176.05 -110.6125 0
endloop
endfacet
facet normal 0 0 -1
outer loop
vertex 181.1 -110.325 0
vertex 176.05 -110.6125 0
vertex 176.05 -110.325 0
endloop
endfacet
facet normal 0 0 -1
outer loop
vertex 333.5 -110.325 0
vertex 347.5 -110.325 0
vertex 390.65 -110.325 0
endloop
endfacet
facet normal 0 0 -1
outer loop
vertex 333.5 -110.325 0
vertex 390.65 -110.325 0
vertex 404.65 -110.325 0
endloop
endfacet
facet normal 0 0 -1
outer loop
vertex 333.5 -110.325 0
vertex 404.65 -110.325 0
vertex 409.7 -110.325 0
endloop
endfacet
facet normal 0 0 -1
outer loop
vertex 333.5 -110.325 0
vertex 409.7 -110.325 0
vertex 409.7 -110.6125 0
endloop
endfacet
facet normal 0 0 -1
outer loop
vertex 333.5 -110.325 0
vertex 409.7 -110.6125 0
vertex 385.6 -110.6125 0
endloop
endfacet
facet normal 0 0 -1
outer loop
vertex 333.5 -110.325 0
vertex 385.6 -110.6125 0
vertex 371.6 -110.6125 0
endloop
endfacet
facet normal 0 0 -1
outer loop
vertex 333.5 -110.325 0
vertex 371.6 -110.6125 0
vertex 328.45 -110.6125 0
endloop
endfacet
facet normal 0 0 -1
outer loop
vertex 333.5 -110.325 0
vertex 328.45 -110.6125 0
vertex 328.45 -110.325 0
endloop
endfacet
facet normal 0 0 -1
outer loop
vertex 257.3 -110.6125 0
vertex 257.3 -112.99375 0
vertex 233.2 -112.99375 0
endloop
endfacet
facet normal 0 0 -1
outer loop
vertex 257.3 -110.6125 0
vertex 233.2 -112.99375 0
vertex 219.2 -112.99375 0
endloop
endfacet
facet normal 0 0 -1
outer loop
vertex 257.3 -110.6125 0
vertex 219.2 -112.99375 0
vertex 214.15 -112.99375 0
endloop
endfacet
facet normal 0 0 -1
outer loop
vertex 257.3 -110.6125 0
vertex 214.15 -112.99375 0
vertex 214.15 -110.6125 0
endloop
endfacet
facet normal 0 0 -1
outer loop
vertex 371.6 -110.6125 0
vertex 371.6 -112.99375 0
vertex 366.55 -112.99375 0
endloop
endfacet
facet normal 0 0 -1
outer loop
vertex 371.6 -110.6125 0
vertex 366.55 -112.99375 0
vertex 352.55 -112.99375 0
endloop
endfacet
facet normal 0 0 -1
outer loop
vertex 371.6 -110.6125 0
vertex 352.55 -112.99375 0
vertex 328.45 -112.99375 0
endloop
endfacet
facet normal 0 0 -1
outer loop
vertex 371.6 -110.6125 0
vertex 328.45 -112.99375 0
vertex 328.45 -110.6125 0
endloop
endfacet
facet normal 0 0 -1
outer loop
vertex 200.15 -110.6125 0
vertex 200.15 -115.375 0
vertex 195.1 -115.375 0
endloop
endfacet
facet normal 0 0 -1
outer loop
vertex 200.15 -110.6125 0
vertex 195.1 -115.375 0
vertex 181.1 -115.375 0
endloop
endfacet
facet normal 0 0 -1
outer loop
vertex 200.15 -110.6125 0
vertex 181.1 -115.375 0
vertex 176.05 -115.375 0
endloop
endfacet
facet normal 0 0 -1
outer loop
vertex 200.15 -110.6125 0
vertex 176.05 -115.375 0
vertex 176.05 -110.6125 0
endloop
endfacet
facet normal 0 0 -1
outer loop
vertex 257.3 -112.99375 0
vertex 257.3 -115.375 0
vertex 252.25 -115.375 0
endloop
endfacet
facet normal 0 0 -1
outer loop
vertex 257.3 -112.99375 0
vertex 252.25 -115.375 0
vertex 238.25 -115.375 0
endloop
endfacet
facet normal 0 0 -1
outer loop
vertex 257.3 -112.99375 0
vertex 238.25 -115.375 0
vertex 233.2 -115.375 0
endloop
endfacet
facet normal 0 0 -1
outer loop
vertex 257.3 -112.99375 0
vertex 233.2 -115.375 0
vertex 233.2 -112.99375 0
endloop
endfacet
facet normal 0 0 -1
outer loop
vertex 352.55 -112.99375 0
vertex 352.55 -115.375 0
vertex 347.5 -115.375 0
endloop
endfacet
facet normal 0 0 -1
outer loop
vertex 352.55 -112.99375 0
vertex 347.5 -115.375 0
vertex 333.5 -115.375 0
endloop
endfacet
facet normal 0 0 -1
outer loop
vertex 352.55 -112.99375 0
vertex 333.5 -115.375 0
vertex 328.45 -115.375 0
endloop
endfacet
facet normal 0 0 -1
outer loop
vertex 352.55 -112.99375 0
vertex 328.45 -115.375 0
vertex 328.45 -112.99375 0
endloop
endfacet
facet normal 0 0 -1
outer loop
vertex 409.7 -110.6125 0
vertex 409.7 -115.375 0
vertex 404.65 -115.375 0
endloop
endfacet
facet normal 0 0 -1
outer loop
vertex 409.7 -110.6125 0
vertex 404.65 -115.375 0
vertex 390.65 -115.375 0
endloop
endfacet
facet normal 0 0 -1
outer loop
vertex 409.7 -110.6125 0
vertex 390.65 -115.375 0
vertex 385.6 -115.375 0
endloop
endfacet
facet normal 0 0 -1
outer loop
vertex 409.7 -110.6125 0
vertex 385.6 -115.375 0
vertex 385.6 -110.6125 0
endloop
endfacet
facet normal 0 0 -1
outer loop
vertex 143 -105.85 0
vertex 143 -119.85 0
vertex 139.475 -119.85 0
endloop
endfacet
facet normal 0 0 -1
outer loop
vertex 143 -105.85 0
vertex 139.475 -119.85 0
vertex 139.475 -105.85 0
endloop
endfacet
facet normal 0 0 -1
outer loop
vertex 162.05 -105.85 0
vertex 162.05 -119.85 0
vertex 157 -119.85 0
endloop
endfacet
facet normal 0 0 -1
outer loop
vertex 162.05 -105.85 0
vertex 157 -119.85 0
vertex 157 -105.85 0
endloop
endfacet
facet normal 0 0 -1
outer loop
vertex 181.1 -115.375 0
vertex 181.1 -119.85 0
vertex 176.05 -119.85 0
endloop
endfacet
facet normal 0 0 -1
outer loop
vertex 181.1 -115.375 0
vertex 176.05 -119.85 0
vertex 176.05 -115.375 0
endloop
endfacet
facet normal 0 0 -1
outer loop
vertex 257.3 -115.375 0
vertex 257.3 -119.85 0
vertex 252.25 -119.85 0
endloop
endfacet
facet normal 0 0 -1
outer loop
vertex 257.3 -115.375 0
vertex 252.25 -119.85 0
vertex 252.25 -115.375 0
endloop
endfacet
facet normal 0 0 -1
outer loop
vertex 274.8249990110755 -105.85 0
vertex 274.8249992812757 -119.85 0
vertex 271.3 -119.85 0
endloop
endfacet
facet normal 0 0 -1
outer loop
vertex 274.8249990110755 -105.85 0
vertex 271.3 -119.85 0
vertex 271.3 -105.85 0
endloop
endfacet
facet normal 0 0 -1
outer loop
vertex 314.45 -105.85 0
vertex 314.45 -119.85 0
vertex 310.9250007187243 -119.85 0
endloop
endfacet
facet normal 0 0 -1
outer loop
vertex 314.45 -105.85 0
vertex 310.9250007187243 -119.85 0
vertex 310.9250009889245 -105.85 0
endloop
endfacet
facet normal 0 0 -1
outer loop
vertex 333.5 -115.375 0
vertex 333.5 -119.85 0
vertex 328.45 -119.85 0
endloop
endfacet
facet normal 0 0 -1
outer loop
vertex 333.5 -115.375 0
vertex 328.45 -119.85 0
vertex 328.45 -115.375 0
endloop
endfacet
facet normal 0 0 -1
outer loop
vertex 409.7 -115.375 0
vertex 409.7 -119.85 0
vertex 404.65 -119.85 0
endloop
endfacet
facet normal 0 0 -1
outer loop
vertex 409.7 -115.375 0
vertex 404.65 -119.85 0
vertex 404.65 -115.375 0
endloop
endfacet
facet normal 0 0 -1
outer loop
vertex 428.75 -105.85 0
vertex 428.75 -119.85 0
vertex 423.7 -119.85 0
endloop
endfacet
facet normal 0 0 -1
outer loop
vertex 428.75 -105.85 0
vertex 423.7 -119.85 0
vertex 423.7 -105.85 0
endloop
endfacet
facet normal 0 0 -1
outer loop
vertex 446.275 -105.85 0
vertex 446.275 -119.85 0
vertex 442.75 -119.85 0
endloop
endfacet
facet normal 0 0 -1
outer loop
vertex 446.275 -105.85 0
vertex 442.75 -119.85 0
vertex 442.75 -105.85 0
endloop
endfacet
facet normal 0 0 -1
outer loop
vertex 200.15 -115.375 0
vertex 200.15 -124.6125 0
vertex 195.1 -124.6125 0
endloop
endfacet
facet normal 0 0 -1
outer loop
vertex 200.15 -115.375 0
vertex 195.1 -124.6125 0
vertex 195.1 -115.375 0
endloop
endfacet
facet normal 0 0 -1
outer loop
vertex 219.2 -112.99375 0
vertex 219.2 -124.6125 0
vertex 214.15 -124.6125 0
endloop
endfacet
facet normal 0 0 -1
outer loop
vertex 219.2 -112.99375 0
vertex 214.15 -124.6125 0
vertex 214.15 -112.99375 0
endloop
endfacet
facet normal 0 0 -1
outer loop
vertex 371.6 -112.99375 0
vertex 371.6 -124.6125 0
vertex 366.55 -124.6125 0
endloop
endfacet
facet normal 0 0 -1
outer loop
vertex 371.6 -112.99375 0
vertex 366.55 -124.6125 0
vertex 366.55 -112.99375 0
endloop
endfacet
facet normal 0 0 -1
outer loop
vertex 390.65 -115.375 0
vertex 390.65 -124.6125 0
vertex 385.6 -124.6125 0
endloop
endfacet
facet normal 0 0 -1
outer loop
vertex 390.65 -115.375 0
vertex 385.6 -124.6125 0
vertex 385.6 -115.375 0
endloop
endfacet
facet normal 0 0 -1
outer loop
vertex 143 -119.85 0
vertex 157 -119.85 0
vertex 162.05 -119.85 0
endloop
endfacet
facet normal 0 0 -1
outer loop
vertex 143 -119.85 0
vertex 162.05 -119.85 0
vertex 176.05 -119.85 0
endloop
endfacet
facet normal 0 0 -1
outer loop
vertex 143 -119.85 0
vertex 176.05 -119.85 0
vertex 181.1 -119.85 0
endloop
endfacet
facet normal 0 0 -1
outer loop
vertex 143 -119.85 0
vertex 181.1 -119.85 0
vertex 181.1 -124.9 0
endloop
endfacet
facet normal 0 0 -1
outer loop
vertex 143 -119.85 0
vertex 181.1 -124.9 0
vertex 176.05 -124.9 0
endloop
endfacet
facet normal 0 0 -1
outer loop
vertex 143 -119.85 0
vertex 176.05 -124.9 0
vertex 162.05 -124.9 0
endloop
endfacet
facet normal 0 0 -1
outer loop
vertex 143 -119.85 0
vertex 162.05 -124.9 0
vertex 157 -124.9 0
endloop
endfacet
facet normal 0 0 -1
outer loop
vertex 143 -119.85 0
vertex 157 -124.9 0
vertex 143 -124.9 0
endloop
endfacet
facet normal 0 0 -1
outer loop
vertex 143 -119.85 0
vertex 143 -124.9 0
vertex 139.475 -124.9 0
endloop
endfacet
facet normal 0 0 -1
outer loop
vertex 143 -119.85 0
vertex 139.475 -124.9 0
vertex 139.475 -119.85 0
endloop
endfacet
facet normal 0 0 -1
outer loop
vertex 257.3 -119.85 0
vertex 271.3 -119.85 0
vertex 274.8249992812757 -119.85 0
endloop
endfacet
facet normal 0 0 -1
outer loop
vertex 257.3 -119.85 0
vertex 274.8249992812757 -119.85 0
vertex 274.8249993787408 -124.9 0
endloop
endfacet
facet normal 0 0 -1
outer loop
vertex 257.3 -119.85 0
vertex 274.8249993787408 -124.9 0
vertex 271.3 -124.9 0
endloop
endfacet
facet normal 0 0 -1
outer loop
vertex 257.3 -119.85 0
vertex 271.3 -124.9 0
vertex 257.3 -124.9 0
endloop
endfacet
facet normal 0 0 -1
outer loop
vertex 257.3 -119.85 0
vertex 257.3 -124.9 0
vertex 252.25 -124.9 0
endloop
endfacet
facet normal 0 0 -1
outer loop
vertex 257.3 -119.85 0
vertex 252.25 -124.9 0
vertex 252.25 -119.85 0
endloop
endfacet
facet normal 0 0 -1
outer loop
vertex 314.45 -119.85 0
vertex 328.45 -119.85 0
vertex 333.5 -119.85 0
endloop
endfacet
facet normal 0 0 -1
outer loop
vertex 314.45 -119.85 0
vertex 333.5 -119.85 0
vertex 333.5 -124.9 0
endloop
endfacet
facet normal 0 0 -1
outer loop
vertex 314.45 -119.85 0
vertex 333.5 -124.9 0
vertex 328.45 -124.9 0
endloop
endfacet
facet normal 0 0 -1
outer loop
vertex 314.45 -119.85 0
vertex 328.45 -124.9 0
vertex 314.45 -124.9 0
endloop
endfacet
facet normal 0 0 -1
outer loop
vertex 314.45 -119.85 0
vertex 314.45 -124.9 0
vertex 310.9250006212592 -124.9 0
endloop
endfacet
facet normal 0 0 -1
outer loop
vertex 314.45 -119.85 0
vertex 310.9250006212592 -124.9 0
vertex 310.9250007187243 -119.85 0
endloop
endfacet
facet normal 0 0 -1
outer loop
vertex 409.7 -119.85 0
vertex 423.7 -119.85 0
vertex 428.75 -119.85 0
endloop
endfacet
facet normal 0 0 -1
outer loop
vertex 409.7 -119.85 0
vertex 428.75 -119.85 0
vertex 442.75 -119.85 0
endloop
endfacet
facet normal 0 0 -1
outer loop
vertex 409.7 -119.85 0
vertex 442.75 -119.85 0
vertex 446.275 -119.85 0
endloop
endfacet
facet normal 0 0 -1
outer loop
vertex 409.7 -119.85 0
vertex 446.275 -119.85 0
vertex 446.275 -124.9 0
endloop
endfacet
facet normal 0 0 -1
outer loop
vertex 409.7 -119.85 0
vertex 446.275 -124.9 0
vertex 442.75 -124.9 0
endloop
endfacet
facet normal 0 0 -1
outer loop
vertex 409.7 -119.85 0
vertex 442.75 -124.9 0
vertex 428.75 -124.9 0
endloop
endfacet
facet normal 0 0 -1
outer loop
vertex 409.7 -119.85 0
vertex 428.75 -124.9 0
vertex 423.7 -124.9 0
endloop
endfacet
facet normal 0 0 -1
outer loop
vertex 409.7 -119.85 0
vertex 423.7 -124.9 0
vertex 409.7 -124.9 0
endloop
endfacet
facet normal 0 0 -1
outer loop
vertex 409.7 -119.85 0
vertex 409.7 -124.9 0
vertex 404.65 -124.9 0
endloop
endfacet
facet normal 0 0 -1
outer loop
vertex 409.7 -119.85 0
vertex 404.65 -124.9 0
vertex 404.65 -119.85 0
endloop
endfacet
facet normal 0 0 -1
outer loop
vertex 200.15 -124.6125 0
vertex 214.15 -124.6125 0
vertex 219.2 -124.6125 0
endloop
endfacet
facet normal 0 0 -1
outer loop
vertex 200.15 -124.6125 0
vertex 219.2 -124.6125 0
vertex 219.2 -126.99375 0
endloop
endfacet
facet normal 0 0 -1
outer loop
vertex 200.15 -124.6125 0
vertex 219.2 -126.99375 0
vertex 195.1 -126.99375 0
endloop
endfacet
facet normal 0 0 -1
outer loop
vertex 200.15 -124.6125 0
vertex 195.1 -126.99375 0
vertex 195.1 -124.6125 0
endloop
endfacet
facet normal 0 0 -1
outer loop
vertex 238.25 -115.375 0
vertex 238.25 -126.99375 0
vertex 233.2 -126.99375 0
endloop
endfacet
facet normal 0 0 -1
outer loop
vertex 238.25 -115.375 0
vertex 233.2 -126.99375 0
vertex 233.2 -115.375 0
endloop
endfacet
facet normal 0 0 -1
outer loop
vertex 352.55 -115.375 0
vertex 352.55 -126.99375 0
vertex 347.5 -126.99375 0
endloop
endfacet
facet normal 0 0 -1
outer loop
vertex 352.55 -115.375 0
vertex 347.5 -126.99375 0
vertex 347.5 -115.375 0
endloop
endfacet
facet normal 0 0 -1
outer loop
vertex 371.6 -124.6125 0
vertex 385.6 -124.6125 0
vertex 390.65 -124.6125 0
endloop
endfacet
facet normal 0 0 -1
outer loop
vertex 371.6 -124.6125 0
vertex 390.65 -124.6125 0
vertex 390.65 -126.99375 0
endloop
endfacet
facet normal 0 0 -1
outer loop
vertex 371.6 -124.6125 0
vertex 390.65 -126.99375 0
vertex 366.55 -126.99375 0
endloop
endfacet
facet normal 0 0 -1
outer loop
vertex 371.6 -124.6125 0
vertex 366.55 -126.99375 0
vertex 366.55 -124.6125 0
endloop
endfacet
facet normal 0 0 -1
outer loop
vertex 181.1 -124.9 0
vertex 181.1 -129.375 0
vertex 176.05 -129.375 0
endloop
endfacet
facet normal 0 0 -1
outer loop
vertex 181.1 -124.9 0
vertex 176.05 -129.375 0
vertex 176.05 -124.9 0
endloop
endfacet
facet normal 0 0 -1
outer loop
vertex 219.2 -126.99375 0
vertex 233.2 -126.99375 0
vertex 238.25 -126.99375 0
endloop
endfacet
facet normal 0 0 -1
outer loop
vertex 219.2 -126.99375 0
vertex 238.25 -126.99375 0
vertex 238.25 -129.375 0
endloop
endfacet
facet normal 0 0 -1
outer loop
vertex 219.2 -126.99375 0
vertex 238.25 -129.375 0
vertex 195.1 -129.375 0
endloop
endfacet
facet normal 0 0 -1
outer loop
vertex 219.2 -126.99375 0
vertex 195.1 -129.375 0
vertex 195.1 -126.99375 0
endloop
endfacet
facet normal 0 0 -1
outer loop
vertex 257.3 -124.9 0
vertex 257.3 -129.375 0
vertex 252.25 -129.375 0
endloop
endfacet
facet normal 0 0 -1
outer loop
vertex 257.3 -124.9 0
vertex 252.25 -129.375 0
vertex 252.25 -124.9 0
endloop
endfacet
facet normal 0 0 -1
outer loop
vertex 333.5 -124.9 0
vertex 333.5 -129.375 0
vertex 328.45 -129.375 0
endloop
endfacet
facet normal 0 0 -1
outer loop
vertex 333.5 -124.9 0
vertex 328.45 -129.375 0
vertex 328.45 -124.9 0
endloop
endfacet
facet normal 0 0 -1
outer loop
vertex 352.55 -126.99375 0
vertex 366.55 -126.99375 0
vertex 390.65 -126.99375 0
endloop
endfacet
facet normal 0 0 -1
outer loop
vertex 352.55 -126.99375 0
vertex 390.65 -126.99375 0
vertex 390.65 -129.375 0
endloop
endfacet
facet normal 0 0 -1
outer loop
vertex 352.55 -126.99375 0
vertex 390.65 -129.375 0
vertex 347.5 -129.375 0
endloop
endfacet
facet normal 0 0 -1
outer loop
vertex 352.55 -126.99375 0
vertex 347.5 -129.375 0
vertex 347.5 -126.99375 0
endloop
endfacet
facet normal 0 0 -1
outer loop
vertex 409.7 -124.9 0
vertex 409.7 -129.375 0
vertex 404.65 -129.375 0
endloop
endfacet
facet normal 0 0 -1
outer loop
vertex 409.7 -124.9 0
vertex 404.65 -129.375 0
vertex 404.65 -124.9 0
endloop
endfacet
facet normal 0 0 -1
outer loop
vertex 181.1 -129.375 0
vertex 195.1 -129.375 0
vertex 238.25 -129.375 0
endloop
endfacet
facet normal 0 0 -1
outer loop
vertex 181.1 -129.375 0
vertex 238.25 -129.375 0
vertex 252.25 -129.375 0
endloop
endfacet
facet normal 0 0 -1
outer loop
vertex 181.1 -129.375 0
vertex 252.25 -129.375 0
vertex 257.3 -129.375 0
endloop
endfacet
facet normal 0 0 -1
outer loop
vertex 181.1 -129.375 0
vertex 257.3 -129.375 0
vertex 257.3 -129.6625 0
endloop
endfacet
facet normal 0 0 -1
outer loop
vertex 181.1 -129.375 0
vertex 257.3 -129.6625 0
vertex 214.15 -129.6625 0
endloop
endfacet
facet normal 0 0 -1
outer loop
vertex 181.1 -129.375 0
vertex 214.15 -129.6625 0
vertex 200.15 -129.6625 0
endloop
endfacet
facet normal 0 0 -1
outer loop
vertex 181.1 -129.375 0
vertex 200.15 -129.6625 0
vertex 176.05 -129.6625 0
endloop
endfacet
facet normal 0 0 -1
outer loop
vertex 181.1 -129.375 0
vertex 176.05 -129.6625 0
vertex 176.05 -129.375 0
endloop
endfacet
facet normal 0 0 -1
outer loop
vertex 333.5 -129.375 0
vertex 347.5 -129.375 0
vertex 390.65 -129.375 0
endloop
endfacet
facet normal 0 0 -1
outer loop
vertex 333.5 -129.375 0
vertex 390.65 -129.375 0
vertex 404.65 -129.375 0
endloop
endfacet
facet normal 0 0 -1
outer loop
vertex 333.5 -129.375 0
vertex 404.65 -129.375 0
vertex 409.7 -129.375 0
endloop
endfacet
facet normal 0 0 -1
outer loop
vertex 333.5 -129.375 0
vertex 409.7 -129.375 0
vertex 409.7 -129.6625 0
endloop
endfacet
facet normal 0 0 -1
outer loop
vertex 333.5 -129.375 0
vertex 409.7 -129.6625 0
vertex 385.6 -129.6625 0
endloop
endfacet
facet normal 0 0 -1
outer loop
vertex 333.5 -129.375 0
vertex 385.6 -129.6625 0
vertex 371.6 -129.6625 0
endloop
endfacet
facet normal 0 0 -1
outer loop
vertex 333.5 -129.375 0
vertex 371.6 -129.6625 0
vertex 328.45 -129.6625 0
endloop
endfacet
facet normal 0 0 -1
outer loop
vertex 333.5 -129.375 0
vertex 328.45 -129.6625 0
vertex 328.45 -129.375 0
endloop
endfacet
facet normal 0 0 -1
outer loop
vertex 257.3 -129.6625 0
vertex 257.3 -132.04375 0
vertex 233.2 -132.04375 0
endloop
endfacet
facet normal 0 0 -1
outer loop
vertex 257.3 -129.6625 0
vertex 233.2 -132.04375 0
vertex 219.2 -132.04375 0
endloop
endfacet
facet normal 0 0 -1
outer loop
vertex 257.3 -129.6625 0
vertex 219.2 -132.04375 0
vertex 214.15 -132.04375 0
endloop
endfacet
facet normal 0 0 -1
outer loop
vertex 257.3 -129.6625 0
vertex 214.15 -132.04375 0
vertex 214.15 -129.6625 0
endloop
endfacet
facet normal 0 0 -1
outer loop
vertex 371.6 -129.6625 0
vertex 371.6 -132.04375 0
vertex 366.55 -132.04375 0
endloop
endfacet
facet normal 0 0 -1
outer loop
vertex 371.6 -129.6625 0
vertex 366.55 -132.04375 0
vertex 352.55 -132.04375 0
endloop
endfacet
facet normal 0 0 -1
outer loop
vertex 371.6 -129.6625 0
vertex 352.55 -132.04375 0
vertex 328.45 -132.04375 0
endloop
endfacet
facet normal 0 0 -1
outer loop
vertex 371.6 -129.6625 0
vertex 328.45 -132.04375 0
vertex 328.45 -129.6625 0
endloop
endfacet
facet normal 0 0 -1
outer loop
vertex 200.15 -129.6625 0
vertex 200.15 -134.425 0
vertex 195.1 -134.425 0
endloop
endfacet
facet normal 0 0 -1
outer loop
vertex 200.15 -129.6625 0
vertex 195.1 -134.425 0
vertex 181.1 -134.425 0
endloop
endfacet
facet normal 0 0 -1
outer loop
vertex 200.15 -129.6625 0
vertex 181.1 -134.425 0
vertex 176.05 -134.425 0
endloop
endfacet
facet normal 0 0 -1
outer loop
vertex 200.15 -129.6625 0
vertex 176.05 -134.425 0
vertex 176.05 -129.6625 0
endloop
endfacet
facet normal 0 0 -1
outer loop
vertex 257.3 -132.04375 0
vertex 257.3 -134.425 0
vertex 252.25 -134.425 0
endloop
endfacet
facet normal 0 0 -1
outer loop
vertex 257.3 -132.04375 0
vertex 252.25 -134.425 0
vertex 238.25 -134.425 0
endloop
endfacet
facet normal 0 0 -1
outer loop
vertex 257.3 -132.04375 0
vertex 238.25 -134.425 0
vertex 233.2 -134.425 0
endloop
endfacet
facet normal 0 0 -1
outer loop
vertex 257.3 -132.04375 0
vertex 233.2 -134.425 0
vertex 233.2 -132.04375 0
endloop
endfacet
facet normal 0 0 -1
outer loop
vertex 352.55 -132.04375 0
vertex 352.55 -134.425 0
vertex 347.5 -134.425 0
endloop
endfacet
facet normal 0 0 -1
outer loop
vertex 352.55 -132.04375 0
vertex 347.5 -134.425 0
vertex 333.5 -134.425 0
endloop
endfacet
facet normal 0 0 -1
outer loop
vertex 352.55 -132.04375 0
vertex 333.5 -134.425 0
vertex 328.45 -134.425 0
endloop
endfacet
facet normal 0 0 -1
outer loop
vertex 352.55 -132.04375 0
vertex 328.45 -134.425 0
vertex 328.45 -132.04375 0
endloop
endfacet
facet normal 0 0 -1
outer loop
vertex 409.7 -129.6625 0
vertex 409.7 -134.425 0
vertex 404.65 -134.425 0
endloop
endfacet
facet normal 0 0 -1
outer loop
vertex 409.7 -129.6625 0
vertex 404.65 -134.425 0
vertex 390.65 -134.425 0
endloop
endfacet
facet normal 0 0 -1
outer loop
vertex 409.7 -129.6625 0
vertex 390.65 -134.425 0
vertex 385.6 -134.425 0
endloop
endfacet
facet normal 0 0 -1
outer loop
vertex 409.7 -129.6625 0
vertex 385.6 -134.425 0
vertex 385.6 -129.6625 0
endloop
endfacet
facet normal 0 0 -1
outer loop
vertex 143 -124.9 0
vertex 143 -138.9 0
vertex 139.475 -138.9 0
endloop
endfacet
facet normal 0 0 -1
outer loop
vertex 143 -124.9 0
vertex 139.475 -138.9 0
vertex 139.475 -124.9 0
endloop
endfacet
facet normal 0 0 -1
outer loop
vertex 162.05 -124.9 0
vertex 162.05 -138.9 0
vertex 157 -138.9 0
endloop
endfacet
facet normal 0 0 -1
outer loop
vertex 162.05 -124.9 0
vertex 157 -138.9 0
vertex 157 -124.9 0
endloop
endfacet
facet normal 0 0 -1
outer loop
vertex 181.1 -134.425 0
vertex 181.1 -138.9 0
vertex 176.05 -138.9 0
endloop
endfacet
facet normal 0 0 -1
outer loop
vertex 181.1 -134.425 0
vertex 176.05 -138.9 0
vertex 176.05 -134.425 0
endloop
endfacet
facet normal 0 0 -1
outer loop
vertex 257.3 -134.425 0
vertex 257.3 -138.9 0
vertex 252.25 -138.9 0
endloop
endfacet
facet normal 0 0 -1
outer loop
vertex 257.3 -134.425 0
vertex 252.25 -138.9 0
vertex 252.25 -134.425 0
endloop
endfacet
facet normal 0 0 -1
outer loop
vertex 274.8249993787408 -124.9 0
vertex 274.82499964894106 -138.9 0
vertex 271.3 -138.9 0
endloop
endfacet
facet normal 0 0 -1
outer loop
vertex 274.8249993787408 -124.9 0
vertex 271.3 -138.9 0
vertex 271.3 -124.9 0
endloop
endfacet
facet normal 0 0 -1
outer loop
vertex 314.45 -124.9 0
vertex 314.45 -138.9 0
vertex 310.92500035105894 -138.9 0
endloop
endfacet
facet normal 0 0 -1
outer loop
vertex 314.45 -124.9 0
vertex 310.92500035105894 -138.9 0
vertex 310.9250006212592 -124.9 0
endloop
endfacet
facet normal 0 0 -1
outer loop
vertex 333.5 -134.425 0
vertex 333.5 -138.9 0
vertex 328.45 -138.9 0
endloop
endfacet
facet normal 0 0 -1
outer loop
vertex 333.5 -134.425 0
vertex 328.45 -138.9 0
vertex 328.45 -134.425 0
endloop
endfacet
facet normal 0 0 -1
outer loop
vertex 409.7 -134.425 0
vertex 409.7 -138.9 0
vertex 404.65 -138.9 0
endloop
endfacet
facet normal 0 0 -1
outer loop
vertex 409.7 -134.425 0
vertex 404.65 -138.9 0
vertex 404.65 -134.425 0
endloop
endfacet
facet normal 0 0 -1
outer loop
vertex 428.75 -124.9 0
vertex 428.75 -138.9 0
vertex 423.7 -138.9 0
endloop
endfacet
facet normal 0 0 -1
outer loop
vertex 428.75 -124.9 0
vertex 423.7 -138.9 0
vertex 423.7 -124.9 0
endloop
endfacet
facet normal 0 0 -1
outer loop
vertex 446.275 -124.9 0
vertex 446.275 -138.9 0
vertex 442.75 -138.9 0
endloop
endfacet
facet normal 0 0 -1
outer loop
vertex 446.275 -124.9 0
vertex 442.75 -138.9 0
vertex 442.75 -124.9 0
endloop
endfacet
facet normal 0 0 -1
outer loop
vertex 200.15 -134.425 0
vertex 200.15 -143.6625 0
vertex 195.1 -143.6625 0
endloop
endfacet
facet normal 0 0 -1
outer loop
vertex 200.15 -134.425 0
vertex 195.1 -143.6625 0
vertex 195.1 -134.425 0
endloop
endfacet
facet normal 0 0 -1
outer loop
vertex 219.2 -132.04375 0
vertex 219.2 -143.6625 0
vertex 214.15 -143.6625 0
endloop
endfacet
facet normal 0 0 -1
outer loop
vertex 219.2 -132.04375 0
vertex 214.15 -143.6625 0
vertex 214.15 -132.04375 0
endloop
endfacet
facet normal 0 0 -1
outer loop
vertex 371.6 -132.04375 0
vertex 371.6 -143.6625 0
vertex 366.55 -143.6625 0
endloop
endfacet
facet normal 0 0 -1
outer loop
vertex 371.6 -132.04375 0
vertex 366.55 -143.6625 0
vertex 366.55 -132.04375 0
endloop
endfacet
facet normal 0 0 -1
outer loop
vertex 390.65 -134.425 0
vertex 390.65 -143.6625 0
vertex 385.6 -143.6625 0
endloop
endfacet
facet normal 0 0 -1
outer loop
vertex 390.65 -134.425 0
vertex 385.6 -143.6625 0
vertex 385.6 -134.425 0
endloop
endfacet
facet normal 0 0 -1
outer loop
vertex 143 -138.9 0
vertex 157 -138.9 0
vertex 162.05 -138.9 0
endloop
endfacet
facet normal 0 0 -1
outer loop
vertex 143 -138.9 0
vertex 162.05 -138.9 0
vertex 176.05 -138.9 0
endloop
endfacet
facet normal 0 0 -1
outer loop
vertex 143 -138.9 0
vertex 176.05 -138.9 0
vertex 181.1 -138.9 0
endloop
endfacet
facet normal 0 0 -1
outer loop
vertex 143 -138.9 0
vertex 181.1 -138.9 0
vertex 181.1 -143.95 0
endloop
endfacet
facet normal 0 0 -1
outer loop
vertex 143 -138.9 0
vertex 181.1 -143.95 0
vertex 176.05 -143.95 0
endloop
endfacet
facet normal 0 0 -1
outer loop
vertex 143 -138.9 0
vertex 176.05 -143.95 0
vertex 162.05 -143.95 0
endloop
endfacet
facet normal 0 0 -1
outer loop
vertex 143 -138.9 0
vertex 162.05 -143.95 0
vertex 157 -143.95 0
endloop
endfacet
facet normal 0 0 -1
outer loop
vertex 143 -138.9 0
vertex 157 -143.95 0
vertex 143 -143.95 0
endloop
endfacet
facet normal 0 0 -1
outer loop
vertex 143 -138.9 0
vertex 143 -143.95 0
vertex 139.475 -143.95 0
endloop
endfacet
facet normal 0 0 -1
outer loop
vertex 143 -138.9 0
vertex 139.475 -143.95 0
vertex 139.475 -138.9 0
endloop
endfacet
facet normal 0 0 -1
outer loop
vertex 409.7 -138.9 0
vertex 423.7 -138.9 0
vertex 428.75 -138.9 0
endloop
endfacet
facet normal 0 0 -1
outer loop
vertex 409.7 -138.9 0
vertex 428.75 -138.9 0
vertex 442.75 -138.9 0
endloop
endfacet
facet normal 0 0 -1
outer loop
vertex 409.7 -138.9 0
vertex 442.75 -138.9 0
vertex 446.275 -138.9 0
endloop
endfacet
facet normal 0 0 -1
outer loop
vertex 409.7 -138.9 0
vertex 446.275 -138.9 0
vertex 446.275 -143.95 0
endloop
endfacet
facet normal 0 0 -1
outer loop
vertex 409.7 -138.9 0
vertex 446.275 -143.95 0
vertex 442.75 -143.95 0
endloop
endfacet
facet normal 0 0 -1
outer loop
vertex 409.7 -138.9 0
vertex 442.75 -143.95 0
vertex 428.75 -143.95 0
endloop
endfacet
facet normal 0 0 -1
outer loop
vertex 409.7 -138.9 0
vertex 428.75 -143.95 0
vertex 423.7 -143.95 0
endloop
endfacet
facet normal 0 0 -1
outer loop
vertex 409.7 -138.9 0
vertex 423.7 -143.95 0
vertex 409.7 -143.95 0
endloop
endfacet
facet normal 0 0 -1
outer loop
vertex 409.7 -138.9 0
vertex 409.7 -143.95 0
vertex 404.65 -143.95 0
endloop
endfacet
facet normal 0 0 -1
outer loop
vertex 409.7 -138.9 0
vertex 404.65 -143.95 0
vertex 404.65 -138.9 0
endloop
endfacet
facet normal 0 0 -1
outer loop
vertex 200.15 -143.6625 0
vertex 214.15 -143.6625 0
vertex 219.2 -143.6625 0
endloop
endfacet
facet normal 0 0 -1
outer loop
vertex 200.15 -143.6625 0
vertex 219.2 -143.6625 0
vertex 219.2 -146.04375 0
endloop
endfacet
facet normal 0 0 -1
outer loop
vertex 200.15 -143.6625 0
vertex 219.2 -146.04375 0
vertex 195.1 -146.04375 0
endloop
endfacet
facet normal 0 0 -1
outer loop
vertex 200.15 -143.6625 0
vertex 195.1 -146.04375 0
vertex 195.1 -143.6625 0
endloop
endfacet
facet normal 0 0 -1
outer loop
vertex 238.25 -134.425 0
vertex 238.25 -146.04375 0
vertex 233.2 -146.04375 0
endloop
endfacet
facet normal 0 0 -1
outer loop
vertex 238.25 -134.425 0
vertex 233.2 -146.04375 0
vertex 233.2 -134.425 0
endloop
endfacet
facet normal 0 0 -1
outer loop
vertex 352.55 -134.425 0
vertex 352.55 -146.04375 0
vertex 347.5 -146.04375 0
endloop
endfacet
facet normal 0 0 -1
outer loop
vertex 352.55 -134.425 0
vertex 347.5 -146.04375 0
vertex 347.5 -134.425 0
endloop
endfacet
facet normal 0 0 -1
outer loop
vertex 371.6 -143.6625 0
vertex 385.6 -143.6625 0
vertex 390.65 -143.6625 0
endloop
endfacet
facet normal 0 0 -1
outer loop
vertex 371.6 -143.6625 0
vertex 390.65 -143.6625 0
vertex 390.65 -146.04375 0
endloop
endfacet
facet normal 0 0 -1
outer loop
vertex 371.6 -143.6625 0
vertex 390.65 -146.04375 0
vertex 366.55 -146.04375 0
endloop
endfacet
facet normal 0 0 -1
outer loop
vertex 371.6 -143.6625 0
vertex 366.55 -146.04375 0
vertex 366.55 -143.6625 0
endloop
endfacet
facet normal 0 0 -1
outer loop
vertex 181.1 -143.95 0
vertex 181.1 -148.425 0
vertex 176.05 -148.425 0
endloop
endfacet
facet normal 0 0 -1
outer loop
vertex 181.1 -143.95 0
vertex 176.05 -148.425 0
vertex 176.05 -143.95 0
endloop
endfacet
facet normal 0 0 -1
outer loop
vertex 219.2 -146.04375 0
vertex 233.2 -146.04375 0
vertex 238.25 -146.04375 0
endloop
endfacet
facet normal 0 0 -1
outer loop
vertex 219.2 -146.04375 0
vertex 238.25 -146.04375 0
vertex 238.25 -148.425 0
endloop
endfacet
facet normal 0 0 -1
outer loop
vertex 219.2 -146.04375 0
vertex 238.25 -148.425 0
vertex 195.1 -148.425 0
endloop
endfacet
facet normal 0 0 -1
outer loop
vertex 219.2 -146.04375 0
vertex 195.1 -148.425 0
vertex 195.1 -146.04375 0
endloop
endfacet
facet normal 0 0 -1
outer loop
vertex 257.3 -138.9 0
vertex 271.3 -138.9 0
vertex 274.82499964894106 -138.9 0
endloop
endfacet
facet normal 0 0 -1
outer loop
vertex 257.3 -138.9 0
vertex 274.82499964894106 -138.9 0
vertex 274.82499983277376 -148.425 0
endloop
endfacet
facet normal 0 0 -1
outer loop
vertex 257.3 -138.9 0
vertex 274.82499983277376 -148.425 0
vertex 252.25 -148.425 0
endloop
endfacet
facet normal 0 0 -1
outer loop
vertex 257.3 -138.9 0
vertex 252.25 -148.425 0
vertex 252.25 -138.9 0
endloop
endfacet
facet normal 0 0 -1
outer loop
vertex 314.45 -138.9 0
vertex 328.45 -138.9 0
vertex 333.5 -138.9 0
endloop
endfacet
facet normal 0 0 -1
outer loop
vertex 314.45 -138.9 0
vertex 333.5 -138.9 0
vertex 333.5 -148.425 0
endloop
endfacet
facet normal 0 0 -1
outer loop
vertex 314.45 -138.9 0
vertex 333.5 -148.425 0
vertex 310.92500016722624 -148.425 0
endloop
endfacet
facet normal 0 0 -1
outer loop
vertex 314.45 -138.9 0
vertex 310.92500016722624 -148.425 0
vertex 310.92500035105894 -138.9 0
endloop
endfacet
facet normal 0 0 -1
outer loop
vertex 352.55 -146.04375 0
vertex 366.55 -146.04375 0
vertex 390.65 -146.04375 0
endloop
endfacet
facet normal 0 0 -1
outer loop
vertex 352.55 -146.04375 0
vertex 390.65 -146.04375 0
vertex 390.65 -148.425 0
endloop
endfacet
facet normal 0 0 -1
outer loop
vertex 352.55 -146.04375 0
vertex 390.65 -148.425 0
vertex 347.5 -148.425 0
endloop
endfacet
facet normal 0 0 -1
outer loop
vertex 352.55 -146.04375 0
vertex 347.5 -148.425 0
vertex 347.5 -146.04375 0
endloop
endfacet
facet normal 0 0 -1
outer loop
vertex 409.7 -143.95 0
vertex 409.7 -148.425 0
vertex 404.65 -148.425 0
endloop
endfacet
facet normal 0 0 -1
outer loop
vertex 409.7 -143.95 0
vertex 404.65 -148.425 0
vertex 404.65 -143.95 0
endloop
endfacet
facet normal 0 0 -1
outer loop
vertex 181.1 -148.425 0
vertex 195.1 -148.425 0
vertex 238.25 -148.425 0
endloop
endfacet
facet normal 0 0 -1
outer loop
vertex 181.1 -148.425 0
vertex 238.25 -148.425 0
vertex 252.25 -148.425 0
endloop
endfacet
facet normal 0 0 -1
outer loop
vertex 181.1 -148.425 0
vertex 252.25 -148.425 0
vertex 274.82499983277376 -148.425 0
endloop
endfacet
facet normal 0 0 -1
outer loop
vertex 181.1 -148.425 0
vertex 274.82499983277376 -148.425 0
vertex 274.8249998383225 -148.7125 0
endloop
endfacet
facet normal 0 0 -1
outer loop
vertex 181.1 -148.425 0
vertex 274.8249998383225 -148.7125 0
vertex 214.15 -148.7125 0
endloop
endfacet
facet normal 0 0 -1
outer loop
vertex 181.1 -148.425 0
vertex 214.15 -148.7125 0
vertex 200.15 -148.7125 0
endloop
endfacet
facet normal 0 0 -1
outer loop
vertex 181.1 -148.425 0
vertex 200.15 -148.7125 0
vertex 176.05 -148.7125 0
endloop
endfacet
facet normal 0 0 -1
outer loop
vertex 181.1 -148.425 0
vertex 176.05 -148.7125 0
vertex 176.05 -148.425 0
endloop
endfacet
facet normal 0 0 -1
outer loop
vertex 333.5 -148.425 0
vertex 347.5 -148.425 0
vertex 390.65 -148.425 0
endloop
endfacet
facet normal 0 0 -1
outer loop
vertex 333.5 -148.425 0
vertex 390.65 -148.425 0
vertex 404.65 -148.425 0
endloop
endfacet
facet normal 0 0 -1
outer loop
vertex 333.5 -148.425 0
vertex 404.65 -148.425 0
vertex 409.7 -148.425 0
endloop
endfacet
facet normal 0 0 -1
outer loop
vertex 333.5 -148.425 0
vertex 409.7 -148.425 0
vertex 409.7 -148.7125 0
endloop
endfacet
facet normal 0 0 -1
outer loop
vertex 333.5 -148.425 0
vertex 409.7 -148.7125 0
vertex 385.6 -148.7125 0
endloop
endfacet
facet normal 0 0 -1
outer loop
vertex 333.5 -148.425 0
vertex 385.6 -148.7125 0
vertex 371.6 -148.7125 0
endloop
endfacet
facet normal 0 0 -1
outer loop
vertex 333.5 -148.425 0
vertex 371.6 -148.7125 0
vertex 310.9250001616775 -148.7125 0
endloop
endfacet
facet normal 0 0 -1
outer loop
vertex 333.5 -148.425 0
vertex 310.9250001616775 -148.7125 0
vertex 310.92500016722624 -148.425 0
endloop
endfacet
facet normal 0 0 -1
outer loop
vertex 200.15 -148.7125 0
vertex 200.15 -153.475 0
vertex 195.1 -153.475 0
endloop
endfacet
facet normal 0 0 -1
outer loop
vertex 200.15 -148.7125 0
vertex 195.1 -153.475 0
vertex 181.1 -153.475 0
endloop
endfacet
facet normal 0 0 -1
outer loop
vertex 200.15 -148.7125 0
vertex 181.1 -153.475 0
vertex 176.05 -153.475 0
endloop
endfacet
facet normal 0 0 -1
outer loop
vertex 200.15 -148.7125 0
vertex 176.05 -153.475 0
vertex 176.05 -148.7125 0
endloop
endfacet
facet normal 0 0 -1
outer loop
vertex 409.7 -148.7125 0
vertex 409.7 -153.475 0
vertex 404.65 -153.475 0
endloop
endfacet
facet normal 0 0 -1
outer loop
vertex 409.7 -148.7125 0
vertex 404.65 -153.475 0
vertex 390.65 -153.475 0
endloop
endfacet
facet normal 0 0 -1
outer loop
vertex 409.7 -148.7125 0
vertex 390.65 -153.475 0
vertex 385.6 -153.475 0
endloop
endfacet
facet normal 0 0 -1
outer loop
vertex 409.7 -148.7125 0
vertex 385.6 -153.475 0
vertex 385.6 -148.7125 0
endloop
endfacet
facet normal 0 0 -1
outer loop
vertex 274.8249998383225 -148.7125 0
vertex 274.8249999351838 -153.73121689999994 0
vertex 231.8569591999999 -153.73121689999994 0
endloop
endfacet
facet normal 0 0 -1
outer loop
vertex 274.8249998383225 -148.7125 0
vertex 231.8569591999999 -153.73121689999994 0
vertex 214.15 -153.73121689999994 0
endloop
endfacet
facet normal 0 0 -1
outer loop
vertex 274.8249998383225 -148.7125 0
vertex 214.15 -153.73121689999994 0
vertex 214.15 -148.7125 0
endloop
endfacet
facet normal 0 0 -1
outer loop
vertex 371.6 -148.7125 0
vertex 371.6 -153.73121689999994 0
vertex 353.8930408 -153.73121689999994 0
endloop
endfacet
facet normal 0 0 -1
outer loop
vertex 371.6 -148.7125 0
vertex 353.8930408 -153.73121689999994 0
vertex 310.9250000648162 -153.73121689999994 0
endloop
endfacet
facet normal 0 0 -1
outer loop
vertex 371.6 -148.7125 0
vertex 310.9250000648162 -153.73121689999994 0
vertex 310.9250001616775 -148.7125 0
endloop
endfacet
facet normal 0 0 -1
outer loop
vertex 143 -143.95 0
vertex 143 -157.95 0
vertex 139.475 -157.95 0
endloop
endfacet
facet normal 0 0 -1
outer loop
vertex 143 -143.95 0
vertex 139.475 -157.95 0
vertex 139.475 -143.95 0
endloop
endfacet
facet normal 0 0 -1
outer loop
vertex 162.05 -143.95 0
vertex 162.05 -157.95 0
vertex 157 -157.95 0
endloop
endfacet
facet normal 0 0 -1
outer loop
vertex 162.05 -143.95 0
vertex 157 -157.95 0
vertex 157 -143.95 0
endloop
endfacet
facet normal 0 0 -1
outer loop
vertex 181.1 -153.475 0
vertex 181.1 -157.95 0
vertex 176.05 -157.95 0
endloop
endfacet
facet normal 0 0 -1
outer loop
vertex 181.1 -153.475 0
vertex 176.05 -157.95 0
vertex 176.05 -153.475 0
endloop
endfacet
facet normal 0 0 -1
outer loop
vertex 409.7 -153.475 0
vertex 409.7 -157.95 0
vertex 404.65 -157.95 0
endloop
endfacet
facet normal 0 0 -1
outer loop
vertex 409.7 -153.475 0
vertex 404.65 -157.95 0
vertex 404.65 -153.475 0
endloop
endfacet
facet normal 0 0 -1
outer loop
vertex 428.75 -143.95 0
vertex 428.75 -157.95 0
vertex 423.7 -157.95 0
endloop
endfacet
facet normal 0 0 -1
outer loop
vertex 428.75 -143.95 0
vertex 423.7 -157.95 0
vertex 423.7 -143.95 0
endloop
endfacet
facet normal 0 0 -1
outer loop
vertex 446.275 -143.95 0
vertex 446.275 -157.95 0
vertex 442.75 -157.95 0
endloop
endfacet
facet normal 0 0 -1
outer loop
vertex 446.275 -143.95 0
vertex 442.75 -157.95 0
vertex 442.75 -143.95 0
endloop
endfacet
facet normal 0 0 -1
outer loop
vertex 274.8249999351838 -153.73121689999994 0
vertex 274.825 -157.08956330000134 0
vertex 274.8089119754868 -157.34272851895784 0
endloop
endfacet
facet normal 0 0 -1
outer loop
vertex 274.8249999351838 -153.73121689999994 0
vertex 274.8089119754868 -157.34272851895784 0
vertex 274.7609078878746 -157.59181758736486 0
endloop
endfacet
facet normal 0 0 -1
outer loop
vertex 274.8249999351838 -153.73121689999994 0
vertex 274.7609078878746 -157.59181758736486 0
vertex 274.68176000000017 -157.8328266499995 0
endloop
endfacet
facet normal 0 0 -1
outer loop
vertex 274.8249999351838 -153.73121689999994 0
vertex 274.68176000000017 -157.8328266499995 0
vertex 274.52043873568755 -158.23582329999996 0
endloop
endfacet
facet normal 0 0 -1
outer loop
vertex 274.8249999351838 -153.73121689999994 0
vertex 274.52043873568755 -158.23582329999996 0
vertex 255.7195886 -158.23582329999996 0
endloop
endfacet
facet normal 0 0 -1
outer loop
vertex 274.8249999351838 -153.73121689999994 0
vertex 255.7195886 -158.23582329999996 0
vertex 243.00625124217015 -158.23582329999996 0
endloop
endfacet
facet normal 0 0 -1
outer loop
vertex 274.8249999351838 -153.73121689999994 0
vertex 243.00625124217015 -158.23582329999996 0
vertex 231.8569591999999 -153.73121689999994 0
endloop
endfacet
facet normal 0 0 -1
outer loop
vertex 353.8930408 -153.73121689999994 0
vertex 342.7437487578298 -158.23582329999996 0
vertex 330.0304114 -158.23582329999996 0
endloop
endfacet
facet normal 0 0 -1
outer loop
vertex 353.8930408 -153.73121689999994 0
vertex 330.0304114 -158.23582329999996 0
vertex 311.22956126431245 -158.23582329999996 0
endloop
endfacet
facet normal 0 0 -1
outer loop
vertex 353.8930408 -153.73121689999994 0
vertex 311.22956126431245 -158.23582329999996 0
vertex 311.06823999999983 -157.8328266499995 0
endloop
endfacet
facet normal 0 0 -1
outer loop
vertex 353.8930408 -153.73121689999994 0
vertex 311.06823999999983 -157.8328266499995 0
vertex 310.98909211212555 -157.59181758736486 0
endloop
endfacet
facet normal 0 0 -1
outer loop
vertex 353.8930408 -153.73121689999994 0
vertex 310.98909211212555 -157.59181758736486 0
vertex 310.94108802451336 -157.34272851895784 0
endloop
endfacet
facet normal 0 0 -1
outer loop
vertex 353.8930408 -153.73121689999994 0
vertex 310.94108802451336 -157.34272851895784 0
vertex 310.92500000000007 -157.08956330000134 0
endloop
endfacet
facet normal 0 0 -1
outer loop
vertex 353.8930408 -153.73121689999994 0
vertex 310.92500000000007 -157.08956330000134 0
vertex 310.9250000648162 -153.73121689999994 0
endloop
endfacet
facet normal 0 0 -1
outer loop
vertex 255.7195886 -158.23582329999996 0
vertex 255.42065529124787 -158.97570919999998 0
vertex 244.8375331 -158.97570919999998 0
endloop
endfacet
facet normal 0 0 -1
outer loop
vertex 255.7195886 -158.23582329999996 0
vertex 244.8375331 -158.97570919999998 0
vertex 243.00625124217015 -158.23582329999996 0
endloop
endfacet
facet normal 0 0 -1
outer loop
vertex 342.7437487578298 -158.23582329999996 0
vertex 340.91246689999997 -158.97570919999998 0
vertex 330.3293447087521 -158.97570919999998 0
endloop
endfacet
facet normal 0 0 -1
outer loop
vertex 342.7437487578298 -158.23582329999996 0
vertex 330.3293447087521 -158.97570919999998 0
vertex 330.0304114 -158.23582329999996 0
endloop
endfacet
facet normal 0 0 -1
outer loop
vertex 200.15 -153.475 0
vertex 200.15 -162.7125 0
vertex 195.1 -162.7125 0
endloop
endfacet
facet normal 0 0 -1
outer loop
vertex 200.15 -153.475 0
vertex 195.1 -162.7125 0
vertex 195.1 -153.475 0
endloop
endfacet
facet normal 0 0 -1
outer loop
vertex 231.8569591999999 -153.73121689999994 0
vertex 228.2282852734897 -162.7125 0
vertex 214.15 -162.7125 0
endloop
endfacet
facet normal 0 0 -1
outer loop
vertex 231.8569591999999 -153.73121689999994 0
vertex 214.15 -162.7125 0
vertex 214.15 -153.73121689999994 0
endloop
endfacet
facet normal 0 0 -1
outer loop
vertex 371.6 -153.73121689999994 0
vertex 371.6 -162.7125 0
vertex 357.52171472651025 -162.7125 0
endloop
endfacet
facet normal 0 0 -1
outer loop
vertex 371.6 -153.73121689999994 0
vertex 357.52171472651025 -162.7125 0
vertex 353.8930408 -153.73121689999994 0
endloop
endfacet
facet normal 0 0 -1
outer loop
vertex 390.65 -153.475 0
vertex 390.65 -162.7125 0
vertex 385.6 -162.7125 0
endloop
endfacet
facet normal 0 0 -1
outer loop
vertex 390.65 -153.475 0
vertex 385.6 -162.7125 0
vertex 385.6 -153.475 0
endloop
endfacet
facet normal 0 0 -1
outer loop
vertex 143 -157.95 0
vertex 157 -157.95 0
vertex 162.05 -157.95 0
endloop
endfacet
facet normal 0 0 -1
outer loop
vertex 143 -157.95 0
vertex 162.05 -157.95 0
vertex 176.05 -157.95 0
endloop
endfacet
facet normal 0 0 -1
outer loop
vertex 143 -157.95 0
vertex 176.05 -157.95 0
vertex 181.1 -157.95 0
endloop
endfacet
facet normal 0 0 -1
outer loop
vertex 143 -157.95 0
vertex 181.1 -157.95 0
vertex 181.1 -163 0
endloop
endfacet
facet normal 0 0 -1
outer loop
vertex 143 -157.95 0
vertex 181.1 -163 0
vertex 176.05 -163 0
endloop
endfacet
facet normal 0 0 -1
outer loop
vertex 143 -157.95 0
vertex 176.05 -163 0
vertex 162.05 -163 0
endloop
endfacet
facet normal 0 0 -1
outer loop
vertex 143 -157.95 0
vertex 162.05 -163 0
vertex 157 -163 0
endloop
endfacet
facet normal 0 0 -1
outer loop
vertex 143 -157.95 0
vertex 157 -163 0
vertex 143 -163 0
endloop
endfacet
facet normal 0 0 -1
outer loop
vertex 143 -157.95 0
vertex 143 -163 0
vertex 139.475 -163 0
endloop
endfacet
facet normal 0 0 -1
outer loop
vertex 143 -157.95 0
vertex 139.475 -163 0
vertex 139.475 -157.95 0
endloop
endfacet
facet normal 0 0 -1
outer loop
vertex 409.7 -157.95 0
vertex 423.7 -157.95 0
vertex 428.75 -157.95 0
endloop
endfacet
facet normal 0 0 -1
outer loop
vertex 409.7 -157.95 0
vertex 428.75 -157.95 0
vertex 442.75 -157.95 0
endloop
endfacet
facet normal 0 0 -1
outer loop
vertex 409.7 -157.95 0
vertex 442.75 -157.95 0
vertex 446.275 -157.95 0
endloop
endfacet
facet normal 0 0 -1
outer loop
vertex 409.7 -157.95 0
vertex 446.275 -157.95 0
vertex 446.275 -163 0
endloop
endfacet
facet normal 0 0 -1
outer loop
vertex 409.7 -157.95 0
vertex 446.275 -163 0
vertex 442.75 -163 0
endloop
endfacet
facet normal 0 0 -1
outer loop
vertex 409.7 -157.95 0
vertex 442.75 -163 0
vertex 428.75 -163 0
endloop
endfacet
facet normal 0 0 -1
outer loop
vertex 409.7 -157.95 0
vertex 428.75 -163 0
vertex 423.7 -163 0
endloop
endfacet
facet normal 0 0 -1
outer loop
vertex 409.7 -157.95 0
vertex 423.7 -163 0
vertex 409.7 -163 0
endloop
endfacet
facet normal 0 0 -1
outer loop
vertex 409.7 -157.95 0
vertex 409.7 -163 0
vertex 404.65 -163 0
endloop
endfacet
facet normal 0 0 -1
outer loop
vertex 409.7 -157.95 0
vertex 404.65 -163 0
vertex 404.65 -157.95 0
endloop
endfacet
facet normal 0 0 -1
outer loop
vertex 274.52043873568755 -158.23582329999996 0
vertex 272.42104627544506 -163.4803156 0
vertex 268.7001625 -163.4803156 0
endloop
endfacet
facet normal 0 0 -1
outer loop
vertex 274.52043873568755 -158.23582329999996 0
vertex 268.7001625 -163.4803156 0
vertex 255.7195886 -158.23582329999996 0
endloop
endfacet
facet normal 0 0 -1
outer loop
vertex 330.0304114 -158.23582329999996 0
vertex 317.0498375000001 -163.4803156 0
vertex 313.32895372455494 -163.4803156 0
endloop
endfacet
facet normal 0 0 -1
outer loop
vertex 330.0304114 -158.23582329999996 0
vertex 313.32895372455494 -163.4803156 0
vertex 311.22956126431245 -158.23582329999996 0
endloop
endfacet
facet normal 0 0 -1
outer loop
vertex 200.15 -162.7125 0
vertex 214.15 -162.7125 0
vertex 228.2282852734897 -162.7125 0
endloop
endfacet
facet normal 0 0 -1
outer loop
vertex 200.15 -162.7125 0
vertex 228.2282852734897 -162.7125 0
vertex 226.61246689999996 -166.71179079999993 0
endloop
endfacet
facet normal 0 0 -1
outer loop
vertex 200.15 -162.7125 0
vertex 226.61246689999996 -166.71179079999993 0
vertex 195.1 -166.71179079999993 0
endloop
endfacet
facet normal 0 0 -1
outer loop
vertex 200.15 -162.7125 0
vertex 195.1 -166.71179079999993 0
vertex 195.1 -162.7125 0
endloop
endfacet
facet normal 0 0 -1
outer loop
vertex 371.6 -162.7125 0
vertex 385.6 -162.7125 0
vertex 390.65 -162.7125 0
endloop
endfacet
facet normal 0 0 -1
outer loop
vertex 371.6 -162.7125 0
vertex 390.65 -162.7125 0
vertex 390.65 -166.71179079999993 0
endloop
endfacet
facet normal 0 0 -1
outer loop
vertex 371.6 -162.7125 0
vertex 390.65 -166.71179079999993 0
vertex 359.1375330999999 -166.71179079999993 0
endloop
endfacet
facet normal 0 0 -1
outer loop
vertex 371.6 -162.7125 0
vertex 359.1375330999999 -166.71179079999993 0
vertex 357.52171472651025 -162.7125 0
endloop
endfacet
facet normal 0 0 -1
outer loop
vertex 226.61246689999996 -166.71179079999993 0
vertex 226.89368357070651 -166.82540971049764 0
vertex 216.99846927423135 -166.82540971049764 0
endloop
endfacet
facet normal 0 0 -1
outer loop
vertex 226.61246689999996 -166.71179079999993 0
vertex 216.99846927423135 -166.82540971049764 0
vertex 195.1 -166.82540971049764 0
endloop
endfacet
facet normal 0 0 -1
outer loop
vertex 226.61246689999996 -166.71179079999993 0
vertex 195.1 -166.82540971049764 0
vertex 195.1 -166.71179079999993 0
endloop
endfacet
facet normal 0 0 -1
outer loop
vertex 390.65 -166.71179079999993 0
vertex 390.65 -166.82540971049764 0
vertex 368.7515307257686 -166.82540971049764 0
endloop
endfacet
facet normal 0 0 -1
outer loop
vertex 390.65 -166.71179079999993 0
vertex 368.7515307257686 -166.82540971049764 0
vertex 358.85631642929326 -166.82540971049764 0
endloop
endfacet
facet normal 0 0 -1
outer loop
vertex 390.65 -166.71179079999993 0
vertex 358.85631642929326 -166.82540971049764 0
vertex 359.1375330999999 -166.71179079999993 0
endloop
endfacet
facet normal 0 0 -1
outer loop
vertex 226.89368357070651 -166.82540971049764 0
vertex 226.90872126269477 -166.8314853324578 0
vertex 217.28427665727367 -166.8314853324578 0
endloop
endfacet
facet normal 0 0 -1
outer loop
vertex 226.89368357070651 -166.82540971049764 0
vertex 217.28427665727367 -166.8314853324578 0
vertex 216.99846927423135 -166.82540971049764 0
endloop
endfacet
facet normal 0 0 -1
outer loop
vertex 368.7515307257686 -166.82540971049764 0
vertex 368.4657233427263 -166.8314853324578 0
vertex 358.841278737305 -166.8314853324578 0
endloop
endfacet
facet normal 0 0 -1
outer loop
vertex 368.7515307257686 -166.82540971049764 0
vertex 358.841278737305 -166.8314853324578 0
vertex 358.85631642929326 -166.82540971049764 0
endloop
endfacet
facet normal 0 0 -1
outer loop
vertex 216.99846927423135 -166.82540971049764 0
vertex 216.71471530838633 -166.86014384717672 0
vertex 195.1 -166.86014384717672 0
endloop
endfacet
facet normal 0 0 -1
outer loop
vertex 216.99846927423135 -166.82540971049764 0
vertex 195.1 -166.86014384717672 0
vertex 195.1 -166.82540971049764 0
endloop
endfacet
facet normal 0 0 -1
outer loop
vertex 390.65 -166.82540971049764 0
vertex 390.65 -166.86014384717672 0
vertex 369.03528469161336 -166.86014384717672 0
endloop
endfacet
facet normal 0 0 -1
outer loop
vertex 390.65 -166.82540971049764 0
vertex 369.03528469161336 -166.86014384717672 0
vertex 368.7515307257686 -166.82540971049764 0
endloop
endfacet
facet normal 0 0 -1
outer loop
vertex 226.90872126269477 -166.8314853324578 0
vertex 227.0244594209617 -166.87824658388806 0
vertex 217.56629821451415 -166.87824658388806 0
endloop
endfacet
facet normal 0 0 -1
outer loop
vertex 226.90872126269477 -166.8314853324578 0
vertex 217.56629821451415 -166.87824658388806 0
vertex 217.28427665727367 -166.8314853324578 0
endloop
endfacet
facet normal 0 0 -1
outer loop
vertex 368.4657233427263 -166.8314853324578 0
vertex 368.1837017854858 -166.87824658388806 0
vertex 358.72554057903807 -166.87824658388806 0
endloop
endfacet
facet normal 0 0 -1
outer loop
vertex 368.4657233427263 -166.8314853324578 0
vertex 358.72554057903807 -166.87824658388806 0
vertex 358.841278737305 -166.8314853324578 0
endloop
endfacet
facet normal 0 0 -1
outer loop
vertex 216.71471530838633 -166.86014384717672 0
vertex 216.4388120499995 -166.93497810000014 0
vertex 195.1 -166.93497810000014 0
endloop
endfacet
facet normal 0 0 -1
outer loop
vertex 216.71471530838633 -166.86014384717672 0
vertex 195.1 -166.93497810000014 0
vertex 195.1 -166.86014384717672 0
endloop
endfacet
facet normal 0 0 -1
outer loop
vertex 390.65 -166.86014384717672 0
vertex 390.65 -166.93497810000014 0
vertex 369.3111879500008 -166.93497810000014 0
endloop
endfacet
facet normal 0 0 -1
outer loop
vertex 390.65 -166.86014384717672 0
vertex 369.3111879500008 -166.93497810000014 0
vertex 369.03528469161336 -166.86014384717672 0
endloop
endfacet
facet normal 0 0 -1
outer loop
vertex 227.0244594209617 -166.87824658388806 0
vertex 227.23852873202247 -166.96473620000006 0
vertex 217.8387741000001 -166.96473620000006 0
endloop
endfacet
facet normal 0 0 -1
outer loop
vertex 227.0244594209617 -166.87824658388806 0
vertex 217.8387741000001 -166.96473620000006 0
vertex 217.56629821451415 -166.87824658388806 0
endloop
endfacet
facet normal 0 0 -1
outer loop
vertex 368.1837017854858 -166.87824658388806 0
vertex 367.91122590000066 -166.96473620000006 0
vertex 358.5114712679773 -166.96473620000006 0
endloop
endfacet
facet normal 0 0 -1
outer loop
vertex 368.1837017854858 -166.87824658388806 0
vertex 358.5114712679773 -166.96473620000006 0
vertex 358.72554057903807 -166.87824658388806 0
endloop
endfacet
facet normal 0 0 -1
outer loop
vertex 181.1 -163 0
vertex 181.1 -167.475 0
vertex 176.05 -167.475 0
endloop
endfacet
facet normal 0 0 -1
outer loop
vertex 181.1 -163 0
vertex 176.05 -167.475 0
vertex 176.05 -163 0
endloop
endfacet
facet normal 0 0 -1
outer loop
vertex 216.4388120499995 -166.93497810000014 0
vertex 214.8944944730682 -167.475 0
vertex 195.1 -167.475 0
endloop
endfacet
facet normal 0 0 -1
outer loop
vertex 216.4388120499995 -166.93497810000014 0
vertex 195.1 -167.475 0
vertex 195.1 -166.93497810000014 0
endloop
endfacet
facet normal 0 0 -1
outer loop
vertex 390.65 -166.93497810000014 0
vertex 390.65 -167.475 0
vertex 370.8555055269319 -167.475 0
endloop
endfacet
facet normal 0 0 -1
outer loop
vertex 390.65 -166.93497810000014 0
vertex 370.8555055269319 -167.475 0
vertex 369.3111879500008 -166.93497810000014 0
endloop
endfacet
facet normal 0 0 -1
outer loop
vertex 409.7 -163 0
vertex 409.7 -167.475 0
vertex 404.65 -167.475 0
endloop
endfacet
facet normal 0 0 -1
outer loop
vertex 409.7 -163 0
vertex 404.65 -167.475 0
vertex 404.65 -163 0
endloop
endfacet
facet normal 0 0 -1
outer loop
vertex 255.42065529124787 -158.97570919999998 0
vertex 250.47509629999996 -171.21639719999996 0
vertex 239.89197410875215 -171.21639719999996 0
endloop
endfacet
facet normal 0 0 -1
outer loop
vertex 255.42065529124787 -158.97570919999998 0
vertex 239.89197410875215 -171.21639719999996 0
vertex 244.8375331 -158.97570919999998 0
endloop
endfacet
facet normal 0 0 -1
outer loop
vertex 340.91246689999997 -158.97570919999998 0
vertex 345.85802589124785 -171.21639719999996 0
vertex 335.2749036999999 -171.21639719999996 0
endloop
endfacet
facet normal 0 0 -1
outer loop
vertex 340.91246689999997 -158.97570919999998 0
vertex 335.2749036999999 -171.21639719999996 0
vertex 330.3293447087521 -158.97570919999998 0
endloop
endfacet
facet normal 0 0 -1
outer loop
vertex 227.23852873202247 -166.96473620000006 0
vertex 239.59304079999998 -171.9562831 0
vertex 230.37594180061652 -171.9562831 0
endloop
endfacet
facet normal 0 0 -1
outer loop
vertex 227.23852873202247 -166.96473620000006 0
vertex 230.37594180061652 -171.9562831 0
vertex 217.8387741000001 -166.96473620000006 0
endloop
endfacet
facet normal 0 0 -1
outer loop
vertex 250.47509629999996 -171.21639719999996 0
vertex 252.30637815782984 -171.9562831 0
vertex 239.59304079999998 -171.9562831 0
endloop
endfacet
facet normal 0 0 -1
outer loop
vertex 250.47509629999996 -171.21639719999996 0
vertex 239.59304079999998 -171.9562831 0
vertex 239.89197410875215 -171.21639719999996 0
endloop
endfacet
facet normal 0 0 -1
outer loop
vertex 345.85802589124785 -171.21639719999996 0
vertex 346.1569592 -171.9562831 0
vertex 333.4436218421701 -171.9562831 0
endloop
endfacet
facet normal 0 0 -1
outer loop
vertex 345.85802589124785 -171.21639719999996 0
vertex 333.4436218421701 -171.9562831 0
vertex 335.2749036999999 -171.21639719999996 0
endloop
endfacet
facet normal 0 0 -1
outer loop
vertex 367.91122590000066 -166.96473620000006 0
vertex 355.37405819938334 -171.9562831 0
vertex 346.1569592 -171.9562831 0
endloop
endfacet
facet normal 0 0 -1
outer loop
vertex 367.91122590000066 -166.96473620000006 0
vertex 346.1569592 -171.9562831 0
vertex 358.5114712679773 -166.96473620000006 0
endloop
endfacet
facet normal 0 0 -1
outer loop
vertex 239.59304079999998 -171.9562831 0
vertex 252.30637815782984 -171.9562831 0
vertex 263.45567019999993 -176.46088949999998 0
endloop
endfacet
facet normal 0 0 -1
outer loop
vertex 239.59304079999998 -171.9562831 0
vertex 263.45567019999993 -176.46088949999998 0
vertex 241.69007086591105 -176.46088949999998 0
endloop
endfacet
facet normal 0 0 -1
outer loop
vertex 239.59304079999998 -171.9562831 0
vertex 241.69007086591105 -176.46088949999998 0
vertex 230.37594180061652 -171.9562831 0
endloop
endfacet
facet normal 0 0 -1
outer loop
vertex 272.42104627544506 -163.4803156 0
vertex 267.2248676147804 -176.46088949999998 0
vertex 263.45567019999993 -176.46088949999998 0
endloop
endfacet
facet normal 0 0 -1
outer loop
vertex 272.42104627544506 -163.4803156 0
vertex 263.45567019999993 -176.46088949999998 0
vertex 268.7001625 -163.4803156 0
endloop
endfacet
facet normal 0 0 -1
outer loop
vertex 317.0498375000001 -163.4803156 0
vertex 322.29432979999996 -176.46088949999998 0
vertex 318.5251323852196 -176.46088949999998 0
endloop
endfacet
facet normal 0 0 -1
outer loop
vertex 317.0498375000001 -163.4803156 0
vertex 318.5251323852196 -176.46088949999998 0
vertex 313.32895372455494 -163.4803156 0
endloop
endfacet
facet normal 0 0 -1
outer loop
vertex 346.1569592 -171.9562831 0
vertex 355.37405819938334 -171.9562831 0
vertex 344.059929134089 -176.46088949999998 0
endloop
endfacet
facet normal 0 0 -1
outer loop
vertex 346.1569592 -171.9562831 0
vertex 344.059929134089 -176.46088949999998 0
vertex 322.29432979999996 -176.46088949999998 0
endloop
endfacet
facet normal 0 0 -1
outer loop
vertex 346.1569592 -171.9562831 0
vertex 322.29432979999996 -176.46088949999998 0
vertex 333.4436218421701 -171.9562831 0
endloop
endfacet
facet normal 0 0 -1
outer loop
vertex 143 -163 0
vertex 143 -177 0
vertex 139.475 -177 0
endloop
endfacet
facet normal 0 0 -1
outer loop
vertex 143 -163 0
vertex 139.475 -177 0
vertex 139.475 -163 0
endloop
endfacet
facet normal 0 0 -1
outer loop
vertex 162.05 -163 0
vertex 162.05 -177 0
vertex 157 -177 0
endloop
endfacet
facet normal 0 0 -1
outer loop
vertex 162.05 -163 0
vertex 157 -177 0
vertex 157 -163 0
endloop
endfacet
facet normal 0 0 -1
outer loop
vertex 181.1 -167.475 0
vertex 195.1 -167.475 0
vertex 214.8944944730682 -167.475 0
endloop
endfacet
facet normal 0 0 -1
outer loop
vertex 181.1 -167.475 0
vertex 214.8944944730682 -167.475 0
vertex 187.65555301481328 -177 0
endloop
endfacet
facet normal 0 0 -1
outer loop
vertex 181.1 -167.475 0
vertex 187.65555301481328 -177 0
vertex 176.05 -177 0
endloop
endfacet
facet normal 0 0 -1
outer loop
vertex 181.1 -167.475 0
vertex 176.05 -177 0
vertex 176.05 -167.475 0
endloop
endfacet
facet normal 0 0 -1
outer loop
vertex 390.65 -167.475 0
vertex 404.65 -167.475 0
vertex 409.7 -167.475 0
endloop
endfacet
facet normal 0 0 -1
outer loop
vertex 390.65 -167.475 0
vertex 409.7 -167.475 0
vertex 409.7 -177 0
endloop
endfacet
facet normal 0 0 -1
outer loop
vertex 390.65 -167.475 0
vertex 409.7 -177 0
vertex 398.0944469851868 -177 0
endloop
endfacet
facet normal 0 0 -1
outer loop
vertex 390.65 -167.475 0
vertex 398.0944469851868 -177 0
vertex 370.8555055269319 -167.475 0
endloop
endfacet
facet normal 0 0 -1
outer loop
vertex 428.75 -163 0
vertex 428.75 -177 0
vertex 423.7 -177 0
endloop
endfacet
facet normal 0 0 -1
outer loop
vertex 428.75 -163 0
vertex 423.7 -177 0
vertex 423.7 -163 0
endloop
endfacet
facet normal 0 0 -1
outer loop
vertex 446.275 -163 0
vertex 446.275 -177 0
vertex 442.75 -177 0
endloop
endfacet
facet normal 0 0 -1
outer loop
vertex 446.275 -163 0
vertex 442.75 -177 0
vertex 442.75 -163 0
endloop
endfacet
facet normal 0 0 -1
outer loop
vertex 143 -177 0
vertex 157 -177 0
vertex 162.05 -177 0
endloop
endfacet
facet normal 0 0 -1
outer loop
vertex 143 -177 0
vertex 162.05 -177 0
vertex 176.05 -177 0
endloop
endfacet
facet normal 0 0 -1
outer loop
vertex 143 -177 0
vertex 176.05 -177 0
vertex 187.65555301481328 -177 0
endloop
endfacet
facet normal 0 0 -1
outer loop
vertex 143 -177 0
vertex 187.65555301481328 -177 0
vertex 177.8955669000001 -180.41290309999997 0
endloop
endfacet
facet normal 0 0 -1
outer loop
vertex 143 -177 0
vertex 177.8955669000001 -180.41290309999997 0
vertex 177.6801714076242 -180.47491600872962 0
endloop
endfacet
facet normal 0 0 -1
outer loop
vertex 143 -177 0
vertex 177.6801714076242 -180.47491600872962 0
vertex 177.4591929197683 -180.5124397734058 0
endloop
endfacet
facet normal 0 0 -1
outer loop
vertex 143 -177 0
vertex 177.4591929197683 -180.5124397734058 0
vertex 177.2354034500001 -180.52500155 0
endloop
endfacet
facet normal 0 0 -1
outer loop
vertex 143 -177 0
vertex 177.2354034500001 -180.52500155 0
vertex 141.47500000000022 -180.525 0
endloop
endfacet
facet normal 0 0 -1
outer loop
vertex 143 -177 0
vertex 141.47500000000022 -180.525 0
vertex 141.12770364466596 -180.49461550602445 0
endloop
endfacet
facet normal 0 0 -1
outer loop
vertex 143 -177 0
vertex 141.12770364466596 -180.49461550602445 0
vertex 140.79095971334863 -180.40438524157187 0
endloop
endfacet
facet normal 0 0 -1
outer loop
vertex 143 -177 0
vertex 140.79095971334863 -180.40438524157187 0
vertex 140.475 -180.25705080756865 0
endloop
endfacet
facet normal 0 0 -1
outer loop
vertex 143 -177 0
vertex 140.475 -180.25705080756865 0
vertex 140.18942478062695 -180.0570888862382 0
endloop
endfacet
facet normal 0 0 -1
outer loop
vertex 143 -177 0
vertex 140.18942478062695 -180.0570888862382 0
vertex 139.9429111137621 -179.8105752193729 0
endloop
endfacet
facet normal 0 0 -1
outer loop
vertex 143 -177 0
vertex 139.9429111137621 -179.8105752193729 0
vertex 139.74294919243113 -179.52500000000015 0
endloop
endfacet
facet normal 0 0 -1
outer loop
vertex 143 -177 0
vertex 139.74294919243113 -179.52500000000015 0
vertex 139.59561475842818 -179.2090402866513 0
endloop
endfacet
facet normal 0 0 -1
outer loop
vertex 143 -177 0
vertex 139.59561475842818 -179.2090402866513 0
vertex 139.50538449397558 -178.8722963553342 0
endloop
endfacet
facet normal 0 0 -1
outer loop
vertex 143 -177 0
vertex 139.50538449397558 -178.8722963553342 0
vertex 139.475 -178.52499999999978 0
endloop
endfacet
facet normal 0 0 -1
outer loop
vertex 143 -177 0
vertex 139.475 -178.52499999999978 0
vertex 139.475 -177 0
endloop
endfacet
facet normal 0 0 -1
outer loop
vertex 409.7 -177 0
vertex 423.7 -177 0
vertex 428.75 -177 0
endloop
endfacet
facet normal 0 0 -1
outer loop
vertex 409.7 -177 0
vertex 428.75 -177 0
vertex 442.75 -177 0
endloop
endfacet
facet normal 0 0 -1
outer loop
vertex 409.7 -177 0
vertex 442.75 -177 0
vertex 446.275 -177 0
endloop
endfacet
facet normal 0 0 -1
outer loop
vertex 409.7 -177 0
vertex 446.275 -177 0
vertex 446.275 -178.52499999999978 0
endloop
endfacet
facet normal 0 0 -1
outer loop
vertex 409.7 -177 0
vertex 446.275 -178.52499999999978 0
vertex 446.24461550602433 -178.8722963553342 0
endloop
endfacet
facet normal 0 0 -1
outer loop
vertex 409.7 -177 0
vertex 446.24461550602433 -178.8722963553342 0
vertex 446.15438524157184 -179.2090402866513 0
endloop
endfacet
facet normal 0 0 -1
outer loop
vertex 409.7 -177 0
vertex 446.15438524157184 -179.2090402866513 0
vertex 446.0070508075688 -179.52500000000015 0
endloop
endfacet
facet normal 0 0 -1
outer loop
vertex 409.7 -177 0
vertex 446.0070508075688 -179.52500000000015 0
vertex 445.8070888862381 -179.8105752193729 0
endloop
endfacet
facet normal 0 0 -1
outer loop
vertex 409.7 -177 0
vertex 445.8070888862381 -179.8105752193729 0
vertex 445.56057521937277 -180.0570888862382 0
endloop
endfacet
facet normal 0 0 -1
outer loop
vertex 409.7 -177 0
vertex 445.56057521937277 -180.0570888862382 0
vertex 445.2750000000004 -180.25705080756865 0
endloop
endfacet
facet normal 0 0 -1
outer loop
vertex 409.7 -177 0
vertex 445.2750000000004 -180.25705080756865 0
vertex 444.9590402866511 -180.40438524157187 0
endloop
endfacet
facet normal 0 0 -1
outer loop
vertex 409.7 -177 0
vertex 444.9590402866511 -180.40438524157187 0
vertex 444.6222963553338 -180.49461550602445 0
endloop
endfacet
facet normal 0 0 -1
outer loop
vertex 409.7 -177 0
vertex 444.6222963553338 -180.49461550602445 0
vertex 444.2750000000001 -180.525 0
endloop
endfacet
facet normal 0 0 -1
outer loop
vertex 409.7 -177 0
vertex 444.2750000000001 -180.525 0
vertex 408.51459655000025 -180.52500155 0
endloop
endfacet
facet normal 0 0 -1
outer loop
vertex 409.7 -177 0
vertex 408.51459655000025 -180.52500155 0
vertex 408.2908070802316 -180.5124397734058 0
endloop
endfacet
facet normal 0 0 -1
outer loop
vertex 409.7 -177 0
vertex 408.2908070802316 -180.5124397734058 0
vertex 408.0698285923758 -180.47491600872962 0
endloop
endfacet
facet normal 0 0 -1
outer loop
vertex 409.7 -177 0
vertex 408.0698285923758 -180.47491600872962 0
vertex 407.8544330999998 -180.41290309999997 0
endloop
endfacet
facet normal 0 0 -1
outer loop
vertex 409.7 -177 0
vertex 407.8544330999998 -180.41290309999997 0
vertex 398.0944469851868 -177 0
endloop
endfacet
facet normal 0 0 -1
outer loop
vertex 263.45567019999993 -176.46088949999998 0
vertex 267.2248676147804 -176.46088949999998 0
vertex 264.4565358 -183.3764591999999 0
endloop
endfacet
facet normal 0 0 -1
outer loop
vertex 263.45567019999993 -176.46088949999998 0
vertex 264.4565358 -183.3764591999999 0
vertex 264.29948164860434 -183.68723367386275 0
endloop
endfacet
facet normal 0 0 -1
outer loop
vertex 263.45567019999993 -176.46088949999998 0
vertex 264.29948164860434 -183.68723367386275 0
vertex 264.09090298488746 -183.96606200795944 0
endloop
endfacet
facet normal 0 0 -1
outer loop
vertex 263.45567019999993 -176.46088949999998 0
vertex 264.09090298488746 -183.96606200795944 0
vertex 263.83712446517586 -184.20448759758168 0
endloop
endfacet
facet normal 0 0 -1
outer loop
vertex 263.45567019999993 -176.46088949999998 0
vertex 263.83712446517586 -184.20448759758168 0
vertex 263.5458387698104 -184.39528314922921 0
endloop
endfacet
facet normal 0 0 -1
outer loop
vertex 263.45567019999993 -176.46088949999998 0
vertex 263.5458387698104 -184.39528314922921 0
vertex 263.225875518194 -184.5326651584884 0
endloop
endfacet
facet normal 0 0 -1
outer loop
vertex 263.45567019999993 -176.46088949999998 0
vertex 263.225875518194 -184.5326651584884 0
vertex 262.88693362029625 -184.61246922293947 0
endloop
endfacet
facet normal 0 0 -1
outer loop
vertex 263.45567019999993 -176.46088949999998 0
vertex 262.88693362029625 -184.61246922293947 0
vertex 262.5392872777211 -184.63227627591607 0
endloop
endfacet
facet normal 0 0 -1
outer loop
vertex 263.45567019999993 -176.46088949999998 0
vertex 262.5392872777211 -184.63227627591607 0
vertex 262.19347454620225 -184.59148591464506 0
endloop
endfacet
facet normal 0 0 -1
outer loop
vertex 263.45567019999993 -176.46088949999998 0
vertex 262.19347454620225 -184.59148591464506 0
vertex 261.8599779000002 -184.49133460000007 0
endloop
endfacet
facet normal 0 0 -1
outer loop
vertex 263.45567019999993 -176.46088949999998 0
vertex 261.8599779000002 -184.49133460000007 0
vertex 241.69007086591105 -176.46088949999998 0
endloop
endfacet
facet normal 0 0 -1
outer loop
vertex 322.29432979999996 -176.46088949999998 0
vertex 344.059929134089 -176.46088949999998 0
vertex 323.8900221000003 -184.49133460000007 0
endloop
endfacet
facet normal 0 0 -1
outer loop
vertex 322.29432979999996 -176.46088949999998 0
vertex 323.8900221000003 -184.49133460000007 0
vertex 323.5565254537978 -184.59148591464506 0
endloop
endfacet
facet normal 0 0 -1
outer loop
vertex 322.29432979999996 -176.46088949999998 0
vertex 323.5565254537978 -184.59148591464506 0
vertex 323.2107127222785 -184.63227627591607 0
endloop
endfacet
facet normal 0 0 -1
outer loop
vertex 322.29432979999996 -176.46088949999998 0
vertex 323.2107127222785 -184.63227627591607 0
vertex 322.8630663797037 -184.61246922293947 0
endloop
endfacet
facet normal 0 0 -1
outer loop
vertex 322.29432979999996 -176.46088949999998 0
vertex 322.8630663797037 -184.61246922293947 0
vertex 322.5241244818065 -184.5326651584884 0
endloop
endfacet
facet normal 0 0 -1
outer loop
vertex 322.29432979999996 -176.46088949999998 0
vertex 322.5241244818065 -184.5326651584884 0
vertex 322.2041612301895 -184.39528314922921 0
endloop
endfacet
facet normal 0 0 -1
outer loop
vertex 322.29432979999996 -176.46088949999998 0
vertex 322.2041612301895 -184.39528314922921 0
vertex 321.91287553482374 -184.20448759758168 0
endloop
endfacet
facet normal 0 0 -1
outer loop
vertex 322.29432979999996 -176.46088949999998 0
vertex 321.91287553482374 -184.20448759758168 0
vertex 321.65909701511265 -183.96606200795944 0
endloop
endfacet
facet normal 0 0 -1
outer loop
vertex 322.29432979999996 -176.46088949999998 0
vertex 321.65909701511265 -183.96606200795944 0
vertex 321.4505183513956 -183.68723367386275 0
endloop
endfacet
facet normal 0 0 -1
outer loop
vertex 322.29432979999996 -176.46088949999998 0
vertex 321.4505183513956 -183.68723367386275 0
vertex 321.2934642000001 -183.3764591999999 0
endloop
endfacet
facet normal 0 0 -1
outer loop
vertex 322.29432979999996 -176.46088949999998 0
vertex 321.2934642000001 -183.3764591999999 0
vertex 318.5251323852196 -176.46088949999998 0
endloop
endfacet
facet normal 0 0 1
outer loop
vertex 177.45919291976844 -180.5124397734058 1.5
vertex 177.68017140762402 -180.47491600872965 1.5
vertex 177.8955668999999 -180.4129031000001 1.5
endloop
endfacet
facet normal 0 0 1
outer loop
vertex 177.45919291976844 -180.5124397734058 1.5
vertex 177.8955668999999 -180.4129031000001 1.5
vertex 187.65555301481325 -177 1.5
endloop
endfacet
facet normal 0 0 1
outer loop
vertex 177.45919291976844 -180.5124397734058 1.5
vertex 187.65555301481325 -177 1.5
vertex 176.05 -177 1.5
endloop
endfacet
facet normal 0 0 1
outer loop
vertex 177.45919291976844 -180.5124397734058 1.5
vertex 176.05 -177 1.5
vertex 162.05 -177 1.5
endloop
endfacet
facet normal 0 0 1
outer loop
vertex 177.45919291976844 -180.5124397734058 1.5
vertex 162.05 -177 1.5
vertex 157 -177 1.5
endloop
endfacet
facet normal 0 0 1
outer loop
vertex 177.45919291976844 -180.5124397734058 1.5
vertex 157 -177 1.5
vertex 143 -177 1.5
endloop
endfacet
facet normal 0 0 1
outer loop
vertex 177.45919291976844 -180.5124397734058 1.5
vertex 143 -177 1.5
vertex 139.475 -177 1.5
endloop
endfacet
facet normal 0 0 1
outer loop
vertex 177.45919291976844 -180.5124397734058 1.5
vertex 139.475 -177 1.5
vertex 139.475 -178.5250000000001 1.5
endloop
endfacet
facet normal 0 0 1
outer loop
vertex 177.45919291976844 -180.5124397734058 1.5
vertex 139.475 -178.5250000000001 1.5
vertex 139.50538449397558 -178.8722963553337 1.5
endloop
endfacet
facet normal 0 0 1
outer loop
vertex 177.45919291976844 -180.5124397734058 1.5
vertex 139.50538449397558 -178.8722963553337 1.5
vertex 139.59561475842816 -179.20904028665137 1.5
endloop
endfacet
facet normal 0 0 1
outer loop
vertex 177.45919291976844 -180.5124397734058 1.5
vertex 139.59561475842816 -179.20904028665137 1.5
vertex 139.74294919243118 -179.5249999999998 1.5
endloop
endfacet
facet normal 0 0 1
outer loop
vertex 177.45919291976844 -180.5124397734058 1.5
vertex 139.74294919243118 -179.5249999999998 1.5
vertex 139.94291111376214 -179.81057521937305 1.5
endloop
endfacet
facet normal 0 0 1
outer loop
vertex 177.45919291976844 -180.5124397734058 1.5
vertex 139.94291111376214 -179.81057521937305 1.5
vertex 140.18942478062695 -180.05708888623826 1.5
endloop
endfacet
facet normal 0 0 1
outer loop
vertex 177.45919291976844 -180.5124397734058 1.5
vertex 140.18942478062695 -180.05708888623826 1.5
vertex 140.47499999999997 -180.25705080756887 1.5
endloop
endfacet
facet normal 0 0 1
outer loop
vertex 177.45919291976844 -180.5124397734058 1.5
vertex 140.47499999999997 -180.25705080756887 1.5
vertex 140.7909597133487 -180.40438524157167 1.5
endloop
endfacet
facet normal 0 0 1
outer loop
vertex 177.45919291976844 -180.5124397734058 1.5
vertex 140.7909597133487 -180.40438524157167 1.5
vertex 141.12770364466576 -180.49461550602445 1.5
endloop
endfacet
facet normal 0 0 1
outer loop
vertex 177.45919291976844 -180.5124397734058 1.5
vertex 141.12770364466576 -180.49461550602445 1.5
vertex 141.4750000000005 -180.525 1.5
endloop
endfacet
facet normal 0 0 1
outer loop
vertex 177.45919291976844 -180.5124397734058 1.5
vertex 141.4750000000005 -180.525 1.5
vertex 177.23540344999947 -180.52500154999998 1.5
endloop
endfacet
facet normal 0 0 1
outer loop
vertex 444.2750000000002 -180.525 1.5
vertex 444.6222963553336 -180.49461550602445 1.5
vertex 444.9590402866517 -180.40438524157167 1.5
endloop
endfacet
facet normal 0 0 1
outer loop
vertex 444.2750000000002 -180.525 1.5
vertex 444.9590402866517 -180.40438524157167 1.5
vertex 445.2750000000001 -180.25705080756887 1.5
endloop
endfacet
facet normal 0 0 1
outer loop
vertex 444.2750000000002 -180.525 1.5
vertex 445.2750000000001 -180.25705080756887 1.5
vertex 445.5605752193727 -180.05708888623826 1.5
endloop
endfacet
facet normal 0 0 1
outer loop
vertex 444.2750000000002 -180.525 1.5
vertex 445.5605752193727 -180.05708888623826 1.5
vertex 445.8070888862379 -179.81057521937305 1.5
endloop
endfacet
facet normal 0 0 1
outer loop
vertex 444.2750000000002 -180.525 1.5
vertex 445.8070888862379 -179.81057521937305 1.5
vertex 446.007050807569 -179.5249999999998 1.5
endloop
endfacet
facet normal 0 0 1
outer loop
vertex 444.2750000000002 -180.525 1.5
vertex 446.007050807569 -179.5249999999998 1.5
vertex 446.1543852415718 -179.20904028665137 1.5
endloop
endfacet
facet normal 0 0 1
outer loop
vertex 444.2750000000002 -180.525 1.5
vertex 446.1543852415718 -179.20904028665137 1.5
vertex 446.24461550602445 -178.8722963553337 1.5
endloop
endfacet
facet normal 0 0 1
outer loop
vertex 444.2750000000002 -180.525 1.5
vertex 446.24461550602445 -178.8722963553337 1.5
vertex 446.275 -178.5250000000001 1.5
endloop
endfacet
facet normal 0 0 1
outer loop
vertex 444.2750000000002 -180.525 1.5
vertex 446.275 -178.5250000000001 1.5
vertex 446.275 -177 1.5
endloop
endfacet
facet normal 0 0 1
outer loop
vertex 444.2750000000002 -180.525 1.5
vertex 446.275 -177 1.5
vertex 442.75 -177 1.5
endloop
endfacet
facet normal 0 0 1
outer loop
vertex 444.2750000000002 -180.525 1.5
vertex 442.75 -177 1.5
vertex 428.75 -177 1.5
endloop
endfacet
facet normal 0 0 1
outer loop
vertex 444.2750000000002 -180.525 1.5
vertex 428.75 -177 1.5
vertex 423.7 -177 1.5
endloop
endfacet
facet normal 0 0 1
outer loop
vertex 444.2750000000002 -180.525 1.5
vertex 423.7 -177 1.5
vertex 409.7 -177 1.5
endloop
endfacet
facet normal 0 0 1
outer loop
vertex 444.2750000000002 -180.525 1.5
vertex 409.7 -177 1.5
vertex 398.0944469851867 -177 1.5
endloop
endfacet
facet normal 0 0 1
outer loop
vertex 444.2750000000002 -180.525 1.5
vertex 398.0944469851867 -177 1.5
vertex 407.85443310000034 -180.4129031000001 1.5
endloop
endfacet
facet normal 0 0 1
outer loop
vertex 444.2750000000002 -180.525 1.5
vertex 407.85443310000034 -180.4129031000001 1.5
vertex 408.0698285923759 -180.47491600872965 1.5
endloop
endfacet
facet normal 0 0 1
outer loop
vertex 444.2750000000002 -180.525 1.5
vertex 408.0698285923759 -180.47491600872965 1.5
vertex 408.29080708023145 -180.5124397734058 1.5
endloop
endfacet
facet normal 0 0 1
outer loop
vertex 444.2750000000002 -180.525 1.5
vertex 408.29080708023145 -180.5124397734058 1.5
vertex 408.51459655000025 -180.52500154999998 1.5
endloop
endfacet
facet normal 0 0 1
outer loop
vertex 262.8869336202961 -184.61246922293952 1.5
vertex 263.22587551819385 -184.53266515848847 1.5
vertex 263.54583876981025 -184.39528314922924 1.5
endloop
endfacet
facet normal 0 0 1
outer loop
vertex 262.8869336202961 -184.61246922293952 1.5
vertex 263.54583876981025 -184.39528314922924 1.5
vertex 263.83712446517615 -184.2044875975814 1.5
endloop
endfacet
facet normal 0 0 1
outer loop
vertex 262.8869336202961 -184.61246922293952 1.5
vertex 263.83712446517615 -184.2044875975814 1.5
vertex 264.0909029848875 -183.96606200795935 1.5
endloop
endfacet
facet normal 0 0 1
outer loop
vertex 262.8869336202961 -184.61246922293952 1.5
vertex 264.0909029848875 -183.96606200795935 1.5
vertex 264.29948164860434 -183.68723367386278 1.5
endloop
endfacet
facet normal 0 0 1
outer loop
vertex 262.8869336202961 -184.61246922293952 1.5
vertex 264.29948164860434 -183.68723367386278 1.5
vertex 264.45653580000004 -183.37645919999983 1.5
endloop
endfacet
facet normal 0 0 1
outer loop
vertex 262.8869336202961 -184.61246922293952 1.5
vertex 264.45653580000004 -183.37645919999983 1.5
vertex 267.22486761478046 -176.4608895 1.5
endloop
endfacet
facet normal 0 0 1
outer loop
vertex 262.8869336202961 -184.61246922293952 1.5
vertex 267.22486761478046 -176.4608895 1.5
vertex 263.4556702 -176.4608895 1.5
endloop
endfacet
facet normal 0 0 1
outer loop
vertex 262.8869336202961 -184.61246922293952 1.5
vertex 263.4556702 -176.4608895 1.5
vertex 241.6900708659111 -176.4608895 1.5
endloop
endfacet
facet normal 0 0 1
outer loop
vertex 262.8869336202961 -184.61246922293952 1.5
vertex 241.6900708659111 -176.4608895 1.5
vertex 261.85997790000016 -184.49133460000004 1.5
endloop
endfacet
facet normal 0 0 1
outer loop
vertex 262.8869336202961 -184.61246922293952 1.5
vertex 261.85997790000016 -184.49133460000004 1.5
vertex 262.1934745462023 -184.5914859146451 1.5
endloop
endfacet
facet normal 0 0 1
outer loop
vertex 262.8869336202961 -184.61246922293952 1.5
vertex 262.1934745462023 -184.5914859146451 1.5
vertex 262.5392872777212 -184.6322762759161 1.5
endloop
endfacet
facet normal 0 0 1
outer loop
vertex 323.55652545379786 -184.5914859146451 1.5
vertex 323.89002210000007 -184.49133460000004 1.5
vertex 344.0599291340889 -176.4608895 1.5
endloop
endfacet
facet normal 0 0 1
outer loop
vertex 323.55652545379786 -184.5914859146451 1.5
vertex 344.0599291340889 -176.4608895 1.5
vertex 322.29432979999984 -176.4608895 1.5
endloop
endfacet
facet normal 0 0 1
outer loop
vertex 323.55652545379786 -184.5914859146451 1.5
vertex 322.29432979999984 -176.4608895 1.5
vertex 318.5251323852196 -176.4608895 1.5
endloop
endfacet
facet normal 0 0 1
outer loop
vertex 323.55652545379786 -184.5914859146451 1.5
vertex 318.5251323852196 -176.4608895 1.5
vertex 321.2934642000002 -183.37645919999983 1.5
endloop
endfacet
facet normal 0 0 1
outer loop
vertex 323.55652545379786 -184.5914859146451 1.5
vertex 321.2934642000002 -183.37645919999983 1.5
vertex 321.45051835139543 -183.68723367386278 1.5
endloop
endfacet
facet normal 0 0 1
outer loop
vertex 323.55652545379786 -184.5914859146451 1.5
vertex 321.45051835139543 -183.68723367386278 1.5
vertex 321.6590970151126 -183.96606200795935 1.5
endloop
endfacet
facet normal 0 0 1
outer loop
vertex 323.55652545379786 -184.5914859146451 1.5
vertex 321.6590970151126 -183.96606200795935 1.5
vertex 321.91287553482357 -184.2044875975814 1.5
endloop
endfacet
facet normal 0 0 1
outer loop
vertex 323.55652545379786 -184.5914859146451 1.5
vertex 321.91287553482357 -184.2044875975814 1.5
vertex 322.2041612301895 -184.39528314922924 1.5
endloop
endfacet
facet normal 0 0 1
outer loop
vertex 323.55652545379786 -184.5914859146451 1.5
vertex 322.2041612301895 -184.39528314922924 1.5
vertex 322.52412448180627 -184.53266515848847 1.5
endloop
endfacet
facet normal 0 0 1
outer loop
vertex 323.55652545379786 -184.5914859146451 1.5
vertex 322.52412448180627 -184.53266515848847 1.5
vertex 322.8630663797039 -184.61246922293952 1.5
endloop
endfacet
facet normal 0 0 1
outer loop
vertex 323.55652545379786 -184.5914859146451 1.5
vertex 322.8630663797039 -184.61246922293952 1.5
vertex 323.21071272227846 -184.6322762759161 1.5
endloop
endfacet
facet normal 0 0 1
outer loop
vertex 263.4556702 -176.4608895 1.5
vertex 252.30637815782984 -171.9562831 1.5
vertex 239.5930408 -171.9562831 1.5
endloop
endfacet
facet normal 0 0 1
outer loop
vertex 263.4556702 -176.4608895 1.5
vertex 239.5930408 -171.9562831 1.5
vertex 230.37594180061663 -171.9562831 1.5
endloop
endfacet
facet normal 0 0 1
outer loop
vertex 263.4556702 -176.4608895 1.5
vertex 230.37594180061663 -171.9562831 1.5
vertex 241.6900708659111 -176.4608895 1.5
endloop
endfacet
facet normal 0 0 1
outer loop
vertex 344.0599291340889 -176.4608895 1.5
vertex 355.37405819938346 -171.9562831 1.5
vertex 346.1569592 -171.9562831 1.5
endloop
endfacet
facet normal 0 0 1
outer loop
vertex 344.0599291340889 -176.4608895 1.5
vertex 346.1569592 -171.9562831 1.5
vertex 333.4436218421701 -171.9562831 1.5
endloop
endfacet
facet normal 0 0 1
outer loop
vertex 344.0599291340889 -176.4608895 1.5
vertex 333.4436218421701 -171.9562831 1.5
vertex 322.29432979999984 -176.4608895 1.5
endloop
endfacet
facet normal 0 0 1
outer loop
vertex 252.30637815782984 -171.9562831 1.5
vertex 250.47509630000002 -171.2163972 1.5
vertex 239.89197410875215 -171.2163972 1.5
endloop
endfacet
facet normal 0 0 1
outer loop
vertex 252.30637815782984 -171.9562831 1.5
vertex 239.89197410875215 -171.2163972 1.5
vertex 239.5930408 -171.9562831 1.5
endloop
endfacet
facet normal 0 0 1
outer loop
vertex 346.1569592 -171.9562831 1.5
vertex 345.8580258912479 -171.2163972 1.5
vertex 335.27490369999987 -171.2163972 1.5
endloop
endfacet
facet normal 0 0 1
outer loop
vertex 346.1569592 -171.9562831 1.5
vertex 335.27490369999987 -171.2163972 1.5
vertex 333.4436218421701 -171.9562831 1.5
endloop
endfacet
facet normal 0 0 1
outer loop
vertex 187.65555301481325 -177 1.5
vertex 214.89449447306814 -167.475 1.5
vertex 195.1 -167.475 1.5
endloop
endfacet
facet normal 0 0 1
outer loop
vertex 187.65555301481325 -177 1.5
vertex 195.1 -167.475 1.5
vertex 181.1 -167.475 1.5
endloop
endfacet
facet normal 0 0 1
outer loop
vertex 187.65555301481325 -177 1.5
vertex 181.1 -167.475 1.5
vertex 176.05 -167.475 1.5
endloop
endfacet
facet normal 0 0 1
outer loop
vertex 187.65555301481325 -177 1.5
vertex 176.05 -167.475 1.5
vertex 176.05 -177 1.5
endloop
endfacet
facet normal 0 0 1
outer loop
vertex 409.7 -177 1.5
vertex 409.7 -167.475 1.5
vertex 404.65 -167.475 1.5
endloop
endfacet
facet normal 0 0 1
outer loop
vertex 409.7 -177 1.5
vertex 404.65 -167.475 1.5
vertex 390.65 -167.475 1.5
endloop
endfacet
facet normal 0 0 1
outer loop
vertex 409.7 -177 1.5
vertex 390.65 -167.475 1.5
vertex 370.85550552693184 -167.475 1.5
endloop
endfacet
facet normal 0 0 1
outer loop
vertex 409.7 -177 1.5
vertex 370.85550552693184 -167.475 1.5
vertex 398.0944469851867 -177 1.5
endloop
endfacet
facet normal 0 0 1
outer loop
vertex 239.5930408 -171.9562831 1.5
vertex 227.23852873202236 -166.9647362 1.5
vertex 217.83877409999997 -166.9647362 1.5
endloop
endfacet
facet normal 0 0 1
outer loop
vertex 239.5930408 -171.9562831 1.5
vertex 217.83877409999997 -166.9647362 1.5
vertex 230.37594180061663 -171.9562831 1.5
endloop
endfacet
facet normal 0 0 1
outer loop
vertex 355.37405819938346 -171.9562831 1.5
vertex 367.91122590000003 -166.9647362 1.5
vertex 358.51147126797747 -166.9647362 1.5
endloop
endfacet
facet normal 0 0 1
outer loop
vertex 355.37405819938346 -171.9562831 1.5
vertex 358.51147126797747 -166.9647362 1.5
vertex 346.1569592 -171.9562831 1.5
endloop
endfacet
facet normal 0 0 1
outer loop
vertex 214.89449447306814 -167.475 1.5
vertex 216.43881205000002 -166.93497809999997 1.5
vertex 195.1 -166.93497809999997 1.5
endloop
endfacet
facet normal 0 0 1
outer loop
vertex 214.89449447306814 -167.475 1.5
vertex 195.1 -166.93497809999997 1.5
vertex 195.1 -167.475 1.5
endloop
endfacet
facet normal 0 0 1
outer loop
vertex 390.65 -167.475 1.5
vertex 390.65 -166.93497809999997 1.5
vertex 369.3111879499998 -166.93497809999997 1.5
endloop
endfacet
facet normal 0 0 1
outer loop
vertex 390.65 -167.475 1.5
vertex 369.3111879499998 -166.93497809999997 1.5
vertex 370.85550552693184 -167.475 1.5
endloop
endfacet
facet normal 0 0 1
outer loop
vertex 227.23852873202236 -166.9647362 1.5
vertex 227.02445942096153 -166.87824658388797 1.5
vertex 217.5662982145139 -166.87824658388797 1.5
endloop
endfacet
facet normal 0 0 1
outer loop
vertex 227.23852873202236 -166.9647362 1.5
vertex 217.5662982145139 -166.87824658388797 1.5
vertex 217.83877409999997 -166.9647362 1.5
endloop
endfacet
facet normal 0 0 1
outer loop
vertex 367.91122590000003 -166.9647362 1.5
vertex 368.1837017854869 -166.87824658388797 1.5
vertex 358.7255405790383 -166.87824658388797 1.5
endloop
endfacet
facet normal 0 0 1
outer loop
vertex 367.91122590000003 -166.9647362 1.5
vertex 358.7255405790383 -166.87824658388797 1.5
vertex 358.51147126797747 -166.9647362 1.5
endloop
endfacet
facet normal 0 0 1
outer loop
vertex 216.43881205000002 -166.93497809999997 1.5
vertex 216.71471530838613 -166.86014384717674 1.5
vertex 195.1 -166.86014384717674 1.5
endloop
endfacet
facet normal 0 0 1
outer loop
vertex 216.43881205000002 -166.93497809999997 1.5
vertex 195.1 -166.86014384717674 1.5
vertex 195.1 -166.93497809999997 1.5
endloop
endfacet
facet normal 0 0 1
outer loop
vertex 390.65 -166.93497809999997 1.5
vertex 390.65 -166.86014384717674 1.5
vertex 369.035284691614 -166.86014384717674 1.5
endloop
endfacet
facet normal 0 0 1
outer loop
vertex 390.65 -166.93497809999997 1.5
vertex 369.035284691614 -166.86014384717674 1.5
vertex 369.3111879499998 -166.93497809999997 1.5
endloop
endfacet
facet normal 0 0 1
outer loop
vertex 227.02445942096153 -166.87824658388797 1.5
vertex 226.90872126269483 -166.8314853324578 1.5
vertex 217.28427665727386 -166.8314853324578 1.5
endloop
endfacet
facet normal 0 0 1
outer loop
vertex 227.02445942096153 -166.87824658388797 1.5
vertex 217.28427665727386 -166.8314853324578 1.5
vertex 217.5662982145139 -166.87824658388797 1.5
endloop
endfacet
facet normal 0 0 1
outer loop
vertex 368.1837017854869 -166.87824658388797 1.5
vertex 368.46572334272565 -166.8314853324578 1.5
vertex 358.841278737305 -166.8314853324578 1.5
endloop
endfacet
facet normal 0 0 1
outer loop
vertex 368.1837017854869 -166.87824658388797 1.5
vertex 358.841278737305 -166.8314853324578 1.5
vertex 358.7255405790383 -166.87824658388797 1.5
endloop
endfacet
facet normal 0 0 1
outer loop
vertex 216.71471530838613 -166.86014384717674 1.5
vertex 216.9984692742313 -166.82540971049764 1.5
vertex 195.1 -166.82540971049764 1.5
endloop
endfacet
facet normal 0 0 1
outer loop
vertex 216.71471530838613 -166.86014384717674 1.5
vertex 195.1 -166.82540971049764 1.5
vertex 195.1 -166.86014384717674 1.5
endloop
endfacet
facet normal 0 0 1
outer loop
vertex 226.90872126269483 -166.8314853324578 1.5
vertex 226.89368357070657 -166.82540971049764 1.5
vertex 216.9984692742313 -166.82540971049764 1.5
endloop
endfacet
facet normal 0 0 1
outer loop
vertex 226.90872126269483 -166.8314853324578 1.5
vertex 216.9984692742313 -166.82540971049764 1.5
vertex 217.28427665727386 -166.8314853324578 1.5
endloop
endfacet
facet normal 0 0 1
outer loop
vertex 368.46572334272565 -166.8314853324578 1.5
vertex 368.7515307257687 -166.82540971049764 1.5
vertex 358.85631642929326 -166.82540971049764 1.5
endloop
endfacet
facet normal 0 0 1
outer loop
vertex 368.46572334272565 -166.8314853324578 1.5
vertex 358.85631642929326 -166.82540971049764 1.5
vertex 358.841278737305 -166.8314853324578 1.5
endloop
endfacet
facet normal 0 0 1
outer loop
vertex 390.65 -166.86014384717674 1.5
vertex 390.65 -166.82540971049764 1.5
vertex 368.7515307257687 -166.82540971049764 1.5
endloop
endfacet
facet normal 0 0 1
outer loop
vertex 390.65 -166.86014384717674 1.5
vertex 368.7515307257687 -166.82540971049764 1.5
vertex 369.035284691614 -166.86014384717674 1.5
endloop
endfacet
facet normal 0 0 1
outer loop
vertex 216.9984692742313 -166.82540971049764 1.5
vertex 226.89368357070657 -166.82540971049764 1.5
vertex 226.61246689999984 -166.71179079999993 1.5
endloop
endfacet
facet normal 0 0 1
outer loop
vertex 216.9984692742313 -166.82540971049764 1.5
vertex 226.61246689999984 -166.71179079999993 1.5
vertex 195.1 -166.71179079999993 1.5
endloop
endfacet
facet normal 0 0 1
outer loop
vertex 216.9984692742313 -166.82540971049764 1.5
vertex 195.1 -166.71179079999993 1.5
vertex 195.1 -166.82540971049764 1.5
endloop
endfacet
facet normal 0 0 1
outer loop
vertex 368.7515307257687 -166.82540971049764 1.5
vertex 390.65 -166.82540971049764 1.5
vertex 390.65 -166.71179079999993 1.5
endloop
endfacet
facet normal 0 0 1
outer loop
vertex 368.7515307257687 -166.82540971049764 1.5
vertex 390.65 -166.71179079999993 1.5
vertex 359.1375331 -166.71179079999993 1.5
endloop
endfacet
facet normal 0 0 1
outer loop
vertex 368.7515307257687 -166.82540971049764 1.5
vertex 359.1375331 -166.71179079999993 1.5
vertex 358.85631642929326 -166.82540971049764 1.5
endloop
endfacet
facet normal 0 0 1
outer loop
vertex 267.22486761478046 -176.4608895 1.5
vertex 272.42104627544506 -163.4803156 1.5
vertex 268.7001625 -163.4803156 1.5
endloop
endfacet
facet normal 0 0 1
outer loop
vertex 267.22486761478046 -176.4608895 1.5
vertex 268.7001625 -163.4803156 1.5
vertex 263.4556702 -176.4608895 1.5
endloop
endfacet
facet normal 0 0 1
outer loop
vertex 322.29432979999984 -176.4608895 1.5
vertex 317.0498375 -163.4803156 1.5
vertex 313.32895372455494 -163.4803156 1.5
endloop
endfacet
facet normal 0 0 1
outer loop
vertex 322.29432979999984 -176.4608895 1.5
vertex 313.32895372455494 -163.4803156 1.5
vertex 318.5251323852196 -176.4608895 1.5
endloop
endfacet
facet normal 0 0 1
outer loop
vertex 143 -177 1.5
vertex 143 -163 1.5
vertex 139.475 -163 1.5
endloop
endfacet
facet normal 0 0 1
outer loop
vertex 143 -177 1.5
vertex 139.475 -163 1.5
vertex 139.475 -177 1.5
endloop
endfacet
facet normal 0 0 1
outer loop
vertex 162.05 -177 1.5
vertex 162.05 -163 1.5
vertex 157 -163 1.5
endloop
endfacet
facet normal 0 0 1
outer loop
vertex 162.05 -177 1.5
vertex 157 -163 1.5
vertex 157 -177 1.5
endloop
endfacet
facet normal 0 0 1
outer loop
vertex 181.1 -167.475 1.5
vertex 181.1 -163 1.5
vertex 176.05 -163 1.5
endloop
endfacet
facet normal 0 0 1
outer loop
vertex 181.1 -167.475 1.5
vertex 176.05 -163 1.5
vertex 176.05 -167.475 1.5
endloop
endfacet
facet normal 0 0 1
outer loop
vertex 409.7 -167.475 1.5
vertex 409.7 -163 1.5
vertex 404.65 -163 1.5
endloop
endfacet
facet normal 0 0 1
outer loop
vertex 409.7 -167.475 1.5
vertex 404.65 -163 1.5
vertex 404.65 -167.475 1.5
endloop
endfacet
facet normal 0 0 1
outer loop
vertex 428.75 -177 1.5
vertex 428.75 -163 1.5
vertex 423.7 -163 1.5
endloop
endfacet
facet normal 0 0 1
outer loop
vertex 428.75 -177 1.5
vertex 423.7 -163 1.5
vertex 423.7 -177 1.5
endloop
endfacet
facet normal 0 0 1
outer loop
vertex 446.275 -177 1.5
vertex 446.275 -163 1.5
vertex 442.75 -163 1.5
endloop
endfacet
facet normal 0 0 1
outer loop
vertex 446.275 -177 1.5
vertex 442.75 -163 1.5
vertex 442.75 -177 1.5
endloop
endfacet
facet normal 0 0 1
outer loop
vertex 226.61246689999984 -166.71179079999993 1.5
vertex 228.2282852734897 -162.7125 1.5
vertex 214.15 -162.7125 1.5
endloop
endfacet
facet normal 0 0 1
outer loop
vertex 226.61246689999984 -166.71179079999993 1.5
vertex 214.15 -162.7125 1.5
vertex 200.15 -162.7125 1.5
endloop
endfacet
facet normal 0 0 1
outer loop
vertex 226.61246689999984 -166.71179079999993 1.5
vertex 200.15 -162.7125 1.5
vertex 195.1 -162.7125 1.5
endloop
endfacet
facet normal 0 0 1
outer loop
vertex 226.61246689999984 -166.71179079999993 1.5
vertex 195.1 -162.7125 1.5
vertex 195.1 -166.71179079999993 1.5
endloop
endfacet
facet normal 0 0 1
outer loop
vertex 390.65 -166.71179079999993 1.5
vertex 390.65 -162.7125 1.5
vertex 385.6 -162.7125 1.5
endloop
endfacet
facet normal 0 0 1
outer loop
vertex 390.65 -166.71179079999993 1.5
vertex 385.6 -162.7125 1.5
vertex 371.6 -162.7125 1.5
endloop
endfacet
facet normal 0 0 1
outer loop
vertex 390.65 -166.71179079999993 1.5
vertex 371.6 -162.7125 1.5
vertex 357.5217147265103 -162.7125 1.5
endloop
endfacet
facet normal 0 0 1
outer loop
vertex 390.65 -166.71179079999993 1.5
vertex 357.5217147265103 -162.7125 1.5
vertex 359.1375331 -166.71179079999993 1.5
endloop
endfacet
facet normal 0 0 1
outer loop
vertex 250.47509630000002 -171.2163972 1.5
vertex 255.42065529124784 -158.9757092 1.5
vertex 244.8375331 -158.9757092 1.5
endloop
endfacet
facet normal 0 0 1
outer loop
vertex 250.47509630000002 -171.2163972 1.5
vertex 244.8375331 -158.9757092 1.5
vertex 239.89197410875215 -171.2163972 1.5
endloop
endfacet
facet normal 0 0 1
outer loop
vertex 345.8580258912479 -171.2163972 1.5
vertex 340.9124669 -158.9757092 1.5
vertex 330.3293447087521 -158.9757092 1.5
endloop
endfacet
facet normal 0 0 1
outer loop
vertex 345.8580258912479 -171.2163972 1.5
vertex 330.3293447087521 -158.9757092 1.5
vertex 335.27490369999987 -171.2163972 1.5
endloop
endfacet
facet normal 0 0 1
outer loop
vertex 255.42065529124784 -158.9757092 1.5
vertex 255.71958859999998 -158.23582329999996 1.5
vertex 243.0062512421701 -158.23582329999996 1.5
endloop
endfacet
facet normal 0 0 1
outer loop
vertex 255.42065529124784 -158.9757092 1.5
vertex 243.0062512421701 -158.23582329999996 1.5
vertex 244.8375331 -158.9757092 1.5
endloop
endfacet
facet normal 0 0 1
outer loop
vertex 272.42104627544506 -163.4803156 1.5
vertex 274.52043873568755 -158.23582329999996 1.5
vertex 255.71958859999998 -158.23582329999996 1.5
endloop
endfacet
facet normal 0 0 1
outer loop
vertex 272.42104627544506 -163.4803156 1.5
vertex 255.71958859999998 -158.23582329999996 1.5
vertex 268.7001625 -163.4803156 1.5
endloop
endfacet
facet normal 0 0 1
outer loop
vertex 317.0498375 -163.4803156 1.5
vertex 330.0304114 -158.23582329999996 1.5
vertex 311.2295612643125 -158.23582329999996 1.5
endloop
endfacet
facet normal 0 0 1
outer loop
vertex 317.0498375 -163.4803156 1.5
vertex 311.2295612643125 -158.23582329999996 1.5
vertex 313.32895372455494 -163.4803156 1.5
endloop
endfacet
facet normal 0 0 1
outer loop
vertex 340.9124669 -158.9757092 1.5
vertex 342.74374875782985 -158.23582329999996 1.5
vertex 330.0304114 -158.23582329999996 1.5
endloop
endfacet
facet normal 0 0 1
outer loop
vertex 340.9124669 -158.9757092 1.5
vertex 330.0304114 -158.23582329999996 1.5
vertex 330.3293447087521 -158.9757092 1.5
endloop
endfacet
facet normal 0 0 1
outer loop
vertex 143 -163 1.5
vertex 157 -163 1.5
vertex 162.05 -163 1.5
endloop
endfacet
facet normal 0 0 1
outer loop
vertex 143 -163 1.5
vertex 162.05 -163 1.5
vertex 176.05 -163 1.5
endloop
endfacet
facet normal 0 0 1
outer loop
vertex 143 -163 1.5
vertex 176.05 -163 1.5
vertex 181.1 -163 1.5
endloop
endfacet
facet normal 0 0 1
outer loop
vertex 143 -163 1.5
vertex 181.1 -163 1.5
vertex 181.1 -157.95 1.5
endloop
endfacet
facet normal 0 0 1
outer loop
vertex 143 -163 1.5
vertex 181.1 -157.95 1.5
vertex 176.05 -157.95 1.5
endloop
endfacet
facet normal 0 0 1
outer loop
vertex 143 -163 1.5
vertex 176.05 -157.95 1.5
vertex 162.05 -157.95 1.5
endloop
endfacet
facet normal 0 0 1
outer loop
vertex 143 -163 1.5
vertex 162.05 -157.95 1.5
vertex 157 -157.95 1.5
endloop
endfacet
facet normal 0 0 1
outer loop
vertex 143 -163 1.5
vertex 157 -157.95 1.5
vertex 143 -157.95 1.5
endloop
endfacet
facet normal 0 0 1
outer loop
vertex 143 -163 1.5
vertex 143 -157.95 1.5
vertex 139.475 -157.95 1.5
endloop
endfacet
facet normal 0 0 1
outer loop
vertex 143 -163 1.5
vertex 139.475 -157.95 1.5
vertex 139.475 -163 1.5
endloop
endfacet
facet normal 0 0 1
outer loop
vertex 409.7 -163 1.5
vertex 423.7 -163 1.5
vertex 428.75 -163 1.5
endloop
endfacet
facet normal 0 0 1
outer loop
vertex 409.7 -163 1.5
vertex 428.75 -163 1.5
vertex 442.75 -163 1.5
endloop
endfacet
facet normal 0 0 1
outer loop
vertex 409.7 -163 1.5
vertex 442.75 -163 1.5
vertex 446.275 -163 1.5
endloop
endfacet
facet normal 0 0 1
outer loop
vertex 409.7 -163 1.5
vertex 446.275 -163 1.5
vertex 446.275 -157.95 1.5
endloop
endfacet
facet normal 0 0 1
outer loop
vertex 409.7 -163 1.5
vertex 446.275 -157.95 1.5
vertex 442.75 -157.95 1.5
endloop
endfacet
facet normal 0 0 1
outer loop
vertex 409.7 -163 1.5
vertex 442.75 -157.95 1.5
vertex 428.75 -157.95 1.5
endloop
endfacet
facet normal 0 0 1
outer loop
vertex 409.7 -163 1.5
vertex 428.75 -157.95 1.5
vertex 423.7 -157.95 1.5
endloop
endfacet
facet normal 0 0 1
outer loop
vertex 409.7 -163 1.5
vertex 423.7 -157.95 1.5
vertex 409.7 -157.95 1.5
endloop
endfacet
facet normal 0 0 1
outer loop
vertex 409.7 -163 1.5
vertex 409.7 -157.95 1.5
vertex 404.65 -157.95 1.5
endloop
endfacet
facet normal 0 0 1
outer loop
vertex 409.7 -163 1.5
vertex 404.65 -157.95 1.5
vertex 404.65 -163 1.5
endloop
endfacet
facet normal 0 0 1
outer loop
vertex 228.2282852734897 -162.7125 1.5
vertex 231.8569592 -153.7312169 1.5
vertex 214.15 -153.7312169 1.5
endloop
endfacet
facet normal 0 0 1
outer loop
vertex 228.2282852734897 -162.7125 1.5
vertex 214.15 -153.7312169 1.5
vertex 214.15 -162.7125 1.5
endloop
endfacet
facet normal 0 0 1
outer loop
vertex 255.71958859999998 -158.23582329999996 1.5
vertex 274.52043873568755 -158.23582329999996 1.5
vertex 274.6817600000001 -157.83282664999967 1.5
endloop
endfacet
facet normal 0 0 1
outer loop
vertex 255.71958859999998 -158.23582329999996 1.5
vertex 274.6817600000001 -157.83282664999967 1.5
vertex 274.7609078878746 -157.59181758736497 1.5
endloop
endfacet
facet normal 0 0 1
outer loop
vertex 255.71958859999998 -158.23582329999996 1.5
vertex 274.7609078878746 -157.59181758736497 1.5
vertex 274.80891197548675 -157.34272851895832 1.5
endloop
endfacet
facet normal 0 0 1
outer loop
vertex 255.71958859999998 -158.23582329999996 1.5
vertex 274.80891197548675 -157.34272851895832 1.5
vertex 274.82499999999993 -157.08956330000166 1.5
endloop
endfacet
facet normal 0 0 1
outer loop
vertex 255.71958859999998 -158.23582329999996 1.5
vertex 274.82499999999993 -157.08956330000166 1.5
vertex 274.8249999351838 -153.7312169 1.5
endloop
endfacet
facet normal 0 0 1
outer loop
vertex 255.71958859999998 -158.23582329999996 1.5
vertex 274.8249999351838 -153.7312169 1.5
vertex 231.8569592 -153.7312169 1.5
endloop
endfacet
facet normal 0 0 1
outer loop
vertex 255.71958859999998 -158.23582329999996 1.5
vertex 231.8569592 -153.7312169 1.5
vertex 243.0062512421701 -158.23582329999996 1.5
endloop
endfacet
facet normal 0 0 1
outer loop
vertex 330.0304114 -158.23582329999996 1.5
vertex 342.74374875782985 -158.23582329999996 1.5
vertex 353.8930408 -153.7312169 1.5
endloop
endfacet
facet normal 0 0 1
outer loop
vertex 330.0304114 -158.23582329999996 1.5
vertex 353.8930408 -153.7312169 1.5
vertex 310.9250000648162 -153.7312169 1.5
endloop
endfacet
facet normal 0 0 1
outer loop
vertex 330.0304114 -158.23582329999996 1.5
vertex 310.9250000648162 -153.7312169 1.5
vertex 310.925 -157.08956330000166 1.5
endloop
endfacet
facet normal 0 0 1
outer loop
vertex 330.0304114 -158.23582329999996 1.5
vertex 310.925 -157.08956330000166 1.5
vertex 310.9410880245133 -157.34272851895832 1.5
endloop
endfacet
facet normal 0 0 1
outer loop
vertex 330.0304114 -158.23582329999996 1.5
vertex 310.9410880245133 -157.34272851895832 1.5
vertex 310.98909211212543 -157.59181758736497 1.5
endloop
endfacet
facet normal 0 0 1
outer loop
vertex 330.0304114 -158.23582329999996 1.5
vertex 310.98909211212543 -157.59181758736497 1.5
vertex 311.0682399999997 -157.83282664999967 1.5
endloop
endfacet
facet normal 0 0 1
outer loop
vertex 330.0304114 -158.23582329999996 1.5
vertex 311.0682399999997 -157.83282664999967 1.5
vertex 311.2295612643125 -158.23582329999996 1.5
endloop
endfacet
facet normal 0 0 1
outer loop
vertex 371.6 -162.7125 1.5
vertex 371.6 -153.7312169 1.5
vertex 353.8930408 -153.7312169 1.5
endloop
endfacet
facet normal 0 0 1
outer loop
vertex 371.6 -162.7125 1.5
vertex 353.8930408 -153.7312169 1.5
vertex 357.5217147265103 -162.7125 1.5
endloop
endfacet
facet normal 0 0 1
outer loop
vertex 181.1 -157.95 1.5
vertex 181.1 -153.475 1.5
vertex 176.05 -153.475 1.5
endloop
endfacet
facet normal 0 0 1
outer loop
vertex 181.1 -157.95 1.5
vertex 176.05 -153.475 1.5
vertex 176.05 -157.95 1.5
endloop
endfacet
facet normal 0 0 1
outer loop
vertex 200.15 -162.7125 1.5
vertex 200.15 -153.475 1.5
vertex 195.1 -153.475 1.5
endloop
endfacet
facet normal 0 0 1
outer loop
vertex 200.15 -162.7125 1.5
vertex 195.1 -153.475 1.5
vertex 195.1 -162.7125 1.5
endloop
endfacet
facet normal 0 0 1
outer loop
vertex 390.65 -162.7125 1.5
vertex 390.65 -153.475 1.5
vertex 385.6 -153.475 1.5
endloop
endfacet
facet normal 0 0 1
outer loop
vertex 390.65 -162.7125 1.5
vertex 385.6 -153.475 1.5
vertex 385.6 -162.7125 1.5
endloop
endfacet
facet normal 0 0 1
outer loop
vertex 409.7 -157.95 1.5
vertex 409.7 -153.475 1.5
vertex 404.65 -153.475 1.5
endloop
endfacet
facet normal 0 0 1
outer loop
vertex 409.7 -157.95 1.5
vertex 404.65 -153.475 1.5
vertex 404.65 -157.95 1.5
endloop
endfacet
facet normal 0 0 1
outer loop
vertex 181.1 -153.475 1.5
vertex 195.1 -153.475 1.5
vertex 200.15 -153.475 1.5
endloop
endfacet
facet normal 0 0 1
outer loop
vertex 181.1 -153.475 1.5
vertex 200.15 -153.475 1.5
vertex 200.15 -148.7125 1.5
endloop
endfacet
facet normal 0 0 1
outer loop
vertex 181.1 -153.475 1.5
vertex 200.15 -148.7125 1.5
vertex 176.05 -148.7125 1.5
endloop
endfacet
facet normal 0 0 1
outer loop
vertex 181.1 -153.475 1.5
vertex 176.05 -148.7125 1.5
vertex 176.05 -153.475 1.5
endloop
endfacet
facet normal 0 0 1
outer loop
vertex 231.8569592 -153.7312169 1.5
vertex 274.8249999351838 -153.7312169 1.5
vertex 274.82499983832247 -148.7125 1.5
endloop
endfacet
facet normal 0 0 1
outer loop
vertex 231.8569592 -153.7312169 1.5
vertex 274.82499983832247 -148.7125 1.5
vertex 214.15 -148.7125 1.5
endloop
endfacet
facet normal 0 0 1
outer loop
vertex 231.8569592 -153.7312169 1.5
vertex 214.15 -148.7125 1.5
vertex 214.15 -153.7312169 1.5
endloop
endfacet
facet normal 0 0 1
outer loop
vertex 353.8930408 -153.7312169 1.5
vertex 371.6 -153.7312169 1.5
vertex 371.6 -148.7125 1.5
endloop
endfacet
facet normal 0 0 1
outer loop
vertex 353.8930408 -153.7312169 1.5
vertex 371.6 -148.7125 1.5
vertex 310.9250001616775 -148.7125 1.5
endloop
endfacet
facet normal 0 0 1
outer loop
vertex 353.8930408 -153.7312169 1.5
vertex 310.9250001616775 -148.7125 1.5
vertex 310.9250000648162 -153.7312169 1.5
endloop
endfacet
facet normal 0 0 1
outer loop
vertex 390.65 -153.475 1.5
vertex 404.65 -153.475 1.5
vertex 409.7 -153.475 1.5
endloop
endfacet
facet normal 0 0 1
outer loop
vertex 390.65 -153.475 1.5
vertex 409.7 -153.475 1.5
vertex 409.7 -148.7125 1.5
endloop
endfacet
facet normal 0 0 1
outer loop
vertex 390.65 -153.475 1.5
vertex 409.7 -148.7125 1.5
vertex 385.6 -148.7125 1.5
endloop
endfacet
facet normal 0 0 1
outer loop
vertex 390.65 -153.475 1.5
vertex 385.6 -148.7125 1.5
vertex 385.6 -153.475 1.5
endloop
endfacet
facet normal 0 0 1
outer loop
vertex 200.15 -148.7125 1.5
vertex 214.15 -148.7125 1.5
vertex 274.82499983832247 -148.7125 1.5
endloop
endfacet
facet normal 0 0 1
outer loop
vertex 200.15 -148.7125 1.5
vertex 274.82499983832247 -148.7125 1.5
vertex 274.82499983277376 -148.425 1.5
endloop
endfacet
facet normal 0 0 1
outer loop
vertex 200.15 -148.7125 1.5
vertex 274.82499983277376 -148.425 1.5
vertex 252.25 -148.425 1.5
endloop
endfacet
facet normal 0 0 1
outer loop
vertex 200.15 -148.7125 1.5
vertex 252.25 -148.425 1.5
vertex 238.25 -148.425 1.5
endloop
endfacet
facet normal 0 0 1
outer loop
vertex 200.15 -148.7125 1.5
vertex 238.25 -148.425 1.5
vertex 195.1 -148.425 1.5
endloop
endfacet
facet normal 0 0 1
outer loop
vertex 200.15 -148.7125 1.5
vertex 195.1 -148.425 1.5
vertex 181.1 -148.425 1.5
endloop
endfacet
facet normal 0 0 1
outer loop
vertex 200.15 -148.7125 1.5
vertex 181.1 -148.425 1.5
vertex 176.05 -148.425 1.5
endloop
endfacet
facet normal 0 0 1
outer loop
vertex 200.15 -148.7125 1.5
vertex 176.05 -148.425 1.5
vertex 176.05 -148.7125 1.5
endloop
endfacet
facet normal 0 0 1
outer loop
vertex 371.6 -148.7125 1.5
vertex 385.6 -148.7125 1.5
vertex 409.7 -148.7125 1.5
endloop
endfacet
facet normal 0 0 1
outer loop
vertex 371.6 -148.7125 1.5
vertex 409.7 -148.7125 1.5
vertex 409.7 -148.425 1.5
endloop
endfacet
facet normal 0 0 1
outer loop
vertex 371.6 -148.7125 1.5
vertex 409.7 -148.425 1.5
vertex 404.65 -148.425 1.5
endloop
endfacet
facet normal 0 0 1
outer loop
vertex 371.6 -148.7125 1.5
vertex 404.65 -148.425 1.5
vertex 390.65 -148.425 1.5
endloop
endfacet
facet normal 0 0 1
outer loop
vertex 371.6 -148.7125 1.5
vertex 390.65 -148.425 1.5
vertex 347.5 -148.425 1.5
endloop
endfacet
facet normal 0 0 1
outer loop
vertex 371.6 -148.7125 1.5
vertex 347.5 -148.425 1.5
vertex 333.5 -148.425 1.5
endloop
endfacet
facet normal 0 0 1
outer loop
vertex 371.6 -148.7125 1.5
vertex 333.5 -148.425 1.5
vertex 310.92500016722624 -148.425 1.5
endloop
endfacet
facet normal 0 0 1
outer loop
vertex 371.6 -148.7125 1.5
vertex 310.92500016722624 -148.425 1.5
vertex 310.9250001616775 -148.7125 1.5
endloop
endfacet
facet normal 0 0 1
outer loop
vertex 238.25 -148.425 1.5
vertex 238.25 -146.04375 1.5
vertex 233.2 -146.04375 1.5
endloop
endfacet
facet normal 0 0 1
outer loop
vertex 238.25 -148.425 1.5
vertex 233.2 -146.04375 1.5
vertex 219.2 -146.04375 1.5
endloop
endfacet
facet normal 0 0 1
outer loop
vertex 238.25 -148.425 1.5
vertex 219.2 -146.04375 1.5
vertex 195.1 -146.04375 1.5
endloop
endfacet
facet normal 0 0 1
outer loop
vertex 238.25 -148.425 1.5
vertex 195.1 -146.04375 1.5
vertex 195.1 -148.425 1.5
endloop
endfacet
facet normal 0 0 1
outer loop
vertex 390.65 -148.425 1.5
vertex 390.65 -146.04375 1.5
vertex 366.55 -146.04375 1.5
endloop
endfacet
facet normal 0 0 1
outer loop
vertex 390.65 -148.425 1.5
vertex 366.55 -146.04375 1.5
vertex 352.55 -146.04375 1.5
endloop
endfacet
facet normal 0 0 1
outer loop
vertex 390.65 -148.425 1.5
vertex 352.55 -146.04375 1.5
vertex 347.5 -146.04375 1.5
endloop
endfacet
facet normal 0 0 1
outer loop
vertex 390.65 -148.425 1.5
vertex 347.5 -146.04375 1.5
vertex 347.5 -148.425 1.5
endloop
endfacet
facet normal 0 0 1
outer loop
vertex 143 -157.95 1.5
vertex 143 -143.95 1.5
vertex 139.475 -143.95 1.5
endloop
endfacet
facet normal 0 0 1
outer loop
vertex 143 -157.95 1.5
vertex 139.475 -143.95 1.5
vertex 139.475 -157.95 1.5
endloop
endfacet
facet normal 0 0 1
outer loop
vertex 162.05 -157.95 1.5
vertex 162.05 -143.95 1.5
vertex 157 -143.95 1.5
endloop
endfacet
facet normal 0 0 1
outer loop
vertex 162.05 -157.95 1.5
vertex 157 -143.95 1.5
vertex 157 -157.95 1.5
endloop
endfacet
facet normal 0 0 1
outer loop
vertex 181.1 -148.425 1.5
vertex 181.1 -143.95 1.5
vertex 176.05 -143.95 1.5
endloop
endfacet
facet normal 0 0 1
outer loop
vertex 181.1 -148.425 1.5
vertex 176.05 -143.95 1.5
vertex 176.05 -148.425 1.5
endloop
endfacet
facet normal 0 0 1
outer loop
vertex 409.7 -148.425 1.5
vertex 409.7 -143.95 1.5
vertex 404.65 -143.95 1.5
endloop
endfacet
facet normal 0 0 1
outer loop
vertex 409.7 -148.425 1.5
vertex 404.65 -143.95 1.5
vertex 404.65 -148.425 1.5
endloop
endfacet
facet normal 0 0 1
outer loop
vertex 428.75 -157.95 1.5
vertex 428.75 -143.95 1.5
vertex 423.7 -143.95 1.5
endloop
endfacet
facet normal 0 0 1
outer loop
vertex 428.75 -157.95 1.5
vertex 423.7 -143.95 1.5
vertex 423.7 -157.95 1.5
endloop
endfacet
facet normal 0 0 1
outer loop
vertex 446.275 -157.95 1.5
vertex 446.275 -143.95 1.5
vertex 442.75 -143.95 1.5
endloop
endfacet
facet normal 0 0 1
outer loop
vertex 446.275 -157.95 1.5
vertex 442.75 -143.95 1.5
vertex 442.75 -157.95 1.5
endloop
endfacet
facet normal 0 0 1
outer loop
vertex 219.2 -146.04375 1.5
vertex 219.2 -143.6625 1.5
vertex 214.15 -143.6625 1.5
endloop
endfacet
facet normal 0 0 1
outer loop
vertex 219.2 -146.04375 1.5
vertex 214.15 -143.6625 1.5
vertex 200.15 -143.6625 1.5
endloop
endfacet
facet normal 0 0 1
outer loop
vertex 219.2 -146.04375 1.5
vertex 200.15 -143.6625 1.5
vertex 195.1 -143.6625 1.5
endloop
endfacet
facet normal 0 0 1
outer loop
vertex 219.2 -146.04375 1.5
vertex 195.1 -143.6625 1.5
vertex 195.1 -146.04375 1.5
endloop
endfacet
facet normal 0 0 1
outer loop
vertex 390.65 -146.04375 1.5
vertex 390.65 -143.6625 1.5
vertex 385.6 -143.6625 1.5
endloop
endfacet
facet normal 0 0 1
outer loop
vertex 390.65 -146.04375 1.5
vertex 385.6 -143.6625 1.5
vertex 371.6 -143.6625 1.5
endloop
endfacet
facet normal 0 0 1
outer loop
vertex 390.65 -146.04375 1.5
vertex 371.6 -143.6625 1.5
vertex 366.55 -143.6625 1.5
endloop
endfacet
facet normal 0 0 1
outer loop
vertex 390.65 -146.04375 1.5
vertex 366.55 -143.6625 1.5
vertex 366.55 -146.04375 1.5
endloop
endfacet
facet normal 0 0 1
outer loop
vertex 143 -143.95 1.5
vertex 157 -143.95 1.5
vertex 162.05 -143.95 1.5
endloop
endfacet
facet normal 0 0 1
outer loop
vertex 143 -143.95 1.5
vertex 162.05 -143.95 1.5
vertex 176.05 -143.95 1.5
endloop
endfacet
facet normal 0 0 1
outer loop
vertex 143 -143.95 1.5
vertex 176.05 -143.95 1.5
vertex 181.1 -143.95 1.5
endloop
endfacet
facet normal 0 0 1
outer loop
vertex 143 -143.95 1.5
vertex 181.1 -143.95 1.5
vertex 181.1 -138.9 1.5
endloop
endfacet
facet normal 0 0 1
outer loop
vertex 143 -143.95 1.5
vertex 181.1 -138.9 1.5
vertex 176.05 -138.9 1.5
endloop
endfacet
facet normal 0 0 1
outer loop
vertex 143 -143.95 1.5
vertex 176.05 -138.9 1.5
vertex 162.05 -138.9 1.5
endloop
endfacet
facet normal 0 0 1
outer loop
vertex 143 -143.95 1.5
vertex 162.05 -138.9 1.5
vertex 157 -138.9 1.5
endloop
endfacet
facet normal 0 0 1
outer loop
vertex 143 -143.95 1.5
vertex 157 -138.9 1.5
vertex 143 -138.9 1.5
endloop
endfacet
facet normal 0 0 1
outer loop
vertex 143 -143.95 1.5
vertex 143 -138.9 1.5
vertex 139.475 -138.9 1.5
endloop
endfacet
facet normal 0 0 1
outer loop
vertex 143 -143.95 1.5
vertex 139.475 -138.9 1.5
vertex 139.475 -143.95 1.5
endloop
endfacet
facet normal 0 0 1
outer loop
vertex 274.82499983277376 -148.425 1.5
vertex 274.82499964894106 -138.9 1.5
vertex 271.3 -138.9 1.5
endloop
endfacet
facet normal 0 0 1
outer loop
vertex 274.82499983277376 -148.425 1.5
vertex 271.3 -138.9 1.5
vertex 257.3 -138.9 1.5
endloop
endfacet
facet normal 0 0 1
outer loop
vertex 274.82499983277376 -148.425 1.5
vertex 257.3 -138.9 1.5
vertex 252.25 -138.9 1.5
endloop
endfacet
facet normal 0 0 1
outer loop
vertex 274.82499983277376 -148.425 1.5
vertex 252.25 -138.9 1.5
vertex 252.25 -148.425 1.5
endloop
endfacet
facet normal 0 0 1
outer loop
vertex 333.5 -148.425 1.5
vertex 333.5 -138.9 1.5
vertex 328.45 -138.9 1.5
endloop
endfacet
facet normal 0 0 1
outer loop
vertex 333.5 -148.425 1.5
vertex 328.45 -138.9 1.5
vertex 314.45 -138.9 1.5
endloop
endfacet
facet normal 0 0 1
outer loop
vertex 333.5 -148.425 1.5
vertex 314.45 -138.9 1.5
vertex 310.92500035105894 -138.9 1.5
endloop
endfacet
facet normal 0 0 1
outer loop
vertex 333.5 -148.425 1.5
vertex 310.92500035105894 -138.9 1.5
vertex 310.92500016722624 -148.425 1.5
endloop
endfacet
facet normal 0 0 1
outer loop
vertex 409.7 -143.95 1.5
vertex 423.7 -143.95 1.5
vertex 428.75 -143.95 1.5
endloop
endfacet
facet normal 0 0 1
outer loop
vertex 409.7 -143.95 1.5
vertex 428.75 -143.95 1.5
vertex 442.75 -143.95 1.5
endloop
endfacet
facet normal 0 0 1
outer loop
vertex 409.7 -143.95 1.5
vertex 442.75 -143.95 1.5
vertex 446.275 -143.95 1.5
endloop
endfacet
facet normal 0 0 1
outer loop
vertex 409.7 -143.95 1.5
vertex 446.275 -143.95 1.5
vertex 446.275 -138.9 1.5
endloop
endfacet
facet normal 0 0 1
outer loop
vertex 409.7 -143.95 1.5
vertex 446.275 -138.9 1.5
vertex 442.75 -138.9 1.5
endloop
endfacet
facet normal 0 0 1
outer loop
vertex 409.7 -143.95 1.5
vertex 442.75 -138.9 1.5
vertex 428.75 -138.9 1.5
endloop
endfacet
facet normal 0 0 1
outer loop
vertex 409.7 -143.95 1.5
vertex 428.75 -138.9 1.5
vertex 423.7 -138.9 1.5
endloop
endfacet
facet normal 0 0 1
outer loop
vertex 409.7 -143.95 1.5
vertex 423.7 -138.9 1.5
vertex 409.7 -138.9 1.5
endloop
endfacet
facet normal 0 0 1
outer loop
vertex 409.7 -143.95 1.5
vertex 409.7 -138.9 1.5
vertex 404.65 -138.9 1.5
endloop
endfacet
facet normal 0 0 1
outer loop
vertex 409.7 -143.95 1.5
vertex 404.65 -138.9 1.5
vertex 404.65 -143.95 1.5
endloop
endfacet
facet normal 0 0 1
outer loop
vertex 181.1 -138.9 1.5
vertex 181.1 -134.425 1.5
vertex 176.05 -134.425 1.5
endloop
endfacet
facet normal 0 0 1
outer loop
vertex 181.1 -138.9 1.5
vertex 176.05 -134.425 1.5
vertex 176.05 -138.9 1.5
endloop
endfacet
facet normal 0 0 1
outer loop
vertex 200.15 -143.6625 1.5
vertex 200.15 -134.425 1.5
vertex 195.1 -134.425 1.5
endloop
endfacet
facet normal 0 0 1
outer loop
vertex 200.15 -143.6625 1.5
vertex 195.1 -134.425 1.5
vertex 195.1 -143.6625 1.5
endloop
endfacet
facet normal 0 0 1
outer loop
vertex 238.25 -146.04375 1.5
vertex 238.25 -134.425 1.5
vertex 233.2 -134.425 1.5
endloop
endfacet
facet normal 0 0 1
outer loop
vertex 238.25 -146.04375 1.5
vertex 233.2 -134.425 1.5
vertex 233.2 -146.04375 1.5
endloop
endfacet
facet normal 0 0 1
outer loop
vertex 257.3 -138.9 1.5
vertex 257.3 -134.425 1.5
vertex 252.25 -134.425 1.5
endloop
endfacet
facet normal 0 0 1
outer loop
vertex 257.3 -138.9 1.5
vertex 252.25 -134.425 1.5
vertex 252.25 -138.9 1.5
endloop
endfacet
facet normal 0 0 1
outer loop
vertex 333.5 -138.9 1.5
vertex 333.5 -134.425 1.5
vertex 328.45 -134.425 1.5
endloop
endfacet
facet normal 0 0 1
outer loop
vertex 333.5 -138.9 1.5
vertex 328.45 -134.425 1.5
vertex 328.45 -138.9 1.5
endloop
endfacet
facet normal 0 0 1
outer loop
vertex 352.55 -146.04375 1.5
vertex 352.55 -134.425 1.5
vertex 347.5 -134.425 1.5
endloop
endfacet
facet normal 0 0 1
outer loop
vertex 352.55 -146.04375 1.5
vertex 347.5 -134.425 1.5
vertex 347.5 -146.04375 1.5
endloop
endfacet
facet normal 0 0 1
outer loop
vertex 390.65 -143.6625 1.5
vertex 390.65 -134.425 1.5
vertex 385.6 -134.425 1.5
endloop
endfacet
facet normal 0 0 1
outer loop
vertex 390.65 -143.6625 1.5
vertex 385.6 -134.425 1.5
vertex 385.6 -143.6625 1.5
endloop
endfacet
facet normal 0 0 1
outer loop
vertex 409.7 -138.9 1.5
vertex 409.7 -134.425 1.5
vertex 404.65 -134.425 1.5
endloop
endfacet
facet normal 0 0 1
outer loop
vertex 409.7 -138.9 1.5
vertex 404.65 -134.425 1.5
vertex 404.65 -138.9 1.5
endloop
endfacet
facet normal 0 0 1
outer loop
vertex 219.2 -143.6625 1.5
vertex 219.2 -132.04375 1.5
vertex 214.15 -132.04375 1.5
endloop
endfacet
facet normal 0 0 1
outer loop
vertex 219.2 -143.6625 1.5
vertex 214.15 -132.04375 1.5
vertex 214.15 -143.6625 1.5
endloop
endfacet
facet normal 0 0 1
outer loop
vertex 238.25 -134.425 1.5
vertex 252.25 -134.425 1.5
vertex 257.3 -134.425 1.5
endloop
endfacet
facet normal 0 0 1
outer loop
vertex 238.25 -134.425 1.5
vertex 257.3 -134.425 1.5
vertex 257.3 -132.04375 1.5
endloop
endfacet
facet normal 0 0 1
outer loop
vertex 238.25 -134.425 1.5
vertex 257.3 -132.04375 1.5
vertex 233.2 -132.04375 1.5
endloop
endfacet
facet normal 0 0 1
outer loop
vertex 238.25 -134.425 1.5
vertex 233.2 -132.04375 1.5
vertex 233.2 -134.425 1.5
endloop
endfacet
facet normal 0 0 1
outer loop
vertex 333.5 -134.425 1.5
vertex 347.5 -134.425 1.5
vertex 352.55 -134.425 1.5
endloop
endfacet
facet normal 0 0 1
outer loop
vertex 333.5 -134.425 1.5
vertex 352.55 -134.425 1.5
vertex 352.55 -132.04375 1.5
endloop
endfacet
facet normal 0 0 1
outer loop
vertex 333.5 -134.425 1.5
vertex 352.55 -132.04375 1.5
vertex 328.45 -132.04375 1.5
endloop
endfacet
facet normal 0 0 1
outer loop
vertex 333.5 -134.425 1.5
vertex 328.45 -132.04375 1.5
vertex 328.45 -134.425 1.5
endloop
endfacet
facet normal 0 0 1
outer loop
vertex 371.6 -143.6625 1.5
vertex 371.6 -132.04375 1.5
vertex 366.55 -132.04375 1.5
endloop
endfacet
facet normal 0 0 1
outer loop
vertex 371.6 -143.6625 1.5
vertex 366.55 -132.04375 1.5
vertex 366.55 -143.6625 1.5
endloop
endfacet
facet normal 0 0 1
outer loop
vertex 181.1 -134.425 1.5
vertex 195.1 -134.425 1.5
vertex 200.15 -134.425 1.5
endloop
endfacet
facet normal 0 0 1
outer loop
vertex 181.1 -134.425 1.5
vertex 200.15 -134.425 1.5
vertex 200.15 -129.6625 1.5
endloop
endfacet
facet normal 0 0 1
outer loop
vertex 181.1 -134.425 1.5
vertex 200.15 -129.6625 1.5
vertex 176.05 -129.6625 1.5
endloop
endfacet
facet normal 0 0 1
outer loop
vertex 181.1 -134.425 1.5
vertex 176.05 -129.6625 1.5
vertex 176.05 -134.425 1.5
endloop
endfacet
facet normal 0 0 1
outer loop
vertex 219.2 -132.04375 1.5
vertex 233.2 -132.04375 1.5
vertex 257.3 -132.04375 1.5
endloop
endfacet
facet normal 0 0 1
outer loop
vertex 219.2 -132.04375 1.5
vertex 257.3 -132.04375 1.5
vertex 257.3 -129.6625 1.5
endloop
endfacet
facet normal 0 0 1
outer loop
vertex 219.2 -132.04375 1.5
vertex 257.3 -129.6625 1.5
vertex 214.15 -129.6625 1.5
endloop
endfacet
facet normal 0 0 1
outer loop
vertex 219.2 -132.04375 1.5
vertex 214.15 -129.6625 1.5
vertex 214.15 -132.04375 1.5
endloop
endfacet
facet normal 0 0 1
outer loop
vertex 352.55 -132.04375 1.5
vertex 366.55 -132.04375 1.5
vertex 371.6 -132.04375 1.5
endloop
endfacet
facet normal 0 0 1
outer loop
vertex 352.55 -132.04375 1.5
vertex 371.6 -132.04375 1.5
vertex 371.6 -129.6625 1.5
endloop
endfacet
facet normal 0 0 1
outer loop
vertex 352.55 -132.04375 1.5
vertex 371.6 -129.6625 1.5
vertex 328.45 -129.6625 1.5
endloop
endfacet
facet normal 0 0 1
outer loop
vertex 352.55 -132.04375 1.5
vertex 328.45 -129.6625 1.5
vertex 328.45 -132.04375 1.5
endloop
endfacet
facet normal 0 0 1
outer loop
vertex 390.65 -134.425 1.5
vertex 404.65 -134.425 1.5
vertex 409.7 -134.425 1.5
endloop
endfacet
facet normal 0 0 1
outer loop
vertex 390.65 -134.425 1.5
vertex 409.7 -134.425 1.5
vertex 409.7 -129.6625 1.5
endloop
endfacet
facet normal 0 0 1
outer loop
vertex 390.65 -134.425 1.5
vertex 409.7 -129.6625 1.5
vertex 385.6 -129.6625 1.5
endloop
endfacet
facet normal 0 0 1
outer loop
vertex 390.65 -134.425 1.5
vertex 385.6 -129.6625 1.5
vertex 385.6 -134.425 1.5
endloop
endfacet
facet normal 0 0 1
outer loop
vertex 200.15 -129.6625 1.5
vertex 214.15 -129.6625 1.5
vertex 257.3 -129.6625 1.5
endloop
endfacet
facet normal 0 0 1
outer loop
vertex 200.15 -129.6625 1.5
vertex 257.3 -129.6625 1.5
vertex 257.3 -129.375 1.5
endloop
endfacet
facet normal 0 0 1
outer loop
vertex 200.15 -129.6625 1.5
vertex 257.3 -129.375 1.5
vertex 252.25 -129.375 1.5
endloop
endfacet
facet normal 0 0 1
outer loop
vertex 200.15 -129.6625 1.5
vertex 252.25 -129.375 1.5
vertex 238.25 -129.375 1.5
endloop
endfacet
facet normal 0 0 1
outer loop
vertex 200.15 -129.6625 1.5
vertex 238.25 -129.375 1.5
vertex 195.1 -129.375 1.5
endloop
endfacet
facet normal 0 0 1
outer loop
vertex 200.15 -129.6625 1.5
vertex 195.1 -129.375 1.5
vertex 181.1 -129.375 1.5
endloop
endfacet
facet normal 0 0 1
outer loop
vertex 200.15 -129.6625 1.5
vertex 181.1 -129.375 1.5
vertex 176.05 -129.375 1.5
endloop
endfacet
facet normal 0 0 1
outer loop
vertex 200.15 -129.6625 1.5
vertex 176.05 -129.375 1.5
vertex 176.05 -129.6625 1.5
endloop
endfacet
facet normal 0 0 1
outer loop
vertex 371.6 -129.6625 1.5
vertex 385.6 -129.6625 1.5
vertex 409.7 -129.6625 1.5
endloop
endfacet
facet normal 0 0 1
outer loop
vertex 371.6 -129.6625 1.5
vertex 409.7 -129.6625 1.5
vertex 409.7 -129.375 1.5
endloop
endfacet
facet normal 0 0 1
outer loop
vertex 371.6 -129.6625 1.5
vertex 409.7 -129.375 1.5
vertex 404.65 -129.375 1.5
endloop
endfacet
facet normal 0 0 1
outer loop
vertex 371.6 -129.6625 1.5
vertex 404.65 -129.375 1.5
vertex 390.65 -129.375 1.5
endloop
endfacet
facet normal 0 0 1
outer loop
vertex 371.6 -129.6625 1.5
vertex 390.65 -129.375 1.5
vertex 347.5 -129.375 1.5
endloop
endfacet
facet normal 0 0 1
outer loop
vertex 371.6 -129.6625 1.5
vertex 347.5 -129.375 1.5
vertex 333.5 -129.375 1.5
endloop
endfacet
facet normal 0 0 1
outer loop
vertex 371.6 -129.6625 1.5
vertex 333.5 -129.375 1.5
vertex 328.45 -129.375 1.5
endloop
endfacet
facet normal 0 0 1
outer loop
vertex 371.6 -129.6625 1.5
vertex 328.45 -129.375 1.5
vertex 328.45 -129.6625 1.5
endloop
endfacet
facet normal 0 0 1
outer loop
vertex 238.25 -129.375 1.5
vertex 238.25 -126.99375 1.5
vertex 233.2 -126.99375 1.5
endloop
endfacet
facet normal 0 0 1
outer loop
vertex 238.25 -129.375 1.5
vertex 233.2 -126.99375 1.5
vertex 219.2 -126.99375 1.5
endloop
endfacet
facet normal 0 0 1
outer loop
vertex 238.25 -129.375 1.5
vertex 219.2 -126.99375 1.5
vertex 195.1 -126.99375 1.5
endloop
endfacet
facet normal 0 0 1
outer loop
vertex 238.25 -129.375 1.5
vertex 195.1 -126.99375 1.5
vertex 195.1 -129.375 1.5
endloop
endfacet
facet normal 0 0 1
outer loop
vertex 390.65 -129.375 1.5
vertex 390.65 -126.99375 1.5
vertex 366.55 -126.99375 1.5
endloop
endfacet
facet normal 0 0 1
outer loop
vertex 390.65 -129.375 1.5
vertex 366.55 -126.99375 1.5
vertex 352.55 -126.99375 1.5
endloop
endfacet
facet normal 0 0 1
outer loop
vertex 390.65 -129.375 1.5
vertex 352.55 -126.99375 1.5
vertex 347.5 -126.99375 1.5
endloop
endfacet
facet normal 0 0 1
outer loop
vertex 390.65 -129.375 1.5
vertex 347.5 -126.99375 1.5
vertex 347.5 -129.375 1.5
endloop
endfacet
facet normal 0 0 1
outer loop
vertex 143 -138.9 1.5
vertex 143 -124.9 1.5
vertex 139.475 -124.9 1.5
endloop
endfacet
facet normal 0 0 1
outer loop
vertex 143 -138.9 1.5
vertex 139.475 -124.9 1.5
vertex 139.475 -138.9 1.5
endloop
endfacet
facet normal 0 0 1
outer loop
vertex 162.05 -138.9 1.5
vertex 162.05 -124.9 1.5
vertex 157 -124.9 1.5
endloop
endfacet
facet normal 0 0 1
outer loop
vertex 162.05 -138.9 1.5
vertex 157 -124.9 1.5
vertex 157 -138.9 1.5
endloop
endfacet
facet normal 0 0 1
outer loop
vertex 181.1 -129.375 1.5
vertex 181.1 -124.9 1.5
vertex 176.05 -124.9 1.5
endloop
endfacet
facet normal 0 0 1
outer loop
vertex 181.1 -129.375 1.5
vertex 176.05 -124.9 1.5
vertex 176.05 -129.375 1.5
endloop
endfacet
facet normal 0 0 1
outer loop
vertex 257.3 -129.375 1.5
vertex 257.3 -124.9 1.5
vertex 252.25 -124.9 1.5
endloop
endfacet
facet normal 0 0 1
outer loop
vertex 257.3 -129.375 1.5
vertex 252.25 -124.9 1.5
vertex 252.25 -129.375 1.5
endloop
endfacet
facet normal 0 0 1
outer loop
vertex 274.82499964894106 -138.9 1.5
vertex 274.8249993787408 -124.9 1.5
vertex 271.3 -124.9 1.5
endloop
endfacet
facet normal 0 0 1
outer loop
vertex 274.82499964894106 -138.9 1.5
vertex 271.3 -124.9 1.5
vertex 271.3 -138.9 1.5
endloop
endfacet
facet normal 0 0 1
outer loop
vertex 314.45 -138.9 1.5
vertex 314.45 -124.9 1.5
vertex 310.9250006212592 -124.9 1.5
endloop
endfacet
facet normal 0 0 1
outer loop
vertex 314.45 -138.9 1.5
vertex 310.9250006212592 -124.9 1.5
vertex 310.92500035105894 -138.9 1.5
endloop
endfacet
facet normal 0 0 1
outer loop
vertex 333.5 -129.375 1.5
vertex 333.5 -124.9 1.5
vertex 328.45 -124.9 1.5
endloop
endfacet
facet normal 0 0 1
outer loop
vertex 333.5 -129.375 1.5
vertex 328.45 -124.9 1.5
vertex 328.45 -129.375 1.5
endloop
endfacet
facet normal 0 0 1
outer loop
vertex 409.7 -129.375 1.5
vertex 409.7 -124.9 1.5
vertex 404.65 -124.9 1.5
endloop
endfacet
facet normal 0 0 1
outer loop
vertex 409.7 -129.375 1.5
vertex 404.65 -124.9 1.5
vertex 404.65 -129.375 1.5
endloop
endfacet
facet normal 0 0 1
outer loop
vertex 428.75 -138.9 1.5
vertex 428.75 -124.9 1.5
vertex 423.7 -124.9 1.5
endloop
endfacet
facet normal 0 0 1
outer loop
vertex 428.75 -138.9 1.5
vertex 423.7 -124.9 1.5
vertex 423.7 -138.9 1.5
endloop
endfacet
facet normal 0 0 1
outer loop
vertex 446.275 -138.9 1.5
vertex 446.275 -124.9 1.5
vertex 442.75 -124.9 1.5
endloop
endfacet
facet normal 0 0 1
outer loop
vertex 446.275 -138.9 1.5
vertex 442.75 -124.9 1.5
vertex 442.75 -138.9 1.5
endloop
endfacet
facet normal 0 0 1
outer loop
vertex 219.2 -126.99375 1.5
vertex 219.2 -124.6125 1.5
vertex 214.15 -124.6125 1.5
endloop
endfacet
facet normal 0 0 1
outer loop
vertex 219.2 -126.99375 1.5
vertex 214.15 -124.6125 1.5
vertex 200.15 -124.6125 1.5
endloop
endfacet
facet normal 0 0 1
outer loop
vertex 219.2 -126.99375 1.5
vertex 200.15 -124.6125 1.5
vertex 195.1 -124.6125 1.5
endloop
endfacet
facet normal 0 0 1
outer loop
vertex 219.2 -126.99375 1.5
vertex 195.1 -124.6125 1.5
vertex 195.1 -126.99375 1.5
endloop
endfacet
facet normal 0 0 1
outer loop
vertex 390.65 -126.99375 1.5
vertex 390.65 -124.6125 1.5
vertex 385.6 -124.6125 1.5
endloop
endfacet
facet normal 0 0 1
outer loop
vertex 390.65 -126.99375 1.5
vertex 385.6 -124.6125 1.5
vertex 371.6 -124.6125 1.5
endloop
endfacet
facet normal 0 0 1
outer loop
vertex 390.65 -126.99375 1.5
vertex 371.6 -124.6125 1.5
vertex 366.55 -124.6125 1.5
endloop
endfacet
facet normal 0 0 1
outer loop
vertex 390.65 -126.99375 1.5
vertex 366.55 -124.6125 1.5
vertex 366.55 -126.99375 1.5
endloop
endfacet
facet normal 0 0 1
outer loop
vertex 143 -124.9 1.5
vertex 157 -124.9 1.5
vertex 162.05 -124.9 1.5
endloop
endfacet
facet normal 0 0 1
outer loop
vertex 143 -124.9 1.5
vertex 162.05 -124.9 1.5
vertex 176.05 -124.9 1.5
endloop
endfacet
facet normal 0 0 1
outer loop
vertex 143 -124.9 1.5
vertex 176.05 -124.9 1.5
vertex 181.1 -124.9 1.5
endloop
endfacet
facet normal 0 0 1
outer loop
vertex 143 -124.9 1.5
vertex 181.1 -124.9 1.5
vertex 181.1 -119.85 1.5
endloop
endfacet
facet normal 0 0 1
outer loop
vertex 143 -124.9 1.5
vertex 181.1 -119.85 1.5
vertex 176.05 -119.85 1.5
endloop
endfacet
facet normal 0 0 1
outer loop
vertex 143 -124.9 1.5
vertex 176.05 -119.85 1.5
vertex 162.05 -119.85 1.5
endloop
endfacet
facet normal 0 0 1
outer loop
vertex 143 -124.9 1.5
vertex 162.05 -119.85 1.5
vertex 157 -119.85 1.5
endloop
endfacet
facet normal 0 0 1
outer loop
vertex 143 -124.9 1.5
vertex 157 -119.85 1.5
vertex 143 -119.85 1.5
endloop
endfacet
facet normal 0 0 1
outer loop
vertex 143 -124.9 1.5
vertex 143 -119.85 1.5
vertex 139.475 -119.85 1.5
endloop
endfacet
facet normal 0 0 1
outer loop
vertex 143 -124.9 1.5
vertex 139.475 -119.85 1.5
vertex 139.475 -124.9 1.5
endloop
endfacet
facet normal 0 0 1
outer loop
vertex 257.3 -124.9 1.5
vertex 271.3 -124.9 1.5
vertex 274.8249993787408 -124.9 1.5
endloop
endfacet
facet normal 0 0 1
outer loop
vertex 257.3 -124.9 1.5
vertex 274.8249993787408 -124.9 1.5
vertex 274.8249992812757 -119.85 1.5
endloop
endfacet
facet normal 0 0 1
outer loop
vertex 257.3 -124.9 1.5
vertex 274.8249992812757 -119.85 1.5
vertex 271.3 -119.85 1.5
endloop
endfacet
facet normal 0 0 1
outer loop
vertex 257.3 -124.9 1.5
vertex 271.3 -119.85 1.5
vertex 257.3 -119.85 1.5
endloop
endfacet
facet normal 0 0 1
outer loop
vertex 257.3 -124.9 1.5
vertex 257.3 -119.85 1.5
vertex 252.25 -119.85 1.5
endloop
endfacet
facet normal 0 0 1
outer loop
vertex 257.3 -124.9 1.5
vertex 252.25 -119.85 1.5
vertex 252.25 -124.9 1.5
endloop
endfacet
facet normal 0 0 1
outer loop
vertex 314.45 -124.9 1.5
vertex 328.45 -124.9 1.5
vertex 333.5 -124.9 1.5
endloop
endfacet
facet normal 0 0 1
outer loop
vertex 314.45 -124.9 1.5
vertex 333.5 -124.9 1.5
vertex 333.5 -119.85 1.5
endloop
endfacet
facet normal 0 0 1
outer loop
vertex 314.45 -124.9 1.5
vertex 333.5 -119.85 1.5
vertex 328.45 -119.85 1.5
endloop
endfacet
facet normal 0 0 1
outer loop
vertex 314.45 -124.9 1.5
vertex 328.45 -119.85 1.5
vertex 314.45 -119.85 1.5
endloop
endfacet
facet normal 0 0 1
outer loop
vertex 314.45 -124.9 1.5
vertex 314.45 -119.85 1.5
vertex 310.9250007187243 -119.85 1.5
endloop
endfacet
facet normal 0 0 1
outer loop
vertex 314.45 -124.9 1.5
vertex 310.9250007187243 -119.85 1.5
vertex 310.9250006212592 -124.9 1.5
endloop
endfacet
facet normal 0 0 1
outer loop
vertex 409.7 -124.9 1.5
vertex 423.7 -124.9 1.5
vertex 428.75 -124.9 1.5
endloop
endfacet
facet normal 0 0 1
outer loop
vertex 409.7 -124.9 1.5
vertex 428.75 -124.9 1.5
vertex 442.75 -124.9 1.5
endloop
endfacet
facet normal 0 0 1
outer loop
vertex 409.7 -124.9 1.5
vertex 442.75 -124.9 1.5
vertex 446.275 -124.9 1.5
endloop
endfacet
facet normal 0 0 1
outer loop
vertex 409.7 -124.9 1.5
vertex 446.275 -124.9 1.5
vertex 446.275 -119.85 1.5
endloop
endfacet
facet normal 0 0 1
outer loop
vertex 409.7 -124.9 1.5
vertex 446.275 -119.85 1.5
vertex 442.75 -119.85 1.5
endloop
endfacet
facet normal 0 0 1
outer loop
vertex 409.7 -124.9 1.5
vertex 442.75 -119.85 1.5
vertex 428.75 -119.85 1.5
endloop
endfacet
facet normal 0 0 1
outer loop
vertex 409.7 -124.9 1.5
vertex 428.75 -119.85 1.5
vertex 423.7 -119.85 1.5
endloop
endfacet
facet normal 0 0 1
outer loop
vertex 409.7 -124.9 1.5
vertex 423.7 -119.85 1.5
vertex 409.7 -119.85 1.5
endloop
endfacet
facet normal 0 0 1
outer loop
vertex 409.7 -124.9 1.5
vertex 409.7 -119.85 1.5
vertex 404.65 -119.85 1.5
endloop
endfacet
facet normal 0 0 1
outer loop
vertex 409.7 -124.9 1.5
vertex 404.65 -119.85 1.5
vertex 404.65 -124.9 1.5
endloop
endfacet
facet normal 0 0 1
outer loop
vertex 181.1 -119.85 1.5
vertex 181.1 -115.375 1.5
vertex 176.05 -115.375 1.5
endloop
endfacet
facet normal 0 0 1
outer loop
vertex 181.1 -119.85 1.5
vertex 176.05 -115.375 1.5
vertex 176.05 -119.85 1.5
endloop
endfacet
facet normal 0 0 1
outer loop
vertex 200.15 -124.6125 1.5
vertex 200.15 -115.375 1.5
vertex 195.1 -115.375 1.5
endloop
endfacet
facet normal 0 0 1
outer loop
vertex 200.15 -124.6125 1.5
vertex 195.1 -115.375 1.5
vertex 195.1 -124.6125 1.5
endloop
endfacet
facet normal 0 0 1
outer loop
vertex 238.25 -126.99375 1.5
vertex 238.25 -115.375 1.5
vertex 233.2 -115.375 1.5
endloop
endfacet
facet normal 0 0 1
outer loop
vertex 238.25 -126.99375 1.5
vertex 233.2 -115.375 1.5
vertex 233.2 -126.99375 1.5
endloop
endfacet
facet normal 0 0 1
outer loop
vertex 257.3 -119.85 1.5
vertex 257.3 -115.375 1.5
vertex 252.25 -115.375 1.5
endloop
endfacet
facet normal 0 0 1
outer loop
vertex 257.3 -119.85 1.5
vertex 252.25 -115.375 1.5
vertex 252.25 -119.85 1.5
endloop
endfacet
facet normal 0 0 1
outer loop
vertex 333.5 -119.85 1.5
vertex 333.5 -115.375 1.5
vertex 328.45 -115.375 1.5
endloop
endfacet
facet normal 0 0 1
outer loop
vertex 333.5 -119.85 1.5
vertex 328.45 -115.375 1.5
vertex 328.45 -119.85 1.5
endloop
endfacet
facet normal 0 0 1
outer loop
vertex 352.55 -126.99375 1.5
vertex 352.55 -115.375 1.5
vertex 347.5 -115.375 1.5
endloop
endfacet
facet normal 0 0 1
outer loop
vertex 352.55 -126.99375 1.5
vertex 347.5 -115.375 1.5
vertex 347.5 -126.99375 1.5
endloop
endfacet
facet normal 0 0 1
outer loop
vertex 390.65 -124.6125 1.5
vertex 390.65 -115.375 1.5
vertex 385.6 -115.375 1.5
endloop
endfacet
facet normal 0 0 1
outer loop
vertex 390.65 -124.6125 1.5
vertex 385.6 -115.375 1.5
vertex 385.6 -124.6125 1.5
endloop
endfacet
facet normal 0 0 1
outer loop
vertex 409.7 -119.85 1.5
vertex 409.7 -115.375 1.5
vertex 404.65 -115.375 1.5
endloop
endfacet
facet normal 0 0 1
outer loop
vertex 409.7 -119.85 1.5
vertex 404.65 -115.375 1.5
vertex 404.65 -119.85 1.5
endloop
endfacet
facet normal 0 0 1
outer loop
vertex 219.2 -124.6125 1.5
vertex 219.2 -112.99375 1.5
vertex 214.15 -112.99375 1.5
endloop
endfacet
facet normal 0 0 1
outer loop
vertex 219.2 -124.6125 1.5
vertex 214.15 -112.99375 1.5
vertex 214.15 -124.6125 1.5
endloop
endfacet
facet normal 0 0 1
outer loop
vertex 238.25 -115.375 1.5
vertex 252.25 -115.375 1.5
vertex 257.3 -115.375 1.5
endloop
endfacet
facet normal 0 0 1
outer loop
vertex 238.25 -115.375 1.5
vertex 257.3 -115.375 1.5
vertex 257.3 -112.99375 1.5
endloop
endfacet
facet normal 0 0 1
outer loop
vertex 238.25 -115.375 1.5
vertex 257.3 -112.99375 1.5
vertex 233.2 -112.99375 1.5
endloop
endfacet
facet normal 0 0 1
outer loop
vertex 238.25 -115.375 1.5
vertex 233.2 -112.99375 1.5
vertex 233.2 -115.375 1.5
endloop
endfacet
facet normal 0 0 1
outer loop
vertex 333.5 -115.375 1.5
vertex 347.5 -115.375 1.5
vertex 352.55 -115.375 1.5
endloop
endfacet
facet normal 0 0 1
outer loop
vertex 333.5 -115.375 1.5
vertex 352.55 -115.375 1.5
vertex 352.55 -112.99375 1.5
endloop
endfacet
facet normal 0 0 1
outer loop
vertex 333.5 -115.375 1.5
vertex 352.55 -112.99375 1.5
vertex 328.45 -112.99375 1.5
endloop
endfacet
facet normal 0 0 1
outer loop
vertex 333.5 -115.375 1.5
vertex 328.45 -112.99375 1.5
vertex 328.45 -115.375 1.5
endloop
endfacet
facet normal 0 0 1
outer loop
vertex 371.6 -124.6125 1.5
vertex 371.6 -112.99375 1.5
vertex 366.55 -112.99375 1.5
endloop
endfacet
facet normal 0 0 1
outer loop
vertex 371.6 -124.6125 1.5
vertex 366.55 -112.99375 1.5
vertex 366.55 -124.6125 1.5
endloop
endfacet
facet normal 0 0 1
outer loop
vertex 181.1 -115.375 1.5
vertex 195.1 -115.375 1.5
vertex 200.15 -115.375 1.5
endloop
endfacet
facet normal 0 0 1
outer loop
vertex 181.1 -115.375 1.5
vertex 200.15 -115.375 1.5
vertex 200.15 -110.6125 1.5
endloop
endfacet
facet normal 0 0 1
outer loop
vertex 181.1 -115.375 1.5
vertex 200.15 -110.6125 1.5
vertex 176.05 -110.6125 1.5
endloop
endfacet
facet normal 0 0 1
outer loop
vertex 181.1 -115.375 1.5
vertex 176.05 -110.6125 1.5
vertex 176.05 -115.375 1.5
endloop
endfacet
facet normal 0 0 1
outer loop
vertex 219.2 -112.99375 1.5
vertex 233.2 -112.99375 1.5
vertex 257.3 -112.99375 1.5
endloop
endfacet
facet normal 0 0 1
outer loop
vertex 219.2 -112.99375 1.5
vertex 257.3 -112.99375 1.5
vertex 257.3 -110.6125 1.5
endloop
endfacet
facet normal 0 0 1
outer loop
vertex 219.2 -112.99375 1.5
vertex 257.3 -110.6125 1.5
vertex 214.15 -110.6125 1.5
endloop
endfacet
facet normal 0 0 1
outer loop
vertex 219.2 -112.99375 1.5
vertex 214.15 -110.6125 1.5
vertex 214.15 -112.99375 1.5
endloop
endfacet
facet normal 0 0 1
outer loop
vertex 352.55 -112.99375 1.5
vertex 366.55 -112.99375 1.5
vertex 371.6 -112.99375 1.5
endloop
endfacet
facet normal 0 0 1
outer loop
vertex 352.55 -112.99375 1.5
vertex 371.6 -112.99375 1.5
vertex 371.6 -110.6125 1.5
endloop
endfacet
facet normal 0 0 1
outer loop
vertex 352.55 -112.99375 1.5
vertex 371.6 -110.6125 1.5
vertex 328.45 -110.6125 1.5
endloop
endfacet
facet normal 0 0 1
outer loop
vertex 352.55 -112.99375 1.5
vertex 328.45 -110.6125 1.5
vertex 328.45 -112.99375 1.5
endloop
endfacet
facet normal 0 0 1
outer loop
vertex 390.65 -115.375 1.5
vertex 404.65 -115.375 1.5
vertex 409.7 -115.375 1.5
endloop
endfacet
facet normal 0 0 1
outer loop
vertex 390.65 -115.375 1.5
vertex 409.7 -115.375 1.5
vertex 409.7 -110.6125 1.5
endloop
endfacet
facet normal 0 0 1
outer loop
vertex 390.65 -115.375 1.5
vertex 409.7 -110.6125 1.5
vertex 385.6 -110.6125 1.5
endloop
endfacet
facet normal 0 0 1
outer loop
vertex 390.65 -115.375 1.5
vertex 385.6 -110.6125 1.5
vertex 385.6 -115.375 1.5
endloop
endfacet
facet normal 0 0 1
outer loop
vertex 200.15 -110.6125 1.5
vertex 214.15 -110.6125 1.5
vertex 257.3 -110.6125 1.5
endloop
endfacet
facet normal 0 0 1
outer loop
vertex 200.15 -110.6125 1.5
vertex 257.3 -110.6125 1.5
vertex 257.3 -110.325 1.5
endloop
endfacet
facet normal 0 0 1
outer loop
vertex 200.15 -110.6125 1.5
vertex 257.3 -110.325 1.5
vertex 252.25 -110.325 1.5
endloop
endfacet
facet normal 0 0 1
outer loop
vertex 200.15 -110.6125 1.5
vertex 252.25 -110.325 1.5
vertex 238.25 -110.325 1.5
endloop
endfacet
facet normal 0 0 1
outer loop
vertex 200.15 -110.6125 1.5
vertex 238.25 -110.325 1.5
vertex 195.1 -110.325 1.5
endloop
endfacet
facet normal 0 0 1
outer loop
vertex 200.15 -110.6125 1.5
vertex 195.1 -110.325 1.5
vertex 181.1 -110.325 1.5
endloop
endfacet
facet normal 0 0 1
outer loop
vertex 200.15 -110.6125 1.5
vertex 181.1 -110.325 1.5
vertex 176.05 -110.325 1.5
endloop
endfacet
facet normal 0 0 1
outer loop
vertex 200.15 -110.6125 1.5
vertex 176.05 -110.325 1.5
vertex 176.05 -110.6125 1.5
endloop
endfacet
facet normal 0 0 1
outer loop
vertex 371.6 -110.6125 1.5
vertex 385.6 -110.6125 1.5
vertex 409.7 -110.6125 1.5
endloop
endfacet
facet normal 0 0 1
outer loop
vertex 371.6 -110.6125 1.5
vertex 409.7 -110.6125 1.5
vertex 409.7 -110.325 1.5
endloop
endfacet
facet normal 0 0 1
outer loop
vertex 371.6 -110.6125 1.5
vertex 409.7 -110.325 1.5
vertex 404.65 -110.325 1.5
endloop
endfacet
facet normal 0 0 1
outer loop
vertex 371.6 -110.6125 1.5
vertex 404.65 -110.325 1.5
vertex 390.65 -110.325 1.5
endloop
endfacet
facet normal 0 0 1
outer loop
vertex 371.6 -110.6125 1.5
vertex 390.65 -110.325 1.5
vertex 347.5 -110.325 1.5
endloop
endfacet
facet normal 0 0 1
outer loop
vertex 371.6 -110.6125 1.5
vertex 347.5 -110.325 1.5
vertex 333.5 -110.325 1.5
endloop
endfacet
facet normal 0 0 1
outer loop
vertex 371.6 -110.6125 1.5
vertex 333.5 -110.325 1.5
vertex 328.45 -110.325 1.5
endloop
endfacet
facet normal 0 0 1
outer loop
vertex 371.6 -110.6125 1.5
vertex 328.45 -110.325 1.5
vertex 328.45 -110.6125 1.5
endloop
endfacet
facet normal 0 0 1
outer loop
vertex 238.25 -110.325 1.5
vertex 238.25 -107.94375 1.5
vertex 233.2 -107.94375 1.5
endloop
endfacet
facet normal 0 0 1
outer loop
vertex 238.25 -110.325 1.5
vertex 233.2 -107.94375 1.5
vertex 219.2 -107.94375 1.5
endloop
endfacet
facet normal 0 0 1
outer loop
vertex 238.25 -110.325 1.5
vertex 219.2 -107.94375 1.5
vertex 195.1 -107.94375 1.5
endloop
endfacet
facet normal 0 0 1
outer loop
vertex 238.25 -110.325 1.5
vertex 195.1 -107.94375 1.5
vertex 195.1 -110.325 1.5
endloop
endfacet
facet normal 0 0 1
outer loop
vertex 390.65 -110.325 1.5
vertex 390.65 -107.94375 1.5
vertex 366.55 -107.94375 1.5
endloop
endfacet
facet normal 0 0 1
outer loop
vertex 390.65 -110.325 1.5
vertex 366.55 -107.94375 1.5
vertex 352.55 -107.94375 1.5
endloop
endfacet
facet normal 0 0 1
outer loop
vertex 390.65 -110.325 1.5
vertex 352.55 -107.94375 1.5
vertex 347.5 -107.94375 1.5
endloop
endfacet
facet normal 0 0 1
outer loop
vertex 390.65 -110.325 1.5
vertex 347.5 -107.94375 1.5
vertex 347.5 -110.325 1.5
endloop
endfacet
facet normal 0 0 1
outer loop
vertex 143 -119.85 1.5
vertex 143 -105.85 1.5
vertex 139.475 -105.85 1.5
endloop
endfacet
facet normal 0 0 1
outer loop
vertex 143 -119.85 1.5
vertex 139.475 -105.85 1.5
vertex 139.475 -119.85 1.5
endloop
endfacet
facet normal 0 0 1
outer loop
vertex 162.05 -119.85 1.5
vertex 162.05 -105.85 1.5
vertex 157 -105.85 1.5
endloop
endfacet
facet normal 0 0 1
outer loop
vertex 162.05 -119.85 1.5
vertex 157 -105.85 1.5
vertex 157 -119.85 1.5
endloop
endfacet
facet normal 0 0 1
outer loop
vertex 181.1 -110.325 1.5
vertex 181.1 -105.85 1.5
vertex 176.05 -105.85 1.5
endloop
endfacet
facet normal 0 0 1
outer loop
vertex 181.1 -110.325 1.5
vertex 176.05 -105.85 1.5
vertex 176.05 -110.325 1.5
endloop
endfacet
facet normal 0 0 1
outer loop
vertex 257.3 -110.325 1.5
vertex 257.3 -105.85 1.5
vertex 252.25 -105.85 1.5
endloop
endfacet
facet normal 0 0 1
outer loop
vertex 257.3 -110.325 1.5
vertex 252.25 -105.85 1.5
vertex 252.25 -110.325 1.5
endloop
endfacet
facet normal 0 0 1
outer loop
vertex 274.8249992812757 -119.85 1.5
vertex 274.8249990110755 -105.85 1.5
vertex 271.3 -105.85 1.5
endloop
endfacet
facet normal 0 0 1
outer loop
vertex 274.8249992812757 -119.85 1.5
vertex 271.3 -105.85 1.5
vertex 271.3 -119.85 1.5
endloop
endfacet
facet normal 0 0 1
outer loop
vertex 314.45 -119.85 1.5
vertex 314.45 -105.85 1.5
vertex 310.9250009889245 -105.85 1.5
endloop
endfacet
facet normal 0 0 1
outer loop
vertex 314.45 -119.85 1.5
vertex 310.9250009889245 -105.85 1.5
vertex 310.9250007187243 -119.85 1.5
endloop
endfacet
facet normal 0 0 1
outer loop
vertex 333.5 -110.325 1.5
vertex 333.5 -105.85 1.5
vertex 328.45 -105.85 1.5
endloop
endfacet
facet normal 0 0 1
outer loop
vertex 333.5 -110.325 1.5
vertex 328.45 -105.85 1.5
vertex 328.45 -110.325 1.5
endloop
endfacet
facet normal 0 0 1
outer loop
vertex 409.7 -110.325 1.5
vertex 409.7 -105.85 1.5
vertex 404.65 -105.85 1.5
endloop
endfacet
facet normal 0 0 1
outer loop
vertex 409.7 -110.325 1.5
vertex 404.65 -105.85 1.5
vertex 404.65 -110.325 1.5
endloop
endfacet
facet normal 0 0 1
outer loop
vertex 428.75 -119.85 1.5
vertex 428.75 -105.85 1.5
vertex 423.7 -105.85 1.5
endloop
endfacet
facet normal 0 0 1
outer loop
vertex 428.75 -119.85 1.5
vertex 423.7 -105.85 1.5
vertex 423.7 -119.85 1.5
endloop
endfacet
facet normal 0 0 1
outer loop
vertex 446.275 -119.85 1.5
vertex 446.275 -105.85 1.5
vertex 442.75 -105.85 1.5
endloop
endfacet
facet normal 0 0 1
outer loop
vertex 446.275 -119.85 1.5
vertex 442.75 -105.85 1.5
vertex 442.75 -119.85 1.5
endloop
endfacet
facet normal 0 0 1
outer loop
vertex 219.2 -107.94375 1.5
vertex 219.2 -105.5625 1.5
vertex 214.15 -105.5625 1.5
endloop
endfacet
facet normal 0 0 1
outer loop
vertex 219.2 -107.94375 1.5
vertex 214.15 -105.5625 1.5
vertex 200.15 -105.5625 1.5
endloop
endfacet
facet normal 0 0 1
outer loop
vertex 219.2 -107.94375 1.5
vertex 200.15 -105.5625 1.5
vertex 195.1 -105.5625 1.5
endloop
endfacet
facet normal 0 0 1
outer loop
vertex 219.2 -107.94375 1.5
vertex 195.1 -105.5625 1.5
vertex 195.1 -107.94375 1.5
endloop
endfacet
facet normal 0 0 1
outer loop
vertex 390.65 -107.94375 1.5
vertex 390.65 -105.5625 1.5
vertex 385.6 -105.5625 1.5
endloop
endfacet
facet normal 0 0 1
outer loop
vertex 390.65 -107.94375 1.5
vertex 385.6 -105.5625 1.5
vertex 371.6 -105.5625 1.5
endloop
endfacet
facet normal 0 0 1
outer loop
vertex 390.65 -107.94375 1.5
vertex 371.6 -105.5625 1.5
vertex 366.55 -105.5625 1.5
endloop
endfacet
facet normal 0 0 1
outer loop
vertex 390.65 -107.94375 1.5
vertex 366.55 -105.5625 1.5
vertex 366.55 -107.94375 1.5
endloop
endfacet
facet normal 0 0 1
outer loop
vertex 143 -105.85 1.5
vertex 157 -105.85 1.5
vertex 162.05 -105.85 1.5
endloop
endfacet
facet normal 0 0 1
outer loop
vertex 143 -105.85 1.5
vertex 162.05 -105.85 1.5
vertex 176.05 -105.85 1.5
endloop
endfacet
facet normal 0 0 1
outer loop
vertex 143 -105.85 1.5
vertex 176.05 -105.85 1.5
vertex 181.1 -105.85 1.5
endloop
endfacet
facet normal 0 0 1
outer loop
vertex 143 -105.85 1.5
vertex 181.1 -105.85 1.5
vertex 181.1 -100.8 1.5
endloop
endfacet
facet normal 0 0 1
outer loop
vertex 143 -105.85 1.5
vertex 181.1 -100.8 1.5
vertex 176.05 -100.8 1.5
endloop
endfacet
facet normal 0 0 1
outer loop
vertex 143 -105.85 1.5
vertex 176.05 -100.8 1.5
vertex 162.05 -100.8 1.5
endloop
endfacet
facet normal 0 0 1
outer loop
vertex 143 -105.85 1.5
vertex 162.05 -100.8 1.5
vertex 157 -100.8 1.5
endloop
endfacet
facet normal 0 0 1
outer loop
vertex 143 -105.85 1.5
vertex 157 -100.8 1.5
vertex 143 -100.8 1.5
endloop
endfacet
facet normal 0 0 1
outer loop
vertex 143 -105.85 1.5
vertex 143 -100.8 1.5
vertex 139.475 -100.8 1.5
endloop
endfacet
facet normal 0 0 1
outer loop
vertex 143 -105.85 1.5
vertex 139.475 -100.8 1.5
vertex 139.475 -105.85 1.5
endloop
endfacet
facet normal 0 0 1
outer loop
vertex 257.3 -105.85 1.5
vertex 271.3 -105.85 1.5
vertex 274.8249990110755 -105.85 1.5
endloop
endfacet
facet normal 0 0 1
outer loop
vertex 257.3 -105.85 1.5
vertex 274.8249990110755 -105.85 1.5
vertex 274.8249989136104 -100.8 1.5
endloop
endfacet
facet normal 0 0 1
outer loop
vertex 257.3 -105.85 1.5
vertex 274.8249989136104 -100.8 1.5
vertex 271.3 -100.8 1.5
endloop
endfacet
facet normal 0 0 1
outer loop
vertex 257.3 -105.85 1.5
vertex 271.3 -100.8 1.5
vertex 257.3 -100.8 1.5
endloop
endfacet
facet normal 0 0 1
outer loop
vertex 257.3 -105.85 1.5
vertex 257.3 -100.8 1.5
vertex 252.25 -100.8 1.5
endloop
endfacet
facet normal 0 0 1
outer loop
vertex 257.3 -105.85 1.5
vertex 252.25 -100.8 1.5
vertex 252.25 -105.85 1.5
endloop
endfacet
facet normal 0 0 1
outer loop
vertex 314.45 -105.85 1.5
vertex 328.45 -105.85 1.5
vertex 333.5 -105.85 1.5
endloop
endfacet
facet normal 0 0 1
outer loop
vertex 314.45 -105.85 1.5
vertex 333.5 -105.85 1.5
vertex 333.5 -100.8 1.5
endloop
endfacet
facet normal 0 0 1
outer loop
vertex 314.45 -105.85 1.5
vertex 333.5 -100.8 1.5
vertex 328.45 -100.8 1.5
endloop
endfacet
facet normal 0 0 1
outer loop
vertex 314.45 -105.85 1.5
vertex 328.45 -100.8 1.5
vertex 314.45 -100.8 1.5
endloop
endfacet
facet normal 0 0 1
outer loop
vertex 314.45 -105.85 1.5
vertex 314.45 -100.8 1.5
vertex 310.9250010863896 -100.8 1.5
endloop
endfacet
facet normal 0 0 1
outer loop
vertex 314.45 -105.85 1.5
vertex 310.9250010863896 -100.8 1.5
vertex 310.9250009889245 -105.85 1.5
endloop
endfacet
facet normal 0 0 1
outer loop
vertex 409.7 -105.85 1.5
vertex 423.7 -105.85 1.5
vertex 428.75 -105.85 1.5
endloop
endfacet
facet normal 0 0 1
outer loop
vertex 409.7 -105.85 1.5
vertex 428.75 -105.85 1.5
vertex 442.75 -105.85 1.5
endloop
endfacet
facet normal 0 0 1
outer loop
vertex 409.7 -105.85 1.5
vertex 442.75 -105.85 1.5
vertex 446.275 -105.85 1.5
endloop
endfacet
facet normal 0 0 1
outer loop
vertex 409.7 -105.85 1.5
vertex 446.275 -105.85 1.5
vertex 446.275 -100.8 1.5
endloop
endfacet
facet normal 0 0 1
outer loop
vertex 409.7 -105.85 1.5
vertex 446.275 -100.8 1.5
vertex 442.75 -100.8 1.5
endloop
endfacet
facet normal 0 0 1
outer loop
vertex 409.7 -105.85 1.5
vertex 442.75 -100.8 1.5
vertex 428.75 -100.8 1.5
endloop
endfacet
facet normal 0 0 1
outer loop
vertex 409.7 -105.85 1.5
vertex 428.75 -100.8 1.5
vertex 423.7 -100.8 1.5
endloop
endfacet
facet normal 0 0 1
outer loop
vertex 409.7 -105.85 1.5
vertex 423.7 -100.8 1.5
vertex 409.7 -100.8 1.5
endloop
endfacet
facet normal 0 0 1
outer loop
vertex 409.7 -105.85 1.5
vertex 409.7 -100.8 1.5
vertex 404.65 -100.8 1.5
endloop
endfacet
facet normal 0 0 1
outer loop
vertex 409.7 -105.85 1.5
vertex 404.65 -100.8 1.5
vertex 404.65 -105.85 1.5
endloop
endfacet
facet normal 0 0 1
outer loop
vertex 181.1 -100.8 1.5
vertex 181.1 -96.325 1.5
vertex 176.05 -96.325 1.5
endloop
endfacet
facet normal 0 0 1
outer loop
vertex 181.1 -100.8 1.5
vertex 176.05 -96.325 1.5
vertex 176.05 -100.8 1.5
endloop
endfacet
facet normal 0 0 1
outer loop
vertex 200.15 -105.5625 1.5
vertex 200.15 -96.325 1.5
vertex 195.1 -96.325 1.5
endloop
endfacet
facet normal 0 0 1
outer loop
vertex 200.15 -105.5625 1.5
vertex 195.1 -96.325 1.5
vertex 195.1 -105.5625 1.5
endloop
endfacet
facet normal 0 0 1
outer loop
vertex 238.25 -107.94375 1.5
vertex 238.25 -96.325 1.5
vertex 233.2 -96.325 1.5
endloop
endfacet
facet normal 0 0 1
outer loop
vertex 238.25 -107.94375 1.5
vertex 233.2 -96.325 1.5
vertex 233.2 -107.94375 1.5
endloop
endfacet
facet normal 0 0 1
outer loop
vertex 257.3 -100.8 1.5
vertex 257.3 -96.325 1.5
vertex 252.25 -96.325 1.5
endloop
endfacet
facet normal 0 0 1
outer loop
vertex 257.3 -100.8 1.5
vertex 252.25 -96.325 1.5
vertex 252.25 -100.8 1.5
endloop
endfacet
facet normal 0 0 1
outer loop
vertex 333.5 -100.8 1.5
vertex 333.5 -96.325 1.5
vertex 328.45 -96.325 1.5
endloop
endfacet
facet normal 0 0 1
outer loop
vertex 333.5 -100.8 1.5
vertex 328.45 -96.325 1.5
vertex 328.45 -100.8 1.5
endloop
endfacet
facet normal 0 0 1
outer loop
vertex 352.55 -107.94375 1.5
vertex 352.55 -96.325 1.5
vertex 347.5 -96.325 1.5
endloop
endfacet
facet normal 0 0 1
outer loop
vertex 352.55 -107.94375 1.5
vertex 347.5 -96.325 1.5
vertex 347.5 -107.94375 1.5
endloop
endfacet
facet normal 0 0 1
outer loop
vertex 390.65 -105.5625 1.5
vertex 390.65 -96.325 1.5
vertex 385.6 -96.325 1.5
endloop
endfacet
facet normal 0 0 1
outer loop
vertex 390.65 -105.5625 1.5
vertex 385.6 -96.325 1.5
vertex 385.6 -105.5625 1.5
endloop
endfacet
facet normal 0 0 1
outer loop
vertex 409.7 -100.8 1.5
vertex 409.7 -96.325 1.5
vertex 404.65 -96.325 1.5
endloop
endfacet
facet normal 0 0 1
outer loop
vertex 409.7 -100.8 1.5
vertex 404.65 -96.325 1.5
vertex 404.65 -100.8 1.5
endloop
endfacet
facet normal 0 0 1
outer loop
vertex 219.2 -105.5625 1.5
vertex 219.2 -93.94375 1.5
vertex 214.15 -93.94375 1.5
endloop
endfacet
facet normal 0 0 1
outer loop
vertex 219.2 -105.5625 1.5
vertex 214.15 -93.94375 1.5
vertex 214.15 -105.5625 1.5
endloop
endfacet
facet normal 0 0 1
outer loop
vertex 238.25 -96.325 1.5
vertex 252.25 -96.325 1.5
vertex 257.3 -96.325 1.5
endloop
endfacet
facet normal 0 0 1
outer loop
vertex 238.25 -96.325 1.5
vertex 257.3 -96.325 1.5
vertex 257.3 -93.94375 1.5
endloop
endfacet
facet normal 0 0 1
outer loop
vertex 238.25 -96.325 1.5
vertex 257.3 -93.94375 1.5
vertex 233.2 -93.94375 1.5
endloop
endfacet
facet normal 0 0 1
outer loop
vertex 238.25 -96.325 1.5
vertex 233.2 -93.94375 1.5
vertex 233.2 -96.325 1.5
endloop
endfacet
facet normal 0 0 1
outer loop
vertex 333.5 -96.325 1.5
vertex 347.5 -96.325 1.5
vertex 352.55 -96.325 1.5
endloop
endfacet
facet normal 0 0 1
outer loop
vertex 333.5 -96.325 1.5
vertex 352.55 -96.325 1.5
vertex 352.55 -93.94375 1.5
endloop
endfacet
facet normal 0 0 1
outer loop
vertex 333.5 -96.325 1.5
vertex 352.55 -93.94375 1.5
vertex 328.45 -93.94375 1.5
endloop
endfacet
facet normal 0 0 1
outer loop
vertex 333.5 -96.325 1.5
vertex 328.45 -93.94375 1.5
vertex 328.45 -96.325 1.5
endloop
endfacet
facet normal 0 0 1
outer loop
vertex 371.6 -105.5625 1.5
vertex 371.6 -93.94375 1.5
vertex 366.55 -93.94375 1.5
endloop
endfacet
facet normal 0 0 1
outer loop
vertex 371.6 -105.5625 1.5
vertex 366.55 -93.94375 1.5
vertex 366.55 -105.5625 1.5
endloop
endfacet
facet normal 0 0 1
outer loop
vertex 181.1 -96.325 1.5
vertex 195.1 -96.325 1.5
vertex 200.15 -96.325 1.5
endloop
endfacet
facet normal 0 0 1
outer loop
vertex 181.1 -96.325 1.5
vertex 200.15 -96.325 1.5
vertex 200.15 -91.5625 1.5
endloop
endfacet
facet normal 0 0 1
outer loop
vertex 181.1 -96.325 1.5
vertex 200.15 -91.5625 1.5
vertex 176.05 -91.5625 1.5
endloop
endfacet
facet normal 0 0 1
outer loop
vertex 181.1 -96.325 1.5
vertex 176.05 -91.5625 1.5
vertex 176.05 -96.325 1.5
endloop
endfacet
facet normal 0 0 1
outer loop
vertex 219.2 -93.94375 1.5
vertex 233.2 -93.94375 1.5
vertex 257.3 -93.94375 1.5
endloop
endfacet
facet normal 0 0 1
outer loop
vertex 219.2 -93.94375 1.5
vertex 257.3 -93.94375 1.5
vertex 257.3 -91.5625 1.5
endloop
endfacet
facet normal 0 0 1
outer loop
vertex 219.2 -93.94375 1.5
vertex 257.3 -91.5625 1.5
vertex 214.15 -91.5625 1.5
endloop
endfacet
facet normal 0 0 1
outer loop
vertex 219.2 -93.94375 1.5
vertex 214.15 -91.5625 1.5
vertex 214.15 -93.94375 1.5
endloop
endfacet
facet normal 0 0 1
outer loop
vertex 352.55 -93.94375 1.5
vertex 366.55 -93.94375 1.5
vertex 371.6 -93.94375 1.5
endloop
endfacet
facet normal 0 0 1
outer loop
vertex 352.55 -93.94375 1.5
vertex 371.6 -93.94375 1.5
vertex 371.6 -91.5625 1.5
endloop
endfacet
facet normal 0 0 1
outer loop
vertex 352.55 -93.94375 1.5
vertex 371.6 -91.5625 1.5
vertex 328.45 -91.5625 1.5
endloop
endfacet
facet normal 0 0 1
outer loop
vertex 352.55 -93.94375 1.5
vertex 328.45 -91.5625 1.5
vertex 328.45 -93.94375 1.5
endloop
endfacet
facet normal 0 0 1
outer loop
vertex 390.65 -96.325 1.5
vertex 404.65 -96.325 1.5
vertex 409.7 -96.325 1.5
endloop
endfacet
facet normal 0 0 1
outer loop
vertex 390.65 -96.325 1.5
vertex 409.7 -96.325 1.5
vertex 409.7 -91.5625 1.5
endloop
endfacet
facet normal 0 0 1
outer loop
vertex 390.65 -96.325 1.5
vertex 409.7 -91.5625 1.5
vertex 385.6 -91.5625 1.5
endloop
endfacet
facet normal 0 0 1
outer loop
vertex 390.65 -96.325 1.5
vertex 385.6 -91.5625 1.5
vertex 385.6 -96.325 1.5
endloop
endfacet
facet normal 0 0 1
outer loop
vertex 200.15 -91.5625 1.5
vertex 214.15 -91.5625 1.5
vertex 257.3 -91.5625 1.5
endloop
endfacet
facet normal 0 0 1
outer loop
vertex 200.15 -91.5625 1.5
vertex 257.3 -91.5625 1.5
vertex 257.3 -91.275 1.5
endloop
endfacet
facet normal 0 0 1
outer loop
vertex 200.15 -91.5625 1.5
vertex 257.3 -91.275 1.5
vertex 252.25 -91.275 1.5
endloop
endfacet
facet normal 0 0 1
outer loop
vertex 200.15 -91.5625 1.5
vertex 252.25 -91.275 1.5
vertex 238.25 -91.275 1.5
endloop
endfacet
facet normal 0 0 1
outer loop
vertex 200.15 -91.5625 1.5
vertex 238.25 -91.275 1.5
vertex 195.1 -91.275 1.5
endloop
endfacet
facet normal 0 0 1
outer loop
vertex 200.15 -91.5625 1.5
vertex 195.1 -91.275 1.5
vertex 181.1 -91.275 1.5
endloop
endfacet
facet normal 0 0 1
outer loop
vertex 200.15 -91.5625 1.5
vertex 181.1 -91.275 1.5
vertex 176.05 -91.275 1.5
endloop
endfacet
facet normal 0 0 1
outer loop
vertex 200.15 -91.5625 1.5
vertex 176.05 -91.275 1.5
vertex 176.05 -91.5625 1.5
endloop
endfacet
facet normal 0 0 1
outer loop
vertex 371.6 -91.5625 1.5
vertex 385.6 -91.5625 1.5
vertex 409.7 -91.5625 1.5
endloop
endfacet
facet normal 0 0 1
outer loop
vertex 371.6 -91.5625 1.5
vertex 409.7 -91.5625 1.5
vertex 409.7 -91.275 1.5
endloop
endfacet
facet normal 0 0 1
outer loop
vertex 371.6 -91.5625 1.5
vertex 409.7 -91.275 1.5
vertex 404.65 -91.275 1.5
endloop
endfacet
facet normal 0 0 1
outer loop
vertex 371.6 -91.5625 1.5
vertex 404.65 -91.275 1.5
vertex 390.65 -91.275 1.5
endloop
endfacet
facet normal 0 0 1
outer loop
vertex 371.6 -91.5625 1.5
vertex 390.65 -91.275 1.5
vertex 347.5 -91.275 1.5
endloop
endfacet
facet normal 0 0 1
outer loop
vertex 371.6 -91.5625 1.5
vertex 347.5 -91.275 1.5
vertex 333.5 -91.275 1.5
endloop
endfacet
facet normal 0 0 1
outer loop
vertex 371.6 -91.5625 1.5
vertex 333.5 -91.275 1.5
vertex 328.45 -91.275 1.5
endloop
endfacet
facet normal 0 0 1
outer loop
vertex 371.6 -91.5625 1.5
vertex 328.45 -91.275 1.5
vertex 328.45 -91.5625 1.5
endloop
endfacet
facet normal 0 0 1
outer loop
vertex 238.25 -91.275 1.5
vertex 238.25 -88.89375 1.5
vertex 233.2 -88.89375 1.5
endloop
endfacet
facet normal 0 0 1
outer loop
vertex 238.25 -91.275 1.5
vertex 233.2 -88.89375 1.5
vertex 219.2 -88.89375 1.5
endloop
endfacet
facet normal 0 0 1
outer loop
vertex 238.25 -91.275 1.5
vertex 219.2 -88.89375 1.5
vertex 195.1 -88.89375 1.5
endloop
endfacet
facet normal 0 0 1
outer loop
vertex 238.25 -91.275 1.5
vertex 195.1 -88.89375 1.5
vertex 195.1 -91.275 1.5
endloop
endfacet
facet normal 0 0 1
outer loop
vertex 390.65 -91.275 1.5
vertex 390.65 -88.89375 1.5
vertex 366.55 -88.89375 1.5
endloop
endfacet
facet normal 0 0 1
outer loop
vertex 390.65 -91.275 1.5
vertex 366.55 -88.89375 1.5
vertex 352.55 -88.89375 1.5
endloop
endfacet
facet normal 0 0 1
outer loop
vertex 390.65 -91.275 1.5
vertex 352.55 -88.89375 1.5
vertex 347.5 -88.89375 1.5
endloop
endfacet
facet normal 0 0 1
outer loop
vertex 390.65 -91.275 1.5
vertex 347.5 -88.89375 1.5
vertex 347.5 -91.275 1.5
endloop
endfacet
facet normal 0 0 1
outer loop
vertex 143 -100.8 1.5
vertex 143 -86.8 1.5
vertex 139.475 -86.8 1.5
endloop
endfacet
facet normal 0 0 1
outer loop
vertex 143 -100.8 1.5
vertex 139.475 -86.8 1.5
vertex 139.475 -100.8 1.5
endloop
endfacet
facet normal 0 0 1
outer loop
vertex 162.05 -100.8 1.5
vertex 162.05 -86.8 1.5
vertex 157 -86.8 1.5
endloop
endfacet
facet normal 0 0 1
outer loop
vertex 162.05 -100.8 1.5
vertex 157 -86.8 1.5
vertex 157 -100.8 1.5
endloop
endfacet
facet normal 0 0 1
outer loop
vertex 181.1 -91.275 1.5
vertex 181.1 -86.8 1.5
vertex 176.05 -86.8 1.5
endloop
endfacet
facet normal 0 0 1
outer loop
vertex 181.1 -91.275 1.5
vertex 176.05 -86.8 1.5
vertex 176.05 -91.275 1.5
endloop
endfacet
facet normal 0 0 1
outer loop
vertex 257.3 -91.275 1.5
vertex 257.3 -86.8 1.5
vertex 252.25 -86.8 1.5
endloop
endfacet
facet normal 0 0 1
outer loop
vertex 257.3 -91.275 1.5
vertex 252.25 -86.8 1.5
vertex 252.25 -91.275 1.5
endloop
endfacet
facet normal 0 0 1
outer loop
vertex 274.8249989136104 -100.8 1.5
vertex 274.8249986434101 -86.8 1.5
vertex 271.3 -86.8 1.5
endloop
endfacet
facet normal 0 0 1
outer loop
vertex 274.8249989136104 -100.8 1.5
vertex 271.3 -86.8 1.5
vertex 271.3 -100.8 1.5
endloop
endfacet
facet normal 0 0 1
outer loop
vertex 314.45 -100.8 1.5
vertex 314.45 -86.8 1.5
vertex 310.92500135658986 -86.8 1.5
endloop
endfacet
facet normal 0 0 1
outer loop
vertex 314.45 -100.8 1.5
vertex 310.92500135658986 -86.8 1.5
vertex 310.9250010863896 -100.8 1.5
endloop
endfacet
facet normal 0 0 1
outer loop
vertex 333.5 -91.275 1.5
vertex 333.5 -86.8 1.5
vertex 328.45 -86.8 1.5
endloop
endfacet
facet normal 0 0 1
outer loop
vertex 333.5 -91.275 1.5
vertex 328.45 -86.8 1.5
vertex 328.45 -91.275 1.5
endloop
endfacet
facet normal 0 0 1
outer loop
vertex 409.7 -91.275 1.5
vertex 409.7 -86.8 1.5
vertex 404.65 -86.8 1.5
endloop
endfacet
facet normal 0 0 1
outer loop
vertex 409.7 -91.275 1.5
vertex 404.65 -86.8 1.5
vertex 404.65 -91.275 1.5
endloop
endfacet
facet normal 0 0 1
outer loop
vertex 428.75 -100.8 1.5
vertex 428.75 -86.8 1.5
vertex 423.7 -86.8 1.5
endloop
endfacet
facet normal 0 0 1
outer loop
vertex 428.75 -100.8 1.5
vertex 423.7 -86.8 1.5
vertex 423.7 -100.8 1.5
endloop
endfacet
facet normal 0 0 1
outer loop
vertex 446.275 -100.8 1.5
vertex 446.275 -86.8 1.5
vertex 442.75 -86.8 1.5
endloop
endfacet
facet normal 0 0 1
outer loop
vertex 446.275 -100.8 1.5
vertex 442.75 -86.8 1.5
vertex 442.75 -100.8 1.5
endloop
endfacet
facet normal 0 0 1
outer loop
vertex 219.2 -88.89375 1.5
vertex 219.2 -86.5125 1.5
vertex 214.15 -86.5125 1.5
endloop
endfacet
facet normal 0 0 1
outer loop
vertex 219.2 -88.89375 1.5
vertex 214.15 -86.5125 1.5
vertex 200.15 -86.5125 1.5
endloop
endfacet
facet normal 0 0 1
outer loop
vertex 219.2 -88.89375 1.5
vertex 200.15 -86.5125 1.5
vertex 195.1 -86.5125 1.5
endloop
endfacet
facet normal 0 0 1
outer loop
vertex 219.2 -88.89375 1.5
vertex 195.1 -86.5125 1.5
vertex 195.1 -88.89375 1.5
endloop
endfacet
facet normal 0 0 1
outer loop
vertex 390.65 -88.89375 1.5
vertex 390.65 -86.5125 1.5
vertex 385.6 -86.5125 1.5
endloop
endfacet
facet normal 0 0 1
outer loop
vertex 390.65 -88.89375 1.5
vertex 385.6 -86.5125 1.5
vertex 371.6 -86.5125 1.5
endloop
endfacet
facet normal 0 0 1
outer loop
vertex 390.65 -88.89375 1.5
vertex 371.6 -86.5125 1.5
vertex 366.55 -86.5125 1.5
endloop
endfacet
facet normal 0 0 1
outer loop
vertex 390.65 -88.89375 1.5
vertex 366.55 -86.5125 1.5
vertex 366.55 -88.89375 1.5
endloop
endfacet
facet normal 0 0 1
outer loop
vertex 143 -86.8 1.5
vertex 157 -86.8 1.5
vertex 162.05 -86.8 1.5
endloop
endfacet
facet normal 0 0 1
outer loop
vertex 143 -86.8 1.5
vertex 162.05 -86.8 1.5
vertex 176.05 -86.8 1.5
endloop
endfacet
facet normal 0 0 1
outer loop
vertex 143 -86.8 1.5
vertex 176.05 -86.8 1.5
vertex 181.1 -86.8 1.5
endloop
endfacet
facet normal 0 0 1
outer loop
vertex 143 -86.8 1.5
vertex 181.1 -86.8 1.5
vertex 181.1 -77.275 1.5
endloop
endfacet
facet normal 0 0 1
outer loop
vertex 143 -86.8 1.5
vertex 181.1 -77.275 1.5
vertex 159.05504112038878 -77.275 1.5
endloop
endfacet
facet normal 0 0 1
outer loop
vertex 143 -86.8 1.5
vertex 159.05504112038878 -77.275 1.5
vertex 140.8890250000003 -82.8416883499999 1.5
endloop
endfacet
facet normal 0 0 1
outer loop
vertex 143 -86.8 1.5
vertex 140.8890250000003 -82.8416883499999 1.5
vertex 140.5933262377605 -82.95874734693858 1.5
endloop
endfacet
facet normal 0 0 1
outer loop
vertex 143 -86.8 1.5
vertex 140.5933262377605 -82.95874734693858 1.5
vertex 140.31992084794732 -83.12119752260931 1.5
endloop
endfacet
facet normal 0 0 1
outer loop
vertex 143 -86.8 1.5
vertex 140.31992084794732 -83.12119752260931 1.5
vertex 140.0757219245808 -83.32493130130301 1.5
endloop
endfacet
facet normal 0 0 1
outer loop
vertex 143 -86.8 1.5
vertex 140.0757219245808 -83.32493130130301 1.5
vertex 139.8669040720378 -83.56479724555814 1.5
endloop
endfacet
facet normal 0 0 1
outer loop
vertex 143 -86.8 1.5
vertex 139.8669040720378 -83.56479724555814 1.5
vertex 139.6987472793075 -83.83473031099035 1.5
endloop
endfacet
facet normal 0 0 1
outer loop
vertex 143 -86.8 1.5
vertex 139.6987472793075 -83.83473031099035 1.5
vertex 139.5755034147198 -84.12790520178912 1.5
endloop
endfacet
facet normal 0 0 1
outer loop
vertex 143 -86.8 1.5
vertex 139.5755034147198 -84.12790520178912 1.5
vertex 139.50028871685316 -84.43690894930619 1.5
endloop
endfacet
facet normal 0 0 1
outer loop
vertex 143 -86.8 1.5
vertex 139.50028871685316 -84.43690894930619 1.5
vertex 139.475 -84.75392670000008 1.5
endloop
endfacet
facet normal 0 0 1
outer loop
vertex 143 -86.8 1.5
vertex 139.475 -84.75392670000008 1.5
vertex 139.475 -86.8 1.5
endloop
endfacet
facet normal 0 0 1
outer loop
vertex 200.15 -86.5125 1.5
vertex 200.15 -77.275 1.5
vertex 195.1 -77.275 1.5
endloop
endfacet
facet normal 0 0 1
outer loop
vertex 200.15 -86.5125 1.5
vertex 195.1 -77.275 1.5
vertex 195.1 -86.5125 1.5
endloop
endfacet
facet normal 0 0 1
outer loop
vertex 238.25 -88.89375 1.5
vertex 238.25 -77.275 1.5
vertex 233.2 -77.275 1.5
endloop
endfacet
facet normal 0 0 1
outer loop
vertex 238.25 -88.89375 1.5
vertex 233.2 -77.275 1.5
vertex 233.2 -88.89375 1.5
endloop
endfacet
facet normal 0 0 1
outer loop
vertex 257.3 -86.8 1.5
vertex 271.3 -86.8 1.5
vertex 274.8249986434101 -86.8 1.5
endloop
endfacet
facet normal 0 0 1
outer loop
vertex 257.3 -86.8 1.5
vertex 274.8249986434101 -86.8 1.5
vertex 274.82499859999996 -84.55077299999994 1.5
endloop
endfacet
facet normal 0 0 1
outer loop
vertex 257.3 -86.8 1.5
vertex 274.82499859999996 -84.55077299999994 1.5
vertex 274.79873836781144 -84.22773016053465 1.5
endloop
endfacet
facet normal 0 0 1
outer loop
vertex 257.3 -86.8 1.5
vertex 274.79873836781144 -84.22773016053465 1.5
vertex 274.7206446325602 -83.91317071553412 1.5
endloop
endfacet
facet normal 0 0 1
outer loop
vertex 257.3 -86.8 1.5
vertex 274.7206446325602 -83.91317071553412 1.5
vertex 274.5927682582614 -83.61535548956233 1.5
endloop
endfacet
facet normal 0 0 1
outer loop
vertex 257.3 -86.8 1.5
vertex 274.5927682582614 -83.61535548956233 1.5
vertex 274.4184674791401 -83.34210557771942 1.5
endloop
endfacet
facet normal 0 0 1
outer loop
vertex 257.3 -86.8 1.5
vertex 274.4184674791401 -83.34210557771942 1.5
vertex 274.2023197071303 -83.10059695141416 1.5
endloop
endfacet
facet normal 0 0 1
outer loop
vertex 257.3 -86.8 1.5
vertex 274.2023197071303 -83.10059695141416 1.5
vertex 273.9500013218569 -82.8971720060966 1.5
endloop
endfacet
facet normal 0 0 1
outer loop
vertex 257.3 -86.8 1.5
vertex 273.9500013218569 -82.8971720060966 1.5
vertex 273.66813720000005 -82.73717599999999 1.5
endloop
endfacet
facet normal 0 0 1
outer loop
vertex 257.3 -86.8 1.5
vertex 273.66813720000005 -82.73717599999999 1.5
vertex 261.91895629617306 -77.275 1.5
endloop
endfacet
facet normal 0 0 1
outer loop
vertex 257.3 -86.8 1.5
vertex 261.91895629617306 -77.275 1.5
vertex 252.25 -77.275 1.5
endloop
endfacet
facet normal 0 0 1
outer loop
vertex 257.3 -86.8 1.5
vertex 252.25 -77.275 1.5
vertex 252.25 -86.8 1.5
endloop
endfacet
facet normal 0 0 1
outer loop
vertex 314.45 -86.8 1.5
vertex 328.45 -86.8 1.5
vertex 333.5 -86.8 1.5
endloop
endfacet
facet normal 0 0 1
outer loop
vertex 314.45 -86.8 1.5
vertex 333.5 -86.8 1.5
vertex 333.5 -77.275 1.5
endloop
endfacet
facet normal 0 0 1
outer loop
vertex 314.45 -86.8 1.5
vertex 333.5 -77.275 1.5
vertex 323.8310437038269 -77.275 1.5
endloop
endfacet
facet normal 0 0 1
outer loop
vertex 314.45 -86.8 1.5
vertex 323.8310437038269 -77.275 1.5
vertex 312.0818628 -82.73717599999999 1.5
endloop
endfacet
facet normal 0 0 1
outer loop
vertex 314.45 -86.8 1.5
vertex 312.0818628 -82.73717599999999 1.5
vertex 311.7999986781431 -82.8971720060966 1.5
endloop
endfacet
facet normal 0 0 1
outer loop
vertex 314.45 -86.8 1.5
vertex 311.7999986781431 -82.8971720060966 1.5
vertex 311.5476802928699 -83.10059695141416 1.5
endloop
endfacet
facet normal 0 0 1
outer loop
vertex 314.45 -86.8 1.5
vertex 311.5476802928699 -83.10059695141416 1.5
vertex 311.33153252085987 -83.34210557771942 1.5
endloop
endfacet
facet normal 0 0 1
outer loop
vertex 314.45 -86.8 1.5
vertex 311.33153252085987 -83.34210557771942 1.5
vertex 311.1572317417385 -83.61535548956233 1.5
endloop
endfacet
facet normal 0 0 1
outer loop
vertex 314.45 -86.8 1.5
vertex 311.1572317417385 -83.61535548956233 1.5
vertex 311.02935536743985 -83.91317071553412 1.5
endloop
endfacet
facet normal 0 0 1
outer loop
vertex 314.45 -86.8 1.5
vertex 311.02935536743985 -83.91317071553412 1.5
vertex 310.95126163218856 -84.22773016053465 1.5
endloop
endfacet
facet normal 0 0 1
outer loop
vertex 314.45 -86.8 1.5
vertex 310.95126163218856 -84.22773016053465 1.5
vertex 310.9250014 -84.55077299999994 1.5
endloop
endfacet
facet normal 0 0 1
outer loop
vertex 314.45 -86.8 1.5
vertex 310.9250014 -84.55077299999994 1.5
vertex 310.92500135658986 -86.8 1.5
endloop
endfacet
facet normal 0 0 1
outer loop
vertex 352.55 -88.89375 1.5
vertex 352.55 -77.275 1.5
vertex 347.5 -77.275 1.5
endloop
endfacet
facet normal 0 0 1
outer loop
vertex 352.55 -88.89375 1.5
vertex 347.5 -77.275 1.5
vertex 347.5 -88.89375 1.5
endloop
endfacet
facet normal 0 0 1
outer loop
vertex 390.65 -86.5125 1.5
vertex 390.65 -77.275 1.5
vertex 385.6 -77.275 1.5
endloop
endfacet
facet normal 0 0 1
outer loop
vertex 390.65 -86.5125 1.5
vertex 385.6 -77.275 1.5
vertex 385.6 -86.5125 1.5
endloop
endfacet
facet normal 0 0 1
outer loop
vertex 409.7 -86.8 1.5
vertex 423.7 -86.8 1.5
vertex 428.75 -86.8 1.5
endloop
endfacet
facet normal 0 0 1
outer loop
vertex 409.7 -86.8 1.5
vertex 428.75 -86.8 1.5
vertex 442.75 -86.8 1.5
endloop
endfacet
facet normal 0 0 1
outer loop
vertex 409.7 -86.8 1.5
vertex 442.75 -86.8 1.5
vertex 446.275 -86.8 1.5
endloop
endfacet
facet normal 0 0 1
outer loop
vertex 409.7 -86.8 1.5
vertex 446.275 -86.8 1.5
vertex 446.275 -84.75392670000008 1.5
endloop
endfacet
facet normal 0 0 1
outer loop
vertex 409.7 -86.8 1.5
vertex 446.275 -84.75392670000008 1.5
vertex 446.2497112831469 -84.43690894930619 1.5
endloop
endfacet
facet normal 0 0 1
outer loop
vertex 409.7 -86.8 1.5
vertex 446.2497112831469 -84.43690894930619 1.5
vertex 446.17449658528 -84.12790520178912 1.5
endloop
endfacet
facet normal 0 0 1
outer loop
vertex 409.7 -86.8 1.5
vertex 446.17449658528 -84.12790520178912 1.5
vertex 446.0512527206929 -83.83473031099035 1.5
endloop
endfacet
facet normal 0 0 1
outer loop
vertex 409.7 -86.8 1.5
vertex 446.0512527206929 -83.83473031099035 1.5
vertex 445.88309592796185 -83.56479724555814 1.5
endloop
endfacet
facet normal 0 0 1
outer loop
vertex 409.7 -86.8 1.5
vertex 445.88309592796185 -83.56479724555814 1.5
vertex 445.6742780754195 -83.32493130130301 1.5
endloop
endfacet
facet normal 0 0 1
outer loop
vertex 409.7 -86.8 1.5
vertex 445.6742780754195 -83.32493130130301 1.5
vertex 445.4300791520528 -83.12119752260931 1.5
endloop
endfacet
facet normal 0 0 1
outer loop
vertex 409.7 -86.8 1.5
vertex 445.4300791520528 -83.12119752260931 1.5
vertex 445.15667376223973 -82.95874734693858 1.5
endloop
endfacet
facet normal 0 0 1
outer loop
vertex 409.7 -86.8 1.5
vertex 445.15667376223973 -82.95874734693858 1.5
vertex 444.8609749999997 -82.8416883499999 1.5
endloop
endfacet
facet normal 0 0 1
outer loop
vertex 409.7 -86.8 1.5
vertex 444.8609749999997 -82.8416883499999 1.5
vertex 426.69495887961114 -77.275 1.5
endloop
endfacet
facet normal 0 0 1
outer loop
vertex 409.7 -86.8 1.5
vertex 426.69495887961114 -77.275 1.5
vertex 404.65 -77.275 1.5
endloop
endfacet
facet normal 0 0 1
outer loop
vertex 409.7 -86.8 1.5
vertex 404.65 -77.275 1.5
vertex 404.65 -86.8 1.5
endloop
endfacet
facet normal 0 0 1
outer loop
vertex 219.2 -86.5125 1.5
vertex 219.2 -74.89375 1.5
vertex 214.15 -74.89375 1.5
endloop
endfacet
facet normal 0 0 1
outer loop
vertex 219.2 -86.5125 1.5
vertex 214.15 -74.89375 1.5
vertex 214.15 -86.5125 1.5
endloop
endfacet
facet normal 0 0 1
outer loop
vertex 238.25 -77.275 1.5
vertex 252.25 -77.275 1.5
vertex 261.91895629617306 -77.275 1.5
endloop
endfacet
facet normal 0 0 1
outer loop
vertex 238.25 -77.275 1.5
vertex 261.91895629617306 -77.275 1.5
vertex 256.79686996515073 -74.89375 1.5
endloop
endfacet
facet normal 0 0 1
outer loop
vertex 238.25 -77.275 1.5
vertex 256.79686996515073 -74.89375 1.5
vertex 233.2 -74.89375 1.5
endloop
endfacet
facet normal 0 0 1
outer loop
vertex 238.25 -77.275 1.5
vertex 233.2 -74.89375 1.5
vertex 233.2 -77.275 1.5
endloop
endfacet
facet normal 0 0 1
outer loop
vertex 333.5 -77.275 1.5
vertex 347.5 -77.275 1.5
vertex 352.55 -77.275 1.5
endloop
endfacet
facet normal 0 0 1
outer loop
vertex 333.5 -77.275 1.5
vertex 352.55 -77.275 1.5
vertex 352.55 -74.89375 1.5
endloop
endfacet
facet normal 0 0 1
outer loop
vertex 333.5 -77.275 1.5
vertex 352.55 -74.89375 1.5
vertex 328.9531300348492 -74.89375 1.5
endloop
endfacet
facet normal 0 0 1
outer loop
vertex 333.5 -77.275 1.5
vertex 328.9531300348492 -74.89375 1.5
vertex 323.8310437038269 -77.275 1.5
endloop
endfacet
facet normal 0 0 1
outer loop
vertex 371.6 -86.5125 1.5
vertex 371.6 -74.89375 1.5
vertex 366.55 -74.89375 1.5
endloop
endfacet
facet normal 0 0 1
outer loop
vertex 371.6 -86.5125 1.5
vertex 366.55 -74.89375 1.5
vertex 366.55 -86.5125 1.5
endloop
endfacet
facet normal 0 0 1
outer loop
vertex 181.1 -77.275 1.5
vertex 195.1 -77.275 1.5
vertex 200.15 -77.275 1.5
endloop
endfacet
facet normal 0 0 1
outer loop
vertex 181.1 -77.275 1.5
vertex 200.15 -77.275 1.5
vertex 200.15 -72.5125 1.5
endloop
endfacet
facet normal 0 0 1
outer loop
vertex 181.1 -77.275 1.5
vertex 200.15 -72.5125 1.5
vertex 174.59671443381444 -72.5125 1.5
endloop
endfacet
facet normal 0 0 1
outer loop
vertex 181.1 -77.275 1.5
vertex 174.59671443381444 -72.5125 1.5
vertex 159.05504112038878 -77.275 1.5
endloop
endfacet
facet normal 0 0 1
outer loop
vertex 219.2 -74.89375 1.5
vertex 233.2 -74.89375 1.5
vertex 256.79686996515073 -74.89375 1.5
endloop
endfacet
facet normal 0 0 1
outer loop
vertex 219.2 -74.89375 1.5
vertex 256.79686996515073 -74.89375 1.5
vertex 251.67478363412846 -72.5125 1.5
endloop
endfacet
facet normal 0 0 1
outer loop
vertex 219.2 -74.89375 1.5
vertex 251.67478363412846 -72.5125 1.5
vertex 214.15 -72.5125 1.5
endloop
endfacet
facet normal 0 0 1
outer loop
vertex 219.2 -74.89375 1.5
vertex 214.15 -72.5125 1.5
vertex 214.15 -74.89375 1.5
endloop
endfacet
facet normal 0 0 1
outer loop
vertex 352.55 -74.89375 1.5
vertex 366.55 -74.89375 1.5
vertex 371.6 -74.89375 1.5
endloop
endfacet
facet normal 0 0 1
outer loop
vertex 352.55 -74.89375 1.5
vertex 371.6 -74.89375 1.5
vertex 371.6 -72.5125 1.5
endloop
endfacet
facet normal 0 0 1
outer loop
vertex 352.55 -74.89375 1.5
vertex 371.6 -72.5125 1.5
vertex 334.0752163658714 -72.5125 1.5
endloop
endfacet
facet normal 0 0 1
outer loop
vertex 352.55 -74.89375 1.5
vertex 334.0752163658714 -72.5125 1.5
vertex 328.9531300348492 -74.89375 1.5
endloop
endfacet
facet normal 0 0 1
outer loop
vertex 390.65 -77.275 1.5
vertex 404.65 -77.275 1.5
vertex 426.69495887961114 -77.275 1.5
endloop
endfacet
facet normal 0 0 1
outer loop
vertex 390.65 -77.275 1.5
vertex 426.69495887961114 -77.275 1.5
vertex 411.15328556618556 -72.5125 1.5
endloop
endfacet
facet normal 0 0 1
outer loop
vertex 390.65 -77.275 1.5
vertex 411.15328556618556 -72.5125 1.5
vertex 385.6 -72.5125 1.5
endloop
endfacet
facet normal 0 0 1
outer loop
vertex 390.65 -77.275 1.5
vertex 385.6 -72.5125 1.5
vertex 385.6 -77.275 1.5
endloop
endfacet
facet normal 0 0 1
outer loop
vertex 200.15 -72.5125 1.5
vertex 214.15 -72.5125 1.5
vertex 251.67478363412846 -72.5125 1.5
endloop
endfacet
facet normal 0 0 1
outer loop
vertex 200.15 -72.5125 1.5
vertex 251.67478363412846 -72.5125 1.5
vertex 244.49346265000034 -69.1739150000002 1.5
endloop
endfacet
facet normal 0 0 1
outer loop
vertex 200.15 -72.5125 1.5
vertex 244.49346265000034 -69.1739150000002 1.5
vertex 244.29155942149814 -69.09308663274241 1.5
endloop
endfacet
facet normal 0 0 1
outer loop
vertex 200.15 -72.5125 1.5
vertex 244.29155942149814 -69.09308663274241 1.5
vertex 244.08207356838147 -69.03465876287858 1.5
endloop
endfacet
facet normal 0 0 1
outer loop
vertex 200.15 -72.5125 1.5
vertex 244.08207356838147 -69.03465876287858 1.5
vertex 243.86748216338012 -68.99932227278046 1.5
endloop
endfacet
facet normal 0 0 1
outer loop
vertex 200.15 -72.5125 1.5
vertex 243.86748216338012 -68.99932227278046 1.5
vertex 243.65039050800874 -68.98750355000001 1.5
endloop
endfacet
facet normal 0 0 1
outer loop
vertex 200.15 -72.5125 1.5
vertex 243.65039050800874 -68.98750355000001 1.5
vertex 243.65032529999985 -68.9875 1.5
endloop
endfacet
facet normal 0 0 1
outer loop
vertex 200.15 -72.5125 1.5
vertex 243.65032529999985 -68.9875 1.5
vertex 219.2 -68.98750151611351 1.5
endloop
endfacet
facet normal 0 0 1
outer loop
vertex 200.15 -72.5125 1.5
vertex 219.2 -68.98750151611351 1.5
vertex 186.39956300000011 -68.98750355000001 1.5
endloop
endfacet
facet normal 0 0 1
outer loop
vertex 200.15 -72.5125 1.5
vertex 186.39956300000011 -68.98750355000001 1.5
vertex 186.20165267408765 -68.99731684674427 1.5
endloop
endfacet
facet normal 0 0 1
outer loop
vertex 200.15 -72.5125 1.5
vertex 186.20165267408765 -68.99731684674427 1.5
vertex 186.00568478746547 -69.02666621315598 1.5
endloop
endfacet
facet normal 0 0 1
outer loop
vertex 200.15 -72.5125 1.5
vertex 186.00568478746547 -69.02666621315598 1.5
vertex 185.81358599999993 -69.07526710000008 1.5
endloop
endfacet
facet normal 0 0 1
outer loop
vertex 200.15 -72.5125 1.5
vertex 185.81358599999993 -69.07526710000008 1.5
vertex 174.59671443381444 -72.5125 1.5
endloop
endfacet
facet normal 0 0 -1
outer loop
vertex 243.65035314865986 -68.98750151611351 1.5
vertex 243.65039050800874 -68.98750355000001 1.5
vertex 243.65035314865986 -68.98750151611351 1.5
endloop
endfacet
facet normal 0 0 -1
outer loop
vertex 243.65035314865986 -68.98750151611351 1.5
vertex 243.65035314865986 -68.98750151611351 1.5
vertex 200.15 -68.98750151611351 1.5
endloop
endfacet
facet normal 0 0 -1
outer loop
vertex 243.65032529999985 -68.9875 1.5
vertex 243.65035314865986 -68.98750151611351 1.5
vertex 243.65032529999985 -68.9875 1.5
endloop
endfacet
facet normal 0 0 -1
outer loop
vertex 243.65032529999985 -68.9875 1.5
vertex 243.65032529999985 -68.9875 1.5
vertex 233.2 -68.9875 1.5
endloop
endfacet
facet normal 0 0 -1
outer loop
vertex 243.65032529999985 -68.9875 1.5
vertex 233.2 -68.9875 1.5
vertex 219.2 -68.98750151611351 1.5
endloop
endfacet
facet normal 0 0 1
outer loop
vertex 371.6 -72.5125 1.5
vertex 385.6 -72.5125 1.5
vertex 411.15328556618556 -72.5125 1.5
endloop
endfacet
facet normal 0 0 1
outer loop
vertex 371.6 -72.5125 1.5
vertex 411.15328556618556 -72.5125 1.5
vertex 399.9364140000003 -69.07526710000008 1.5
endloop
endfacet
facet normal 0 0 1
outer loop
vertex 371.6 -72.5125 1.5
vertex 399.9364140000003 -69.07526710000008 1.5
vertex 399.7443152125344 -69.02666621315598 1.5
endloop
endfacet
facet normal 0 0 1
outer loop
vertex 371.6 -72.5125 1.5
vertex 399.7443152125344 -69.02666621315598 1.5
vertex 399.54834732591246 -68.99731684674427 1.5
endloop
endfacet
facet normal 0 0 1
outer loop
vertex 371.6 -72.5125 1.5
vertex 399.54834732591246 -68.99731684674427 1.5
vertex 399.3504369999999 -68.98750355000001 1.5
endloop
endfacet
facet normal 0 0 1
outer loop
vertex 371.6 -72.5125 1.5
vertex 399.3504369999999 -68.98750355000001 1.5
vertex 342.0996747000001 -68.9875 1.5
endloop
endfacet
facet normal 0 0 1
outer loop
vertex 371.6 -72.5125 1.5
vertex 342.0996747000001 -68.9875 1.5
vertex 341.8825178366198 -68.99932227278046 1.5
endloop
endfacet
facet normal 0 0 1
outer loop
vertex 371.6 -72.5125 1.5
vertex 341.8825178366198 -68.99932227278046 1.5
vertex 341.6679264316184 -69.03465876287858 1.5
endloop
endfacet
facet normal 0 0 1
outer loop
vertex 371.6 -72.5125 1.5
vertex 341.6679264316184 -69.03465876287858 1.5
vertex 341.4584405785019 -69.09308663274241 1.5
endloop
endfacet
facet normal 0 0 1
outer loop
vertex 371.6 -72.5125 1.5
vertex 341.4584405785019 -69.09308663274241 1.5
vertex 341.2565373499995 -69.1739150000002 1.5
endloop
endfacet
facet normal 0 0 1
outer loop
vertex 371.6 -72.5125 1.5
vertex 341.2565373499995 -69.1739150000002 1.5
vertex 334.0752163658714 -72.5125 1.5
endloop
endfacet
facet normal -0.9961946980917459 -0.08715574274765463 0
outer loop
vertex 139.50538449397558 -178.8722963553337 1.5
vertex 139.475 -178.5250000000001 1.5
vertex 139.475 -178.52499999999978 0
endloop
endfacet
facet normal -0.9961946980917459 -0.08715574274765463 0
outer loop
vertex 139.50538449397558 -178.8722963553337 1.5
vertex 139.475 -178.52499999999978 0
vertex 139.50538449397558 -178.8722963553342 0
endloop
endfacet
facet normal -0.9659258262890704 -0.25881904510251297 0
outer loop
vertex 139.59561475842816 -179.20904028665137 1.5
vertex 139.50538449397558 -178.8722963553337 1.5
vertex 139.50538449397558 -178.8722963553342 0
endloop
endfacet
facet normal -0.9659258262890704 -0.25881904510251297 0
outer loop
vertex 139.59561475842816 -179.20904028665137 1.5
vertex 139.50538449397558 -178.8722963553342 0
vertex 139.59561475842818 -179.2090402866513 0
endloop
endfacet
facet normal -0.9063077870366489 -0.42261826174070183 0
outer loop
vertex 139.74294919243118 -179.5249999999998 1.5
vertex 139.59561475842816 -179.20904028665137 1.5
vertex 139.59561475842818 -179.2090402866513 0
endloop
endfacet
facet normal -0.9063077870366489 -0.42261826174070183 0
outer loop
vertex 139.74294919243118 -179.5249999999998 1.5
vertex 139.59561475842818 -179.2090402866513 0
vertex 139.74294919243113 -179.52500000000015 0
endloop
endfacet
facet normal -0.8191520442889824 -0.5735764363510596 0
outer loop
vertex 139.94291111376214 -179.81057521937305 1.5
vertex 139.74294919243118 -179.5249999999998 1.5
vertex 139.74294919243113 -179.52500000000015 0
endloop
endfacet
facet normal -0.8191520442889824 -0.5735764363510596 0
outer loop
vertex 139.94291111376214 -179.81057521937305 1.5
vertex 139.74294919243113 -179.52500000000015 0
vertex 139.9429111137621 -179.8105752193729 0
endloop
endfacet
facet normal -0.7071067811865476 -0.7071067811865476 0
outer loop
vertex 140.18942478062695 -180.05708888623826 1.5
vertex 139.94291111376214 -179.81057521937305 1.5
vertex 139.9429111137621 -179.8105752193729 0
endloop
endfacet
facet normal -0.7071067811865476 -0.7071067811865476 0
outer loop
vertex 140.18942478062695 -180.05708888623826 1.5
vertex 139.9429111137621 -179.8105752193729 0
vertex 140.18942478062695 -180.0570888862382 0
endloop
endfacet
facet normal -0.5735764363510599 -0.8191520442889821 0
outer loop
vertex 140.47499999999997 -180.25705080756887 1.5
vertex 140.18942478062695 -180.05708888623826 1.5
vertex 140.18942478062695 -180.0570888862382 0
endloop
endfacet
facet normal -0.5735764363510599 -0.8191520442889821 0
outer loop
vertex 140.47499999999997 -180.25705080756887 1.5
vertex 140.18942478062695 -180.0570888862382 0
vertex 140.475 -180.25705080756865 0
endloop
endfacet
facet normal -0.42261826174069467 -0.9063077870366524 0
outer loop
vertex 140.7909597133487 -180.40438524157167 1.5
vertex 140.47499999999997 -180.25705080756887 1.5
vertex 140.475 -180.25705080756865 0
endloop
endfacet
facet normal -0.42261826174069467 -0.9063077870366524 0
outer loop
vertex 140.7909597133487 -180.40438524157167 1.5
vertex 140.475 -180.25705080756865 0
vertex 140.79095971334863 -180.40438524157187 0
endloop
endfacet
facet normal -0.25881904510254033 -0.965925826289063 0
outer loop
vertex 141.12770364466576 -180.49461550602445 1.5
vertex 140.7909597133487 -180.40438524157167 1.5
vertex 140.79095971334863 -180.40438524157187 0
endloop
endfacet
facet normal -0.25881904510254033 -0.965925826289063 0
outer loop
vertex 141.12770364466576 -180.49461550602445 1.5
vertex 140.79095971334863 -180.40438524157187 0
vertex 141.12770364466596 -180.49461550602445 0
endloop
endfacet
facet normal -0.087155742747683 -0.9961946980917433 0
outer loop
vertex 141.4750000000005 -180.525 1.5
vertex 141.12770364466576 -180.49461550602445 1.5
vertex 141.12770364466596 -180.49461550602445 0
endloop
endfacet
facet normal -0.087155742747683 -0.9961946980917433 0
outer loop
vertex 141.4750000000005 -180.525 1.5
vertex 141.12770364466596 -180.49461550602445 0
vertex 141.47500000000022 -180.525 0
endloop
endfacet
facet normal -4.334401637606789e-8 -0.9999999999999991 0
outer loop
vertex 177.23540344999947 -180.52500154999998 1.5
vertex 141.4750000000005 -180.525 1.5
vertex 141.47500000000022 -180.525 0
endloop
endfacet
facet normal -4.334401637606789e-8 -0.9999999999999991 0
outer loop
vertex 177.23540344999947 -180.52500154999998 1.5
vertex 141.47500000000022 -180.525 0
vertex 177.2354034500001 -180.52500155 0
endloop
endfacet
facet normal 0.05604389400684793 -0.9984283058610415 0
outer loop
vertex 177.45919291976844 -180.5124397734058 1.5
vertex 177.23540344999947 -180.52500154999998 1.5
vertex 177.2354034500001 -180.52500155 0
endloop
endfacet
facet normal 0.05604389400684793 -0.9984283058610415 0
outer loop
vertex 177.45919291976844 -180.5124397734058 1.5
vertex 177.2354034500001 -180.52500155 0
vertex 177.4591929197683 -180.5124397734058 0
endloop
endfacet
facet normal 0.16741086537226127 -0.9858872157378402 0
outer loop
vertex 177.68017140762402 -180.47491600872965 1.5
vertex 177.45919291976844 -180.5124397734058 1.5
vertex 177.4591929197683 -180.5124397734058 0
endloop
endfacet
facet normal 0.16741086537226127 -0.9858872157378402 0
outer loop
vertex 177.68017140762402 -180.47491600872965 1.5
vertex 177.4591929197683 -180.5124397734058 0
vertex 177.6801714076242 -180.47491600872962 0
endloop
endfacet
facet normal 0.27666469800186577 -0.9609665160033084 0
outer loop
vertex 177.8955668999999 -180.4129031000001 1.5
vertex 177.68017140762402 -180.47491600872965 1.5
vertex 177.6801714076242 -180.47491600872962 0
endloop
endfacet
facet normal 0.27666469800186577 -0.9609665160033084 0
outer loop
vertex 177.8955668999999 -180.4129031000001 1.5
vertex 177.6801714076242 -180.47491600872962 0
vertex 177.8955669000001 -180.41290309999997 0
endloop
endfacet
facet normal 0 0 -1
outer loop
vertex 216.43881205000002 -166.93497809999997 1.5
vertex 214.89449447306814 -167.475 1.5
vertex 187.65555301481325 -177 1.5
endloop
endfacet
facet normal 0 0 -1
outer loop
vertex 216.43881205000002 -166.93497809999997 1.5
vertex 187.65555301481325 -177 1.5
vertex 177.8955668999999 -180.4129031000001 1.5
endloop
endfacet
facet normal 0 0 -1
outer loop
vertex 216.43881205000002 -166.93497809999997 1.5
vertex 177.8955668999999 -180.4129031000001 1.5
vertex 177.8955669000001 -180.41290309999997 0
endloop
endfacet
facet normal 0 0 -1
outer loop
vertex 216.43881205000002 -166.93497809999997 1.5
vertex 177.8955669000001 -180.41290309999997 0
vertex 187.65555301481328 -177 0
endloop
endfacet
facet normal 0 0 -1
outer loop
vertex 216.43881205000002 -166.93497809999997 1.5
vertex 187.65555301481328 -177 0
vertex 214.8944944730682 -167.475 0
endloop
endfacet
facet normal 0 0 -1
outer loop
vertex 216.43881205000002 -166.93497809999997 1.5
vertex 214.8944944730682 -167.475 0
vertex 216.4388120499995 -166.93497810000014 0
endloop
endfacet
facet normal 0.261775428112741 -0.9651288127687366 0
outer loop
vertex 216.71471530838613 -166.86014384717674 1.5
vertex 216.43881205000002 -166.93497809999997 1.5
vertex 216.4388120499995 -166.93497810000014 0
endloop
endfacet
facet normal 0.261775428112741 -0.9651288127687366 0
outer loop
vertex 216.71471530838613 -166.86014384717674 1.5
vertex 216.4388120499995 -166.93497810000014 0
vertex 216.71471530838633 -166.86014384717672 0
endloop
endfacet
facet normal 0.12150242911860677 -0.9925911342130141 0
outer loop
vertex 216.9984692742313 -166.82540971049764 1.5
vertex 216.71471530838613 -166.86014384717674 1.5
vertex 216.71471530838633 -166.86014384717672 0
endloop
endfacet
facet normal 0.12150242911860677 -0.9925911342130141 0
outer loop
vertex 216.9984692742313 -166.82540971049764 1.5
vertex 216.71471530838633 -166.86014384717672 0
vertex 216.99846927423135 -166.82540971049764 0
endloop
endfacet
facet normal -0.021252948745626554 -0.9997741305763097 0
outer loop
vertex 217.28427665727386 -166.8314853324578 1.5
vertex 216.9984692742313 -166.82540971049764 1.5
vertex 216.99846927423135 -166.82540971049764 0
endloop
endfacet
facet normal -0.021252948745626554 -0.9997741305763097 0
outer loop
vertex 217.28427665727386 -166.8314853324578 1.5
vertex 216.99846927423135 -166.82540971049764 0
vertex 217.28427665727367 -166.8314853324578 0
endloop
endfacet
facet normal -0.1635741141313641 -0.9865310482626177 0
outer loop
vertex 217.5662982145139 -166.87824658388797 1.5
vertex 217.28427665727386 -166.8314853324578 1.5
vertex 217.28427665727367 -166.8314853324578 0
endloop
endfacet
facet normal -0.1635741141313641 -0.9865310482626177 0
outer loop
vertex 217.5662982145139 -166.87824658388797 1.5
vertex 217.28427665727367 -166.8314853324578 0
vertex 217.56629821451415 -166.87824658388806 0
endloop
endfacet
facet normal -0.302545241105249 -0.9531350256309788 0
outer loop
vertex 217.83877409999997 -166.9647362 1.5
vertex 217.5662982145139 -166.87824658388797 1.5
vertex 217.56629821451415 -166.87824658388806 0
endloop
endfacet
facet normal -0.302545241105249 -0.9531350256309788 0
outer loop
vertex 217.83877409999997 -166.9647362 1.5
vertex 217.56629821451415 -166.87824658388806 0
vertex 217.8387741000001 -166.96473620000006 0
endloop
endfacet
facet normal 0 0 -1
outer loop
vertex 261.85997790000016 -184.49133460000004 1.5
vertex 241.6900708659111 -176.4608895 1.5
vertex 230.37594180061663 -171.9562831 1.5
endloop
endfacet
facet normal 0 0 -1
outer loop
vertex 261.85997790000016 -184.49133460000004 1.5
vertex 230.37594180061663 -171.9562831 1.5
vertex 217.83877409999997 -166.9647362 1.5
endloop
endfacet
facet normal 0 0 -1
outer loop
vertex 261.85997790000016 -184.49133460000004 1.5
vertex 217.83877409999997 -166.9647362 1.5
vertex 217.8387741000001 -166.96473620000006 0
endloop
endfacet
facet normal 0 0 -1
outer loop
vertex 261.85997790000016 -184.49133460000004 1.5
vertex 217.8387741000001 -166.96473620000006 0
vertex 230.37594180061652 -171.9562831 0
endloop
endfacet
facet normal 0 0 -1
outer loop
vertex 261.85997790000016 -184.49133460000004 1.5
vertex 230.37594180061652 -171.9562831 0
vertex 241.69007086591105 -176.46088949999998 0
endloop
endfacet
facet normal 0 0 -1
outer loop
vertex 261.85997790000016 -184.49133460000004 1.5
vertex 241.69007086591105 -176.46088949999998 0
vertex 261.8599779000002 -184.49133460000007 0
endloop
endfacet
facet normal -0.287617459327748 -0.9577453717402404 0
outer loop
vertex 262.1934745462023 -184.5914859146451 1.5
vertex 261.85997790000016 -184.49133460000004 1.5
vertex 261.8599779000002 -184.49133460000007 0
endloop
endfacet
facet normal -0.287617459327748 -0.9577453717402404 0
outer loop
vertex 262.1934745462023 -184.5914859146451 1.5
vertex 261.8599779000002 -184.49133460000007 0
vertex 262.19347454620225 -184.59148591464506 0
endloop
endfacet
facet normal -0.11714294630493767 -0.9931150638928998 0
outer loop
vertex 262.5392872777212 -184.6322762759161 1.5
vertex 262.1934745462023 -184.5914859146451 1.5
vertex 262.19347454620225 -184.59148591464506 0
endloop
endfacet
facet normal -0.11714294630493767 -0.9931150638928998 0
outer loop
vertex 262.5392872777212 -184.6322762759161 1.5
vertex 262.19347454620225 -184.59148591464506 0
vertex 262.5392872777211 -184.63227627591607 0
endloop
endfacet
facet normal 0.05688247102978039 -0.9983808814723698 0
outer loop
vertex 262.8869336202961 -184.61246922293952 1.5
vertex 262.5392872777212 -184.6322762759161 1.5
vertex 262.5392872777211 -184.63227627591607 0
endloop
endfacet
facet normal 0.05688247102978039 -0.9983808814723698 0
outer loop
vertex 262.8869336202961 -184.61246922293952 1.5
vertex 262.5392872777211 -184.63227627591607 0
vertex 262.88693362029625 -184.61246922293947 0
endloop
endfacet
facet normal 0.22918363421160906 -0.9733832039898569 0
outer loop
vertex 263.22587551819385 -184.53266515848847 1.5
vertex 262.8869336202961 -184.61246922293952 1.5
vertex 262.88693362029625 -184.61246922293947 0
endloop
endfacet
facet normal 0.22918363421160906 -0.9733832039898569 0
outer loop
vertex 263.22587551819385 -184.53266515848847 1.5
vertex 262.88693362029625 -184.61246922293947 0
vertex 263.225875518194 -184.5326651584884 0
endloop
endfacet
facet normal 0.3945376513583462 -0.9188797754116913 0
outer loop
vertex 263.54583876981025 -184.39528314922924 1.5
vertex 263.22587551819385 -184.53266515848847 1.5
vertex 263.225875518194 -184.5326651584884 0
endloop
endfacet
facet normal 0.3945376513583462 -0.9188797754116913 0
outer loop
vertex 263.54583876981025 -184.39528314922924 1.5
vertex 263.225875518194 -184.5326651584884 0
vertex 263.5458387698104 -184.39528314922921 0
endloop
endfacet
facet normal 0.5479322164710517 -0.8365227349887872 0
outer loop
vertex 263.83712446517615 -184.2044875975814 1.5
vertex 263.54583876981025 -184.39528314922924 1.5
vertex 263.5458387698104 -184.39528314922921 0
endloop
endfacet
facet normal 0.5479322164710517 -0.8365227349887872 0
outer loop
vertex 263.83712446517615 -184.2044875975814 1.5
vertex 263.5458387698104 -184.39528314922921 0
vertex 263.83712446517586 -184.20448759758168 0
endloop
endfacet
facet normal 0.6847175453340134 -0.7288085366622453 0
outer loop
vertex 264.0909029848875 -183.96606200795935 1.5
vertex 263.83712446517615 -184.2044875975814 1.5
vertex 263.83712446517586 -184.20448759758168 0
endloop
endfacet
facet normal 0.6847175453340134 -0.7288085366622453 0
outer loop
vertex 264.0909029848875 -183.96606200795935 1.5
vertex 263.83712446517586 -184.20448759758168 0
vertex 264.09090298488746 -183.96606200795944 0
endloop
endfacet
facet normal 0.8007473224466795 -0.5990022751162749 0
outer loop
vertex 264.29948164860434 -183.68723367386278 1.5
vertex 264.0909029848875 -183.96606200795935 1.5
vertex 264.09090298488746 -183.96606200795944 0
endloop
endfacet
facet normal 0.8007473224466795 -0.5990022751162749 0
outer loop
vertex 264.29948164860434 -183.68723367386278 1.5
vertex 264.09090298488746 -183.96606200795944 0
vertex 264.29948164860434 -183.68723367386275 0
endloop
endfacet
facet normal 0.8925041267839006 -0.45103922631375104 0
outer loop
vertex 264.45653580000004 -183.37645919999983 1.5
vertex 264.29948164860434 -183.68723367386278 1.5
vertex 264.29948164860434 -183.68723367386275 0
endloop
endfacet
facet normal 0.8925041267839006 -0.45103922631375104 0
outer loop
vertex 264.45653580000004 -183.37645919999983 1.5
vertex 264.29948164860434 -183.68723367386275 0
vertex 264.4565358 -183.3764591999999 0
endloop
endfacet
facet normal 0 0 -1
outer loop
vertex 274.6817600000001 -157.83282664999967 1.5
vertex 274.52043873568755 -158.23582329999996 1.5
vertex 272.42104627544506 -163.4803156 1.5
endloop
endfacet
facet normal 0 0 -1
outer loop
vertex 274.6817600000001 -157.83282664999967 1.5
vertex 272.42104627544506 -163.4803156 1.5
vertex 267.22486761478046 -176.4608895 1.5
endloop
endfacet
facet normal 0 0 -1
outer loop
vertex 274.6817600000001 -157.83282664999967 1.5
vertex 267.22486761478046 -176.4608895 1.5
vertex 264.45653580000004 -183.37645919999983 1.5
endloop
endfacet
facet normal 0 0 -1
outer loop
vertex 274.6817600000001 -157.83282664999967 1.5
vertex 264.45653580000004 -183.37645919999983 1.5
vertex 264.4565358 -183.3764591999999 0
endloop
endfacet
facet normal 0 0 -1
outer loop
vertex 274.6817600000001 -157.83282664999967 1.5
vertex 264.4565358 -183.3764591999999 0
vertex 267.2248676147804 -176.46088949999998 0
endloop
endfacet
facet normal 0 0 -1
outer loop
vertex 274.6817600000001 -157.83282664999967 1.5
vertex 267.2248676147804 -176.46088949999998 0
vertex 272.42104627544506 -163.4803156 0
endloop
endfacet
facet normal 0 0 -1
outer loop
vertex 274.6817600000001 -157.83282664999967 1.5
vertex 272.42104627544506 -163.4803156 0
vertex 274.52043873568755 -158.23582329999996 0
endloop
endfacet
facet normal 0 0 -1
outer loop
vertex 274.6817600000001 -157.83282664999967 1.5
vertex 274.52043873568755 -158.23582329999996 0
vertex 274.68176000000017 -157.8328266499995 0
endloop
endfacet
facet normal 0.9500794399649655 -0.3120081052726957 0
outer loop
vertex 274.7609078878746 -157.59181758736497 1.5
vertex 274.6817600000001 -157.83282664999967 1.5
vertex 274.68176000000017 -157.8328266499995 0
endloop
endfacet
facet normal 0.9500794399649655 -0.3120081052726957 0
outer loop
vertex 274.7609078878746 -157.59181758736497 1.5
vertex 274.68176000000017 -157.8328266499995 0
vertex 274.7609078878746 -157.59181758736486 0
endloop
endfacet
facet normal 0.981931550730406 -0.18923643856345465 0
outer loop
vertex 274.80891197548675 -157.34272851895832 1.5
vertex 274.7609078878746 -157.59181758736497 1.5
vertex 274.7609078878746 -157.59181758736486 0
endloop
endfacet
facet normal 0.981931550730406 -0.18923643856345465 0
outer loop
vertex 274.80891197548675 -157.34272851895832 1.5
vertex 274.7609078878746 -157.59181758736486 0
vertex 274.8089119754868 -157.34272851895784 0
endloop
endfacet
facet normal 0.9979869505819607 -0.06341960633841381 0
outer loop
vertex 274.82499999999993 -157.08956330000166 1.5
vertex 274.80891197548675 -157.34272851895832 1.5
vertex 274.8089119754868 -157.34272851895784 0
endloop
endfacet
facet normal 0.9979869505819607 -0.06341960633841381 0
outer loop
vertex 274.82499999999993 -157.08956330000166 1.5
vertex 274.8089119754868 -157.34272851895784 0
vertex 274.825 -157.08956330000134 0
endloop
endfacet
facet normal 0 0 1
outer loop
vertex 274.82499859999996 -84.55077299999994 1.5
vertex 274.8249986434101 -86.8 1.5
vertex 274.8249989136104 -100.8 1.5
endloop
endfacet
facet normal 0 0 1
outer loop
vertex 274.82499859999996 -84.55077299999994 1.5
vertex 274.8249989136104 -100.8 1.5
vertex 274.8249990110755 -105.85 1.5
endloop
endfacet
facet normal 0 0 1
outer loop
vertex 274.82499859999996 -84.55077299999994 1.5
vertex 274.8249990110755 -105.85 1.5
vertex 274.8249992812757 -119.85 1.5
endloop
endfacet
facet normal 0 0 1
outer loop
vertex 274.82499859999996 -84.55077299999994 1.5
vertex 274.8249992812757 -119.85 1.5
vertex 274.8249993787408 -124.9 1.5
endloop
endfacet
facet normal 0 0 1
outer loop
vertex 274.82499859999996 -84.55077299999994 1.5
vertex 274.8249993787408 -124.9 1.5
vertex 274.82499964894106 -138.9 1.5
endloop
endfacet
facet normal 0 0 1
outer loop
vertex 274.82499859999996 -84.55077299999994 1.5
vertex 274.82499964894106 -138.9 1.5
vertex 274.82499983277376 -148.425 1.5
endloop
endfacet
facet normal 0 0 1
outer loop
vertex 274.82499859999996 -84.55077299999994 1.5
vertex 274.82499983277376 -148.425 1.5
vertex 274.82499983832247 -148.7125 1.5
endloop
endfacet
facet normal 0 0 1
outer loop
vertex 274.82499859999996 -84.55077299999994 1.5
vertex 274.82499983832247 -148.7125 1.5
vertex 274.8249999351838 -153.7312169 1.5
endloop
endfacet
facet normal 0 0 1
outer loop
vertex 274.82499859999996 -84.55077299999994 1.5
vertex 274.8249999351838 -153.7312169 1.5
vertex 274.82499999999993 -157.08956330000166 1.5
endloop
endfacet
facet normal 0 0 1
outer loop
vertex 274.82499859999996 -84.55077299999994 1.5
vertex 274.82499999999993 -157.08956330000166 1.5
vertex 274.825 -157.08956330000134 0
endloop
endfacet
facet normal 0 0 1
outer loop
vertex 274.82499859999996 -84.55077299999994 1.5
vertex 274.825 -157.08956330000134 0
vertex 274.8249999351838 -153.73121689999994 0
endloop
endfacet
facet normal 0 0 1
outer loop
vertex 274.82499859999996 -84.55077299999994 1.5
vertex 274.8249999351838 -153.73121689999994 0
vertex 274.8249998383225 -148.7125 0
endloop
endfacet
facet normal 0 0 1
outer loop
vertex 274.82499859999996 -84.55077299999994 1.5
vertex 274.8249998383225 -148.7125 0
vertex 274.82499983277376 -148.425 0
endloop
endfacet
facet normal 0 0 1
outer loop
vertex 274.82499859999996 -84.55077299999994 1.5
vertex 274.82499983277376 -148.425 0
vertex 274.82499964894106 -138.9 0
endloop
endfacet
facet normal 0 0 1
outer loop
vertex 274.82499859999996 -84.55077299999994 1.5
vertex 274.82499964894106 -138.9 0
vertex 274.8249993787408 -124.9 0
endloop
endfacet
facet normal 0 0 1
outer loop
vertex 274.82499859999996 -84.55077299999994 1.5
vertex 274.8249993787408 -124.9 0
vertex 274.8249992812757 -119.85 0
endloop
endfacet
facet normal 0 0 1
outer loop
vertex 274.82499859999996 -84.55077299999994 1.5
vertex 274.8249992812757 -119.85 0
vertex 274.8249990110755 -105.85 0
endloop
endfacet
facet normal 0 0 1
outer loop
vertex 274.82499859999996 -84.55077299999994 1.5
vertex 274.8249990110755 -105.85 0
vertex 274.8249989136104 -100.8 0
endloop
endfacet
facet normal 0 0 1
outer loop
vertex 274.82499859999996 -84.55077299999994 1.5
vertex 274.8249989136104 -100.8 0
vertex 274.82499864341014 -86.8 0
endloop
endfacet
facet normal 0 0 1
outer loop
vertex 274.82499859999996 -84.55077299999994 1.5
vertex 274.82499864341014 -86.8 0
vertex 274.8249986 -84.55077299999996 0
endloop
endfacet
facet normal 0.996712233362257 0.08102298356652687 0
outer loop
vertex 274.79873836781144 -84.22773016053465 1.5
vertex 274.82499859999996 -84.55077299999994 1.5
vertex 274.8249986 -84.55077299999996 0
endloop
endfacet
facet normal 0.996712233362257 0.08102298356652687 0
outer loop
vertex 274.79873836781144 -84.22773016053465 1.5
vertex 274.8249986 -84.55077299999996 0
vertex 274.79873836781144 -84.22773016053415 0
endloop
endfacet
facet normal 0.9705376768926607 0.2409494090712768 0
outer loop
vertex 274.7206446325602 -83.91317071553412 1.5
vertex 274.79873836781144 -84.22773016053465 1.5
vertex 274.79873836781144 -84.22773016053415 0
endloop
endfacet
facet normal 0.9705376768926607 0.2409494090712768 0
outer loop
vertex 274.7206446325602 -83.91317071553412 1.5
vertex 274.79873836781144 -84.22773016053415 0
vertex 274.72064463256015 -83.913170715534 0
endloop
endfacet
facet normal 0.9188752782725619 0.39454812504879844 0
outer loop
vertex 274.5927682582614 -83.61535548956233 1.5
vertex 274.7206446325602 -83.91317071553412 1.5
vertex 274.72064463256015 -83.913170715534 0
endloop
endfacet
facet normal 0.9188752782725619 0.39454812504879844 0
outer loop
vertex 274.5927682582614 -83.61535548956233 1.5
vertex 274.72064463256015 -83.913170715534 0
vertex 274.5927682582614 -83.61535548956223 0
endloop
endfacet
facet normal 0.8430817731471189 0.5377853882238807 0
outer loop
vertex 274.4184674791401 -83.34210557771942 1.5
vertex 274.5927682582614 -83.61535548956233 1.5
vertex 274.5927682582614 -83.61535548956223 0
endloop
endfacet
facet normal 0.8430817731471189 0.5377853882238807 0
outer loop
vertex 274.4184674791401 -83.34210557771942 1.5
vertex 274.5927682582614 -83.61535548956223 0
vertex 274.4184674791402 -83.34210557771944 0
endloop
endfacet
facet normal 0.745147617879339 0.6668995633292517 0
outer loop
vertex 274.2023197071303 -83.10059695141416 1.5
vertex 274.4184674791401 -83.34210557771942 1.5
vertex 274.4184674791402 -83.34210557771944 0
endloop
endfacet
facet normal 0.745147617879339 0.6668995633292517 0
outer loop
vertex 274.2023197071303 -83.10059695141416 1.5
vertex 274.4184674791402 -83.34210557771944 0
vertex 274.20231970713036 -83.10059695141406 0
endloop
endfacet
facet normal 0.6276447170435786 0.7784999095486692 0
outer loop
vertex 273.9500013218569 -82.8971720060966 1.5
vertex 274.2023197071303 -83.10059695141416 1.5
vertex 274.20231970713036 -83.10059695141406 0
endloop
endfacet
facet normal 0.6276447170435786 0.7784999095486692 0
outer loop
vertex 273.9500013218569 -82.8971720060966 1.5
vertex 274.20231970713036 -83.10059695141406 0
vertex 273.9500013218571 -82.89717200609675 0
endloop
endfacet
facet normal 0.49365002626285687 0.869660653111707 0
outer loop
vertex 273.66813720000005 -82.73717599999999 1.5
vertex 273.9500013218569 -82.8971720060966 1.5
vertex 273.9500013218571 -82.89717200609675 0
endloop
endfacet
facet normal 0.49365002626285687 0.869660653111707 0
outer loop
vertex 273.66813720000005 -82.73717599999999 1.5
vertex 273.9500013218571 -82.89717200609675 0
vertex 273.6681371999995 -82.73717599999985 0
endloop
endfacet
facet normal 0 0 -1
outer loop
vertex 244.49346265000034 -69.1739150000002 1.5
vertex 251.67478363412846 -72.5125 1.5
vertex 256.79686996515073 -74.89375 1.5
endloop
endfacet
facet normal 0 0 -1
outer loop
vertex 244.49346265000034 -69.1739150000002 1.5
vertex 256.79686996515073 -74.89375 1.5
vertex 261.91895629617306 -77.275 1.5
endloop
endfacet
facet normal 0 0 -1
outer loop
vertex 244.49346265000034 -69.1739150000002 1.5
vertex 261.91895629617306 -77.275 1.5
vertex 273.66813720000005 -82.73717599999999 1.5
endloop
endfacet
facet normal 0 0 -1
outer loop
vertex 244.49346265000034 -69.1739150000002 1.5
vertex 273.66813720000005 -82.73717599999999 1.5
vertex 273.6681371999995 -82.73717599999985 0
endloop
endfacet
facet normal 0 0 -1
outer loop
vertex 244.49346265000034 -69.1739150000002 1.5
vertex 273.6681371999995 -82.73717599999985 0
vertex 261.91895629617306 -77.275 0
endloop
endfacet
facet normal 0 0 -1
outer loop
vertex 244.49346265000034 -69.1739150000002 1.5
vertex 261.91895629617306 -77.275 0
vertex 256.79686996515073 -74.89375 0
endloop
endfacet
facet normal 0 0 -1
outer loop
vertex 244.49346265000034 -69.1739150000002 1.5
vertex 256.79686996515073 -74.89375 0
vertex 251.67478363412846 -72.5125 0
endloop
endfacet
facet normal 0 0 -1
outer loop
vertex 244.49346265000034 -69.1739150000002 1.5
vertex 251.67478363412846 -72.5125 0
vertex 244.49346265000037 -69.1739150000002 0
endloop
endfacet
facet normal 0.37165654146005533 0.9283703006828419 0
outer loop
vertex 244.29155942149814 -69.09308663274241 1.5
vertex 244.49346265000034 -69.1739150000002 1.5
vertex 244.49346265000037 -69.1739150000002 0
endloop
endfacet
facet normal 0.37165654146005533 0.9283703006828419 0
outer loop
vertex 244.29155942149814 -69.09308663274241 1.5
vertex 244.49346265000037 -69.1739150000002 0
vertex 244.29155942149814 -69.09308663274244 0
endloop
endfacet
facet normal 0.2686569180511683 0.9632359318377028 0
outer loop
vertex 244.08207356838147 -69.03465876287858 1.5
vertex 244.29155942149814 -69.09308663274241 1.5
vertex 244.29155942149814 -69.09308663274244 0
endloop
endfacet
facet normal 0.2686569180511683 0.9632359318377028 0
outer loop
vertex 244.08207356838147 -69.03465876287858 1.5
vertex 244.29155942149814 -69.09308663274244 0
vertex 244.0820735683815 -69.03465876287859 0
endloop
endfacet
facet normal 0.16248055160335187 0.9867117463325703 0
outer loop
vertex 243.86748216338012 -68.99932227278046 1.5
vertex 244.08207356838147 -69.03465876287858 1.5
vertex 244.0820735683815 -69.03465876287859 0
endloop
endfacet
facet normal 0.16248055160335187 0.9867117463325703 0
outer loop
vertex 243.86748216338012 -68.99932227278046 1.5
vertex 244.0820735683815 -69.03465876287859 0
vertex 243.86748216338017 -68.99932227278043 0
endloop
endfacet
facet normal 0 0 1
outer loop
vertex 243.65032529999985 -68.9875 1.5
vertex 243.65039050800874 -68.98750355000001 1.5
vertex 243.86748216338012 -68.99932227278046 1.5
endloop
endfacet
facet normal 0 0 1
outer loop
vertex 243.65032529999985 -68.9875 1.5
vertex 243.86748216338012 -68.99932227278046 1.5
vertex 243.86748216338017 -68.99932227278043 0
endloop
endfacet
facet normal 0 0 1
outer loop
vertex 243.65032529999985 -68.9875 1.5
vertex 243.86748216338017 -68.99932227278043 0
vertex 243.65039050800848 -68.98750355000001 0
endloop
endfacet
facet normal 0 0 1
outer loop
vertex 243.65032529999985 -68.9875 1.5
vertex 243.65039050800848 -68.98750355000001 0
vertex 243.65035890055583 -68.98750182925345 0
endloop
endfacet
facet normal 0 0 1
outer loop
vertex 243.65032529999985 -68.9875 1.5
vertex 243.65035890055583 -68.98750182925345 0
vertex 243.6503252999996 -68.9875 0
endloop
endfacet
facet normal 0 0 1
outer loop
vertex 186.39956300000011 -68.98750355000001 1.5
vertex 219.2 -68.98750151611351 1.5
vertex 233.2 -68.9875 1.5
endloop
endfacet
facet normal 0 0 1
outer loop
vertex 186.39956300000011 -68.98750355000001 1.5
vertex 233.2 -68.9875 1.5
vertex 243.65032529999985 -68.9875 1.5
endloop
endfacet
facet normal 0 0 1
outer loop
vertex 186.39956300000011 -68.98750355000001 1.5
vertex 243.65032529999985 -68.9875 1.5
vertex 243.6503252999996 -68.9875 0
endloop
endfacet
facet normal 0 0 1
outer loop
vertex 186.39956300000011 -68.98750355000001 1.5
vertex 243.6503252999996 -68.9875 0
vertex 233.2 -68.98750182925345 0
endloop
endfacet
facet normal 0 0 1
outer loop
vertex 186.39956300000011 -68.98750355000001 1.5
vertex 233.2 -68.98750182925345 0
vertex 214.15 -68.98750182925345 0
endloop
endfacet
facet normal 0 0 1
outer loop
vertex 186.39956300000011 -68.98750355000001 1.5
vertex 214.15 -68.98750182925345 0
vertex 200.15 -68.98750355000001 0
endloop
endfacet
facet normal 0 0 1
outer loop
vertex 186.39956300000011 -68.98750355000001 1.5
vertex 200.15 -68.98750355000001 0
vertex 186.39956300000006 -68.98750355000001 0
endloop
endfacet
facet normal -0.04952371874395569 0.9987729478123492 0
outer loop
vertex 186.20165267408765 -68.99731684674427 1.5
vertex 186.39956300000011 -68.98750355000001 1.5
vertex 186.39956300000006 -68.98750355000001 0
endloop
endfacet
facet normal -0.04952371874395569 0.9987729478123492 0
outer loop
vertex 186.20165267408765 -68.99731684674427 1.5
vertex 186.39956300000006 -68.98750355000001 0
vertex 186.20165267408763 -68.99731684674427 0
endloop
endfacet
facet normal -0.14811431931245522 0.9889702464759029 0
outer loop
vertex 186.00568478746547 -69.02666621315598 1.5
vertex 186.20165267408765 -68.99731684674427 1.5
vertex 186.20165267408763 -68.99731684674427 0
endloop
endfacet
facet normal -0.14811431931245522 0.9889702464759029 0
outer loop
vertex 186.00568478746547 -69.02666621315598 1.5
vertex 186.20165267408763 -68.99731684674427 0
vertex 186.00568478746553 -69.026666213156 0
endloop
endfacet
facet normal -0.24527143781151017 0.9694544454454137 0
outer loop
vertex 185.81358599999993 -69.07526710000008 1.5
vertex 186.00568478746547 -69.02666621315598 1.5
vertex 186.00568478746553 -69.026666213156 0
endloop
endfacet
facet normal -0.24527143781151017 0.9694544454454137 0
outer loop
vertex 185.81358599999993 -69.07526710000008 1.5
vertex 186.00568478746553 -69.026666213156 0
vertex 185.81358600000007 -69.0752671 0
endloop
endfacet
facet normal 0 0 -1
outer loop
vertex 140.8890250000003 -82.8416883499999 1.5
vertex 159.05504112038878 -77.275 1.5
vertex 174.59671443381444 -72.5125 1.5
endloop
endfacet
facet normal 0 0 -1
outer loop
vertex 140.8890250000003 -82.8416883499999 1.5
vertex 174.59671443381444 -72.5125 1.5
vertex 185.81358599999993 -69.07526710000008 1.5
endloop
endfacet
facet normal 0 0 -1
outer loop
vertex 140.8890250000003 -82.8416883499999 1.5
vertex 185.81358599999993 -69.07526710000008 1.5
vertex 185.81358600000007 -69.0752671 0
endloop
endfacet
facet normal 0 0 -1
outer loop
vertex 140.8890250000003 -82.8416883499999 1.5
vertex 185.81358600000007 -69.0752671 0
vertex 174.5967144338145 -72.5125 0
endloop
endfacet
facet normal 0 0 -1
outer loop
vertex 140.8890250000003 -82.8416883499999 1.5
vertex 174.5967144338145 -72.5125 0
vertex 159.05504112038886 -77.275 0
endloop
endfacet
facet normal 0 0 -1
outer loop
vertex 140.8890250000003 -82.8416883499999 1.5
vertex 159.05504112038886 -77.275 0
vertex 140.8890250000001 -82.84168834999991 0
endloop
endfacet
facet normal -0.36807990394616835 0.9297941623343199 0
outer loop
vertex 140.5933262377605 -82.95874734693858 1.5
vertex 140.8890250000003 -82.8416883499999 1.5
vertex 140.8890250000001 -82.84168834999991 0
endloop
endfacet
facet normal -0.36807990394616835 0.9297941623343199 0
outer loop
vertex 140.5933262377605 -82.95874734693858 1.5
vertex 140.8890250000001 -82.84168834999991 0
vertex 140.5933262377603 -82.95874734693852 0
endloop
endfacet
facet normal -0.5108077689091598 0.8596949594024885 0
outer loop
vertex 140.31992084794732 -83.12119752260931 1.5
vertex 140.5933262377605 -82.95874734693858 1.5
vertex 140.5933262377603 -82.95874734693852 0
endloop
endfacet
facet normal -0.5108077689091598 0.8596949594024885 0
outer loop
vertex 140.31992084794732 -83.12119752260931 1.5
vertex 140.5933262377603 -82.95874734693852 0
vertex 140.31992084794757 -83.12119752260931 0
endloop
endfacet
facet normal -0.6406197870596201 0.7678582476132474 0
outer loop
vertex 140.0757219245808 -83.32493130130301 1.5
vertex 140.31992084794732 -83.12119752260931 1.5
vertex 140.31992084794757 -83.12119752260931 0
endloop
endfacet
facet normal -0.6406197870596201 0.7678582476132474 0
outer loop
vertex 140.0757219245808 -83.32493130130301 1.5
vertex 140.31992084794757 -83.12119752260931 0
vertex 140.07572192458053 -83.32493130130281 0
endloop
endfacet
facet normal -0.7542336431258084 0.656606131236353 0
outer loop
vertex 139.8669040720378 -83.56479724555814 1.5
vertex 140.0757219245808 -83.32493130130301 1.5
vertex 140.07572192458053 -83.32493130130281 0
endloop
endfacet
facet normal -0.7542336431258084 0.656606131236353 0
outer loop
vertex 139.8669040720378 -83.56479724555814 1.5
vertex 140.07572192458053 -83.32493130130281 0
vertex 139.86690407203778 -83.56479724555831 0
endloop
endfacet
facet normal -0.8487765946592807 0.5287516357975596 0
outer loop
vertex 139.6987472793075 -83.83473031099035 1.5
vertex 139.8669040720378 -83.56479724555814 1.5
vertex 139.86690407203778 -83.56479724555831 0
endloop
endfacet
facet normal -0.8487765946592807 0.5287516357975596 0
outer loop
vertex 139.6987472793075 -83.83473031099035 1.5
vertex 139.86690407203778 -83.56479724555831 0
vertex 139.6987472793074 -83.83473031099007 0
endloop
endfacet
facet normal -0.9218581097348768 0.3875275803295037 0
outer loop
vertex 139.5755034147198 -84.12790520178912 1.5
vertex 139.6987472793075 -83.83473031099035 1.5
vertex 139.6987472793074 -83.83473031099007 0
endloop
endfacet
facet normal -0.9218581097348768 0.3875275803295037 0
outer loop
vertex 139.5755034147198 -84.12790520178912 1.5
vertex 139.6987472793074 -83.83473031099007 0
vertex 139.57550341471986 -84.12790520178977 0
endloop
endfacet
facet normal -0.971630311889022 0.2365048350847018 0
outer loop
vertex 139.50028871685316 -84.43690894930619 1.5
vertex 139.5755034147198 -84.12790520178912 1.5
vertex 139.57550341471986 -84.12790520178977 0
endloop
endfacet
facet normal -0.971630311889022 0.2365048350847018 0
outer loop
vertex 139.50028871685316 -84.43690894930619 1.5
vertex 139.57550341471986 -84.12790520178977 0
vertex 139.50028871685313 -84.43690894930589 0
endloop
endfacet
facet normal -0.9968334250383004 0.07951806540913255 0
outer loop
vertex 139.475 -84.75392670000008 1.5
vertex 139.50028871685316 -84.43690894930619 1.5
vertex 139.50028871685313 -84.43690894930589 0
endloop
endfacet
facet normal -0.9968334250383004 0.07951806540913255 0
outer loop
vertex 139.475 -84.75392670000008 1.5
vertex 139.50028871685313 -84.43690894930589 0
vertex 139.475 -84.7539267 0
endloop
endfacet
facet normal -1 0 0
outer loop
vertex 139.475 -177 1.5
vertex 139.475 -163 1.5
vertex 139.475 -157.95 1.5
endloop
endfacet
facet normal -1 0 0
outer loop
vertex 139.475 -177 1.5
vertex 139.475 -157.95 1.5
vertex 139.475 -143.95 1.5
endloop
endfacet
facet normal -1 0 0
outer loop
vertex 139.475 -177 1.5
vertex 139.475 -143.95 1.5
vertex 139.475 -138.9 1.5
endloop
endfacet
facet normal -1 0 0
outer loop
vertex 139.475 -177 1.5
vertex 139.475 -138.9 1.5
vertex 139.475 -124.9 1.5
endloop
endfacet
facet normal -1 0 0
outer loop
vertex 139.475 -177 1.5
vertex 139.475 -124.9 1.5
vertex 139.475 -119.85 1.5
endloop
endfacet
facet normal -1 0 0
outer loop
vertex 139.475 -177 1.5
vertex 139.475 -119.85 1.5
vertex 139.475 -105.85 1.5
endloop
endfacet
facet normal -1 0 0
outer loop
vertex 139.475 -177 1.5
vertex 139.475 -105.85 1.5
vertex 139.475 -100.8 1.5
endloop
endfacet
facet normal -1 0 0
outer loop
vertex 139.475 -177 1.5
vertex 139.475 -100.8 1.5
vertex 139.475 -86.8 1.5
endloop
endfacet
facet normal -1 0 0
outer loop
vertex 139.475 -177 1.5
vertex 139.475 -86.8 1.5
vertex 139.475 -84.75392670000008 1.5
endloop
endfacet
facet normal -1 0 0
outer loop
vertex 139.475 -177 1.5
vertex 139.475 -84.75392670000008 1.5
vertex 139.475 -84.7539267 0
endloop
endfacet
facet normal -1 0 0
outer loop
vertex 139.475 -177 1.5
vertex 139.475 -84.7539267 0
vertex 139.475 -86.8 0
endloop
endfacet
facet normal -1 0 0
outer loop
vertex 139.475 -177 1.5
vertex 139.475 -86.8 0
vertex 139.475 -100.8 0
endloop
endfacet
facet normal -1 0 0
outer loop
vertex 139.475 -177 1.5
vertex 139.475 -100.8 0
vertex 139.475 -105.85 0
endloop
endfacet
facet normal -1 0 0
outer loop
vertex 139.475 -177 1.5
vertex 139.475 -105.85 0
vertex 139.475 -119.85 0
endloop
endfacet
facet normal -1 0 0
outer loop
vertex 139.475 -177 1.5
vertex 139.475 -119.85 0
vertex 139.475 -124.9 0
endloop
endfacet
facet normal -1 0 0
outer loop
vertex 139.475 -177 1.5
vertex 139.475 -124.9 0
vertex 139.475 -138.9 0
endloop
endfacet
facet normal -1 0 0
outer loop
vertex 139.475 -177 1.5
vertex 139.475 -138.9 0
vertex 139.475 -143.95 0
endloop
endfacet
facet normal -1 0 0
outer loop
vertex 139.475 -177 1.5
vertex 139.475 -143.95 0
vertex 139.475 -157.95 0
endloop
endfacet
facet normal -1 0 0
outer loop
vertex 139.475 -177 1.5
vertex 139.475 -157.95 0
vertex 139.475 -163 0
endloop
endfacet
facet normal -1 0 0
outer loop
vertex 139.475 -177 1.5
vertex 139.475 -163 0
vertex 139.475 -177 0
endloop
endfacet
facet normal -1 0 0
outer loop
vertex 139.475 -177 1.5
vertex 139.475 -177 0
vertex 139.475 -178.52499999999978 0
endloop
endfacet
facet normal -1 0 0
outer loop
vertex 139.475 -177 1.5
vertex 139.475 -178.52499999999978 0
vertex 139.475 -178.5250000000001 1.5
endloop
endfacet
facet normal 0 1 0
outer loop
vertex 157 -177 1.5
vertex 157 -177 0
vertex 143 -177 0
endloop
endfacet
facet normal 0 1 0
outer loop
vertex 157 -177 1.5
vertex 143 -177 0
vertex 143 -177 1.5
endloop
endfacet
facet normal 0 1 0
outer loop
vertex 176.05 -177 1.5
vertex 176.05 -177 0
vertex 162.05 -177 0
endloop
endfacet
facet normal 0 1 0
outer loop
vertex 176.05 -177 1.5
vertex 162.05 -177 0
vertex 162.05 -177 1.5
endloop
endfacet
facet normal 0 1 0
outer loop
vertex 423.7 -177 1.5
vertex 423.7 -177 0
vertex 409.7 -177 0
endloop
endfacet
facet normal 0 1 0
outer loop
vertex 423.7 -177 1.5
vertex 409.7 -177 0
vertex 409.7 -177 1.5
endloop
endfacet
facet normal 0 1 0
outer loop
vertex 442.75 -177 1.5
vertex 442.75 -177 0
vertex 428.75 -177 0
endloop
endfacet
facet normal 0 1 0
outer loop
vertex 442.75 -177 1.5
vertex 428.75 -177 0
vertex 428.75 -177 1.5
endloop
endfacet
facet normal -1 0 0
outer loop
vertex 157 -163 1.5
vertex 157 -163 0
vertex 157 -177 0
endloop
endfacet
facet normal -1 0 0
outer loop
vertex 157 -163 1.5
vertex 157 -177 0
vertex 157 -177 1.5
endloop
endfacet
facet normal -1 0 0
outer loop
vertex 157 -143.95 1.5
vertex 157 -143.95 0
vertex 157 -157.95 0
endloop
endfacet
facet normal -1 0 0
outer loop
vertex 157 -143.95 1.5
vertex 157 -157.95 0
vertex 157 -157.95 1.5
endloop
endfacet
facet normal -1 0 0
outer loop
vertex 157 -124.9 1.5
vertex 157 -124.9 0
vertex 157 -138.9 0
endloop
endfacet
facet normal -1 0 0
outer loop
vertex 157 -124.9 1.5
vertex 157 -138.9 0
vertex 157 -138.9 1.5
endloop
endfacet
facet normal -1 0 0
outer loop
vertex 157 -105.85 1.5
vertex 157 -105.85 0
vertex 157 -119.85 0
endloop
endfacet
facet normal -1 0 0
outer loop
vertex 157 -105.85 1.5
vertex 157 -119.85 0
vertex 157 -119.85 1.5
endloop
endfacet
facet normal -1 0 0
outer loop
vertex 157 -86.8 1.5
vertex 157 -86.8 0
vertex 157 -100.8 0
endloop
endfacet
facet normal -1 0 0
outer loop
vertex 157 -86.8 1.5
vertex 157 -100.8 0
vertex 157 -100.8 1.5
endloop
endfacet
facet normal 0 -1 0
outer loop
vertex 157 -163 0
vertex 157 -163 1.5
vertex 143 -163 1.5
endloop
endfacet
facet normal 0 -1 0
outer loop
vertex 157 -163 0
vertex 143 -163 1.5
vertex 143 -163 0
endloop
endfacet
facet normal 0 -1 0
outer loop
vertex 176.05 -163 0
vertex 176.05 -163 1.5
vertex 162.05 -163 1.5
endloop
endfacet
facet normal 0 -1 0
outer loop
vertex 176.05 -163 0
vertex 162.05 -163 1.5
vertex 162.05 -163 0
endloop
endfacet
facet normal 0 -1 0
outer loop
vertex 423.7 -163 0
vertex 423.7 -163 1.5
vertex 409.7 -163 1.5
endloop
endfacet
facet normal 0 -1 0
outer loop
vertex 423.7 -163 0
vertex 409.7 -163 1.5
vertex 409.7 -163 0
endloop
endfacet
facet normal 0 -1 0
outer loop
vertex 442.75 -163 0
vertex 442.75 -163 1.5
vertex 428.75 -163 1.5
endloop
endfacet
facet normal 0 -1 0
outer loop
vertex 442.75 -163 0
vertex 428.75 -163 1.5
vertex 428.75 -163 0
endloop
endfacet
facet normal 1 0 0
outer loop
vertex 143 -163 0
vertex 143 -163 1.5
vertex 143 -177 1.5
endloop
endfacet
facet normal 1 0 0
outer loop
vertex 143 -163 0
vertex 143 -177 1.5
vertex 143 -177 0
endloop
endfacet
facet normal 1 0 0
outer loop
vertex 143 -143.95 0
vertex 143 -143.95 1.5
vertex 143 -157.95 1.5
endloop
endfacet
facet normal 1 0 0
outer loop
vertex 143 -143.95 0
vertex 143 -157.95 1.5
vertex 143 -157.95 0
endloop
endfacet
facet normal 1 0 0
outer loop
vertex 143 -124.9 0
vertex 143 -124.9 1.5
vertex 143 -138.9 1.5
endloop
endfacet
facet normal 1 0 0
outer loop
vertex 143 -124.9 0
vertex 143 -138.9 1.5
vertex 143 -138.9 0
endloop
endfacet
facet normal 1 0 0
outer loop
vertex 143 -105.85 0
vertex 143 -105.85 1.5
vertex 143 -119.85 1.5
endloop
endfacet
facet normal 1 0 0
outer loop
vertex 143 -105.85 0
vertex 143 -119.85 1.5
vertex 143 -119.85 0
endloop
endfacet
facet normal 1 0 0
outer loop
vertex 143 -86.8 0
vertex 143 -86.8 1.5
vertex 143 -100.8 1.5
endloop
endfacet
facet normal 1 0 0
outer loop
vertex 143 -86.8 0
vertex 143 -100.8 1.5
vertex 143 -100.8 0
endloop
endfacet
facet normal 0 1 0
outer loop
vertex 157 -157.95 1.5
vertex 157 -157.95 0
vertex 143 -157.95 0
endloop
endfacet
facet normal 0 1 0
outer loop
vertex 157 -157.95 1.5
vertex 143 -157.95 0
vertex 143 -157.95 1.5
endloop
endfacet
facet normal 0 1 0
outer loop
vertex 176.05 -157.95 1.5
vertex 176.05 -157.95 0
vertex 162.05 -157.95 0
endloop
endfacet
facet normal 0 1 0
outer loop
vertex 176.05 -157.95 1.5
vertex 162.05 -157.95 0
vertex 162.05 -157.95 1.5
endloop
endfacet
facet normal 0 1 0
outer loop
vertex 423.7 -157.95 1.5
vertex 423.7 -157.95 0
vertex 409.7 -157.95 0
endloop
endfacet
facet normal 0 1 0
outer loop
vertex 423.7 -157.95 1.5
vertex 409.7 -157.95 0
vertex 409.7 -157.95 1.5
endloop
endfacet
facet normal 0 1 0
outer loop
vertex 442.75 -157.95 1.5
vertex 442.75 -157.95 0
vertex 428.75 -157.95 0
endloop
endfacet
facet normal 0 1 0
outer loop
vertex 442.75 -157.95 1.5
vertex 428.75 -157.95 0
vertex 428.75 -157.95 1.5
endloop
endfacet
facet normal 0 -1 0
outer loop
vertex 157 -143.95 0
vertex 157 -143.95 1.5
vertex 143 -143.95 1.5
endloop
endfacet
facet normal 0 -1 0
outer loop
vertex 157 -143.95 0
vertex 143 -143.95 1.5
vertex 143 -143.95 0
endloop
endfacet
facet normal 0 -1 0
outer loop
vertex 176.05 -143.95 0
vertex 176.05 -143.95 1.5
vertex 162.05 -143.95 1.5
endloop
endfacet
facet normal 0 -1 0
outer loop
vertex 176.05 -143.95 0
vertex 162.05 -143.95 1.5
vertex 162.05 -143.95 0
endloop
endfacet
facet normal 0 -1 0
outer loop
vertex 423.7 -143.95 0
vertex 423.7 -143.95 1.5
vertex 409.7 -143.95 1.5
endloop
endfacet
facet normal 0 -1 0
outer loop
vertex 423.7 -143.95 0
vertex 409.7 -143.95 1.5
vertex 409.7 -143.95 0
endloop
endfacet
facet normal 0 -1 0
outer loop
vertex 442.75 -143.95 0
vertex 442.75 -143.95 1.5
vertex 428.75 -143.95 1.5
endloop
endfacet
facet normal 0 -1 0
outer loop
vertex 442.75 -143.95 0
vertex 428.75 -143.95 1.5
vertex 428.75 -143.95 0
endloop
endfacet
facet normal 0 1 0
outer loop
vertex 157 -138.9 1.5
vertex 157 -138.9 0
vertex 143 -138.9 0
endloop
endfacet
facet normal 0 1 0
outer loop
vertex 157 -138.9 1.5
vertex 143 -138.9 0
vertex 143 -138.9 1.5
endloop
endfacet
facet normal 0 1 0
outer loop
vertex 176.05 -138.9 1.5
vertex 176.05 -138.9 0
vertex 162.05 -138.9 0
endloop
endfacet
facet normal 0 1 0
outer loop
vertex 176.05 -138.9 1.5
vertex 162.05 -138.9 0
vertex 162.05 -138.9 1.5
endloop
endfacet
facet normal 0 1 0
outer loop
vertex 271.3 -138.9 1.5
vertex 271.3 -138.9 0
vertex 257.3 -138.9 0
endloop
endfacet
facet normal 0 1 0
outer loop
vertex 271.3 -138.9 1.5
vertex 257.3 -138.9 0
vertex 257.3 -138.9 1.5
endloop
endfacet
facet normal 0 1 0
outer loop
vertex 328.45 -138.9 1.5
vertex 328.45 -138.9 0
vertex 314.45 -138.9 0
endloop
endfacet
facet normal 0 1 0
outer loop
vertex 328.45 -138.9 1.5
vertex 314.45 -138.9 0
vertex 314.45 -138.9 1.5
endloop
endfacet
facet normal 0 1 0
outer loop
vertex 423.7 -138.9 1.5
vertex 423.7 -138.9 0
vertex 409.7 -138.9 0
endloop
endfacet
facet normal 0 1 0
outer loop
vertex 423.7 -138.9 1.5
vertex 409.7 -138.9 0
vertex 409.7 -138.9 1.5
endloop
endfacet
facet normal 0 1 0
outer loop
vertex 442.75 -138.9 1.5
vertex 442.75 -138.9 0
vertex 428.75 -138.9 0
endloop
endfacet
facet normal 0 1 0
outer loop
vertex 442.75 -138.9 1.5
vertex 428.75 -138.9 0
vertex 428.75 -138.9 1.5
endloop
endfacet
facet normal 0 -1 0
outer loop
vertex 157 -124.9 0
vertex 157 -124.9 1.5
vertex 143 -124.9 1.5
endloop
endfacet
facet normal 0 -1 0
outer loop
vertex 157 -124.9 0
vertex 143 -124.9 1.5
vertex 143 -124.9 0
endloop
endfacet
facet normal 0 -1 0
outer loop
vertex 176.05 -124.9 0
vertex 176.05 -124.9 1.5
vertex 162.05 -124.9 1.5
endloop
endfacet
facet normal 0 -1 0
outer loop
vertex 176.05 -124.9 0
vertex 162.05 -124.9 1.5
vertex 162.05 -124.9 0
endloop
endfacet
facet normal 0 -1 0
outer loop
vertex 271.3 -124.9 0
vertex 271.3 -124.9 1.5
vertex 257.3 -124.9 1.5
endloop
endfacet
facet normal 0 -1 0
outer loop
vertex 271.3 -124.9 0
vertex 257.3 -124.9 1.5
vertex 257.3 -124.9 0
endloop
endfacet
facet normal 0 -1 0
outer loop
vertex 328.45 -124.9 0
vertex 328.45 -124.9 1.5
vertex 314.45 -124.9 1.5
endloop
endfacet
facet normal 0 -1 0
outer loop
vertex 328.45 -124.9 0
vertex 314.45 -124.9 1.5
vertex 314.45 -124.9 0
endloop
endfacet
facet normal 0 -1 0
outer loop
vertex 423.7 -124.9 0
vertex 423.7 -124.9 1.5
vertex 409.7 -124.9 1.5
endloop
endfacet
facet normal 0 -1 0
outer loop
vertex 423.7 -124.9 0
vertex 409.7 -124.9 1.5
vertex 409.7 -124.9 0
endloop
endfacet
facet normal 0 -1 0
outer loop
vertex 442.75 -124.9 0
vertex 442.75 -124.9 1.5
vertex 428.75 -124.9 1.5
endloop
endfacet
facet normal 0 -1 0
outer loop
vertex 442.75 -124.9 0
vertex 428.75 -124.9 1.5
vertex 428.75 -124.9 0
endloop
endfacet
facet normal 0 1 0
outer loop
vertex 157 -119.85 1.5
vertex 157 -119.85 0
vertex 143 -119.85 0
endloop
endfacet
facet normal 0 1 0
outer loop
vertex 157 -119.85 1.5
vertex 143 -119.85 0
vertex 143 -119.85 1.5
endloop
endfacet
facet normal 0 1 0
outer loop
vertex 176.05 -119.85 1.5
vertex 176.05 -119.85 0
vertex 162.05 -119.85 0
endloop
endfacet
facet normal 0 1 0
outer loop
vertex 176.05 -119.85 1.5
vertex 162.05 -119.85 0
vertex 162.05 -119.85 1.5
endloop
endfacet
facet normal 0 1 0
outer loop
vertex 271.3 -119.85 1.5
vertex 271.3 -119.85 0
vertex 257.3 -119.85 0
endloop
endfacet
facet normal 0 1 0
outer loop
vertex 271.3 -119.85 1.5
vertex 257.3 -119.85 0
vertex 257.3 -119.85 1.5
endloop
endfacet
facet normal 0 1 0
outer loop
vertex 328.45 -119.85 1.5
vertex 328.45 -119.85 0
vertex 314.45 -119.85 0
endloop
endfacet
facet normal 0 1 0
outer loop
vertex 328.45 -119.85 1.5
vertex 314.45 -119.85 0
vertex 314.45 -119.85 1.5
endloop
endfacet
facet normal 0 1 0
outer loop
vertex 423.7 -119.85 1.5
vertex 423.7 -119.85 0
vertex 409.7 -119.85 0
endloop
endfacet
facet normal 0 1 0
outer loop
vertex 423.7 -119.85 1.5
vertex 409.7 -119.85 0
vertex 409.7 -119.85 1.5
endloop
endfacet
facet normal 0 1 0
outer loop
vertex 442.75 -119.85 1.5
vertex 442.75 -119.85 0
vertex 428.75 -119.85 0
endloop
endfacet
facet normal 0 1 0
outer loop
vertex 442.75 -119.85 1.5
vertex 428.75 -119.85 0
vertex 428.75 -119.85 1.5
endloop
endfacet
facet normal 0 -1 0
outer loop
vertex 157 -105.85 0
vertex 157 -105.85 1.5
vertex 143 -105.85 1.5
endloop
endfacet
facet normal 0 -1 0
outer loop
vertex 157 -105.85 0
vertex 143 -105.85 1.5
vertex 143 -105.85 0
endloop
endfacet
facet normal 0 -1 0
outer loop
vertex 176.05 -105.85 0
vertex 176.05 -105.85 1.5
vertex 162.05 -105.85 1.5
endloop
endfacet
facet normal 0 -1 0
outer loop
vertex 176.05 -105.85 0
vertex 162.05 -105.85 1.5
vertex 162.05 -105.85 0
endloop
endfacet
facet normal 0 -1 0
outer loop
vertex 271.3 -105.85 0
vertex 271.3 -105.85 1.5
vertex 257.3 -105.85 1.5
endloop
endfacet
facet normal 0 -1 0
outer loop
vertex 271.3 -105.85 0
vertex 257.3 -105.85 1.5
vertex 257.3 -105.85 0
endloop
endfacet
facet normal 0 -1 0
outer loop
vertex 328.45 -105.85 0
vertex 328.45 -105.85 1.5
vertex 314.45 -105.85 1.5
endloop
endfacet
facet normal 0 -1 0
outer loop
vertex 328.45 -105.85 0
vertex 314.45 -105.85 1.5
vertex 314.45 -105.85 0
endloop
endfacet
facet normal 0 -1 0
outer loop
vertex 423.7 -105.85 0
vertex 423.7 -105.85 1.5
vertex 409.7 -105.85 1.5
endloop
endfacet
facet normal 0 -1 0
outer loop
vertex 423.7 -105.85 0
vertex 409.7 -105.85 1.5
vertex 409.7 -105.85 0
endloop
endfacet
facet normal 0 -1 0
outer loop
vertex 442.75 -105.85 0
vertex 442.75 -105.85 1.5
vertex 428.75 -105.85 1.5
endloop
endfacet
facet normal 0 -1 0
outer loop
vertex 442.75 -105.85 0
vertex 428.75 -105.85 1.5
vertex 428.75 -105.85 0
endloop
endfacet
facet normal 0 1 0
outer loop
vertex 157 -100.8 1.5
vertex 157 -100.8 0
vertex 143 -100.8 0
endloop
endfacet
facet normal 0 1 0
outer loop
vertex 157 -100.8 1.5
vertex 143 -100.8 0
vertex 143 -100.8 1.5
endloop
endfacet
facet normal 0 1 0
outer loop
vertex 176.05 -100.8 1.5
vertex 176.05 -100.8 0
vertex 162.05 -100.8 0
endloop
endfacet
facet normal 0 1 0
outer loop
vertex 176.05 -100.8 1.5
vertex 162.05 -100.8 0
vertex 162.05 -100.8 1.5
endloop
endfacet
facet normal 0 1 0
outer loop
vertex 271.3 -100.8 1.5
vertex 271.3 -100.8 0
vertex 257.3 -100.8 0
endloop
endfacet
facet normal 0 1 0
outer loop
vertex 271.3 -100.8 1.5
vertex 257.3 -100.8 0
vertex 257.3 -100.8 1.5
endloop
endfacet
facet normal 0 1 0
outer loop
vertex 328.45 -100.8 1.5
vertex 328.45 -100.8 0
vertex 314.45 -100.8 0
endloop
endfacet
facet normal 0 1 0
outer loop
vertex 328.45 -100.8 1.5
vertex 314.45 -100.8 0
vertex 314.45 -100.8 1.5
endloop
endfacet
facet normal 0 1 0
outer loop
vertex 423.7 -100.8 1.5
vertex 423.7 -100.8 0
vertex 409.7 -100.8 0
endloop
endfacet
facet normal 0 1 0
outer loop
vertex 423.7 -100.8 1.5
vertex 409.7 -100.8 0
vertex 409.7 -100.8 1.5
endloop
endfacet
facet normal 0 1 0
outer loop
vertex 442.75 -100.8 1.5
vertex 442.75 -100.8 0
vertex 428.75 -100.8 0
endloop
endfacet
facet normal 0 1 0
outer loop
vertex 442.75 -100.8 1.5
vertex 428.75 -100.8 0
vertex 428.75 -100.8 1.5
endloop
endfacet
facet normal 0 -1 0
outer loop
vertex 157 -86.8 0
vertex 157 -86.8 1.5
vertex 143 -86.8 1.5
endloop
endfacet
facet normal 0 -1 0
outer loop
vertex 157 -86.8 0
vertex 143 -86.8 1.5
vertex 143 -86.8 0
endloop
endfacet
facet normal 0 -1 0
outer loop
vertex 176.05 -86.8 0
vertex 176.05 -86.8 1.5
vertex 162.05 -86.8 1.5
endloop
endfacet
facet normal 0 -1 0
outer loop
vertex 176.05 -86.8 0
vertex 162.05 -86.8 1.5
vertex 162.05 -86.8 0
endloop
endfacet
facet normal 0 -1 0
outer loop
vertex 271.3 -86.8 0
vertex 271.3 -86.8 1.5
vertex 257.3 -86.8 1.5
endloop
endfacet
facet normal 0 -1 0
outer loop
vertex 271.3 -86.8 0
vertex 257.3 -86.8 1.5
vertex 257.3 -86.8 0
endloop
endfacet
facet normal 0 -1 0
outer loop
vertex 328.45 -86.8 0
vertex 328.45 -86.8 1.5
vertex 314.45 -86.8 1.5
endloop
endfacet
facet normal 0 -1 0
outer loop
vertex 328.45 -86.8 0
vertex 314.45 -86.8 1.5
vertex 314.45 -86.8 0
endloop
endfacet
facet normal 0 -1 0
outer loop
vertex 423.7 -86.8 0
vertex 423.7 -86.8 1.5
vertex 409.7 -86.8 1.5
endloop
endfacet
facet normal 0 -1 0
outer loop
vertex 423.7 -86.8 0
vertex 409.7 -86.8 1.5
vertex 409.7 -86.8 0
endloop
endfacet
facet normal 0 -1 0
outer loop
vertex 442.75 -86.8 0
vertex 442.75 -86.8 1.5
vertex 428.75 -86.8 1.5
endloop
endfacet
facet normal 0 -1 0
outer loop
vertex 442.75 -86.8 0
vertex 428.75 -86.8 1.5
vertex 428.75 -86.8 0
endloop
endfacet
facet normal -1 0 0
outer loop
vertex 176.05 -167.475 1.5
vertex 176.05 -163 1.5
vertex 176.05 -163 0
endloop
endfacet
facet normal -1 0 0
outer loop
vertex 176.05 -167.475 1.5
vertex 176.05 -163 0
vertex 176.05 -167.475 0
endloop
endfacet
facet normal -1 0 0
outer loop
vertex 176.05 -167.475 1.5
vertex 176.05 -167.475 0
vertex 176.05 -177 0
endloop
endfacet
facet normal -1 0 0
outer loop
vertex 176.05 -167.475 1.5
vertex 176.05 -177 0
vertex 176.05 -177 1.5
endloop
endfacet
facet normal -1 0 0
outer loop
vertex 176.05 -153.475 1.5
vertex 176.05 -148.7125 1.5
vertex 176.05 -148.425 1.5
endloop
endfacet
facet normal -1 0 0
outer loop
vertex 176.05 -153.475 1.5
vertex 176.05 -148.425 1.5
vertex 176.05 -143.95 1.5
endloop
endfacet
facet normal -1 0 0
outer loop
vertex 176.05 -153.475 1.5
vertex 176.05 -143.95 1.5
vertex 176.05 -143.95 0
endloop
endfacet
facet normal -1 0 0
outer loop
vertex 176.05 -153.475 1.5
vertex 176.05 -143.95 0
vertex 176.05 -148.425 0
endloop
endfacet
facet normal -1 0 0
outer loop
vertex 176.05 -153.475 1.5
vertex 176.05 -148.425 0
vertex 176.05 -148.7125 0
endloop
endfacet
facet normal -1 0 0
outer loop
vertex 176.05 -153.475 1.5
vertex 176.05 -148.7125 0
vertex 176.05 -153.475 0
endloop
endfacet
facet normal -1 0 0
outer loop
vertex 176.05 -153.475 1.5
vertex 176.05 -153.475 0
vertex 176.05 -157.95 0
endloop
endfacet
facet normal -1 0 0
outer loop
vertex 176.05 -153.475 1.5
vertex 176.05 -157.95 0
vertex 176.05 -157.95 1.5
endloop
endfacet
facet normal -1 0 0
outer loop
vertex 176.05 -134.425 1.5
vertex 176.05 -129.6625 1.5
vertex 176.05 -129.375 1.5
endloop
endfacet
facet normal -1 0 0
outer loop
vertex 176.05 -134.425 1.5
vertex 176.05 -129.375 1.5
vertex 176.05 -124.9 1.5
endloop
endfacet
facet normal -1 0 0
outer loop
vertex 176.05 -134.425 1.5
vertex 176.05 -124.9 1.5
vertex 176.05 -124.9 0
endloop
endfacet
facet normal -1 0 0
outer loop
vertex 176.05 -134.425 1.5
vertex 176.05 -124.9 0
vertex 176.05 -129.375 0
endloop
endfacet
facet normal -1 0 0
outer loop
vertex 176.05 -134.425 1.5
vertex 176.05 -129.375 0
vertex 176.05 -129.6625 0
endloop
endfacet
facet normal -1 0 0
outer loop
vertex 176.05 -134.425 1.5
vertex 176.05 -129.6625 0
vertex 176.05 -134.425 0
endloop
endfacet
facet normal -1 0 0
outer loop
vertex 176.05 -134.425 1.5
vertex 176.05 -134.425 0
vertex 176.05 -138.9 0
endloop
endfacet
facet normal -1 0 0
outer loop
vertex 176.05 -134.425 1.5
vertex 176.05 -138.9 0
vertex 176.05 -138.9 1.5
endloop
endfacet
facet normal -1 0 0
outer loop
vertex 176.05 -115.375 1.5
vertex 176.05 -110.6125 1.5
vertex 176.05 -110.325 1.5
endloop
endfacet
facet normal -1 0 0
outer loop
vertex 176.05 -115.375 1.5
vertex 176.05 -110.325 1.5
vertex 176.05 -105.85 1.5
endloop
endfacet
facet normal -1 0 0
outer loop
vertex 176.05 -115.375 1.5
vertex 176.05 -105.85 1.5
vertex 176.05 -105.85 0
endloop
endfacet
facet normal -1 0 0
outer loop
vertex 176.05 -115.375 1.5
vertex 176.05 -105.85 0
vertex 176.05 -110.325 0
endloop
endfacet
facet normal -1 0 0
outer loop
vertex 176.05 -115.375 1.5
vertex 176.05 -110.325 0
vertex 176.05 -110.6125 0
endloop
endfacet
facet normal -1 0 0
outer loop
vertex 176.05 -115.375 1.5
vertex 176.05 -110.6125 0
vertex 176.05 -115.375 0
endloop
endfacet
facet normal -1 0 0
outer loop
vertex 176.05 -115.375 1.5
vertex 176.05 -115.375 0
vertex 176.05 -119.85 0
endloop
endfacet
facet normal -1 0 0
outer loop
vertex 176.05 -115.375 1.5
vertex 176.05 -119.85 0
vertex 176.05 -119.85 1.5
endloop
endfacet
facet normal -1 0 0
outer loop
vertex 176.05 -96.325 1.5
vertex 176.05 -91.5625 1.5
vertex 176.05 -91.275 1.5
endloop
endfacet
facet normal -1 0 0
outer loop
vertex 176.05 -96.325 1.5
vertex 176.05 -91.275 1.5
vertex 176.05 -86.8 1.5
endloop
endfacet
facet normal -1 0 0
outer loop
vertex 176.05 -96.325 1.5
vertex 176.05 -86.8 1.5
vertex 176.05 -86.8 0
endloop
endfacet
facet normal -1 0 0
outer loop
vertex 176.05 -96.325 1.5
vertex 176.05 -86.8 0
vertex 176.05 -91.275 0
endloop
endfacet
facet normal -1 0 0
outer loop
vertex 176.05 -96.325 1.5
vertex 176.05 -91.275 0
vertex 176.05 -91.5625 0
endloop
endfacet
facet normal -1 0 0
outer loop
vertex 176.05 -96.325 1.5
vertex 176.05 -91.5625 0
vertex 176.05 -96.325 0
endloop
endfacet
facet normal -1 0 0
outer loop
vertex 176.05 -96.325 1.5
vertex 176.05 -96.325 0
vertex 176.05 -100.8 0
endloop
endfacet
facet normal -1 0 0
outer loop
vertex 176.05 -96.325 1.5
vertex 176.05 -100.8 0
vertex 176.05 -100.8 1.5
endloop
endfacet
facet normal 1 0 0
outer loop
vertex 162.05 -163 0
vertex 162.05 -163 1.5
vertex 162.05 -177 1.5
endloop
endfacet
facet normal 1 0 0
outer loop
vertex 162.05 -163 0
vertex 162.05 -177 1.5
vertex 162.05 -177 0
endloop
endfacet
facet normal 1 0 0
outer loop
vertex 162.05 -143.95 0
vertex 162.05 -143.95 1.5
vertex 162.05 -157.95 1.5
endloop
endfacet
facet normal 1 0 0
outer loop
vertex 162.05 -143.95 0
vertex 162.05 -157.95 1.5
vertex 162.05 -157.95 0
endloop
endfacet
facet normal 1 0 0
outer loop
vertex 162.05 -124.9 0
vertex 162.05 -124.9 1.5
vertex 162.05 -138.9 1.5
endloop
endfacet
facet normal 1 0 0
outer loop
vertex 162.05 -124.9 0
vertex 162.05 -138.9 1.5
vertex 162.05 -138.9 0
endloop
endfacet
facet normal 1 0 0
outer loop
vertex 162.05 -105.85 0
vertex 162.05 -105.85 1.5
vertex 162.05 -119.85 1.5
endloop
endfacet
facet normal 1 0 0
outer loop
vertex 162.05 -105.85 0
vertex 162.05 -119.85 1.5
vertex 162.05 -119.85 0
endloop
endfacet
facet normal 1 0 0
outer loop
vertex 162.05 -86.8 0
vertex 162.05 -86.8 1.5
vertex 162.05 -100.8 1.5
endloop
endfacet
facet normal 1 0 0
outer loop
vertex 162.05 -86.8 0
vertex 162.05 -100.8 1.5
vertex 162.05 -100.8 0
endloop
endfacet
facet normal 0 1 0
outer loop
vertex 195.1 -167.475 1.5
vertex 195.1 -167.475 0
vertex 181.1 -167.475 0
endloop
endfacet
facet normal 0 1 0
outer loop
vertex 195.1 -167.475 1.5
vertex 181.1 -167.475 0
vertex 181.1 -167.475 1.5
endloop
endfacet
facet normal 0 1 0
outer loop
vertex 404.65 -167.475 1.5
vertex 404.65 -167.475 0
vertex 390.65 -167.475 0
endloop
endfacet
facet normal 0 1 0
outer loop
vertex 404.65 -167.475 1.5
vertex 390.65 -167.475 0
vertex 390.65 -167.475 1.5
endloop
endfacet
facet normal -1 0 0
outer loop
vertex 195.1 -166.93497809999997 1.5
vertex 195.1 -166.86014384717674 1.5
vertex 195.1 -166.82540971049764 1.5
endloop
endfacet
facet normal -1 0 0
outer loop
vertex 195.1 -166.93497809999997 1.5
vertex 195.1 -166.82540971049764 1.5
vertex 195.1 -166.71179079999993 1.5
endloop
endfacet
facet normal -1 0 0
outer loop
vertex 195.1 -166.93497809999997 1.5
vertex 195.1 -166.71179079999993 1.5
vertex 195.1 -162.7125 1.5
endloop
endfacet
facet normal -1 0 0
outer loop
vertex 195.1 -166.93497809999997 1.5
vertex 195.1 -162.7125 1.5
vertex 195.1 -153.475 1.5
endloop
endfacet
facet normal -1 0 0
outer loop
vertex 195.1 -166.93497809999997 1.5
vertex 195.1 -153.475 1.5
vertex 195.1 -153.475 0
endloop
endfacet
facet normal -1 0 0
outer loop
vertex 195.1 -166.93497809999997 1.5
vertex 195.1 -153.475 0
vertex 195.1 -162.7125 0
endloop
endfacet
facet normal -1 0 0
outer loop
vertex 195.1 -166.93497809999997 1.5
vertex 195.1 -162.7125 0
vertex 195.1 -166.71179079999993 0
endloop
endfacet
facet normal -1 0 0
outer loop
vertex 195.1 -166.93497809999997 1.5
vertex 195.1 -166.71179079999993 0
vertex 195.1 -166.82540971049764 0
endloop
endfacet
facet normal -1 0 0
outer loop
vertex 195.1 -166.93497809999997 1.5
vertex 195.1 -166.82540971049764 0
vertex 195.1 -166.86014384717672 0
endloop
endfacet
facet normal -1 0 0
outer loop
vertex 195.1 -166.93497809999997 1.5
vertex 195.1 -166.86014384717672 0
vertex 195.1 -166.93497810000014 0
endloop
endfacet
facet normal -1 0 0
outer loop
vertex 195.1 -166.93497809999997 1.5
vertex 195.1 -166.93497810000014 0
vertex 195.1 -167.475 0
endloop
endfacet
facet normal -1 0 0
outer loop
vertex 195.1 -166.93497809999997 1.5
vertex 195.1 -167.475 0
vertex 195.1 -167.475 1.5
endloop
endfacet
facet normal -1 0 0
outer loop
vertex 195.1 -146.04375 1.5
vertex 195.1 -143.6625 1.5
vertex 195.1 -134.425 1.5
endloop
endfacet
facet normal -1 0 0
outer loop
vertex 195.1 -146.04375 1.5
vertex 195.1 -134.425 1.5
vertex 195.1 -134.425 0
endloop
endfacet
facet normal -1 0 0
outer loop
vertex 195.1 -146.04375 1.5
vertex 195.1 -134.425 0
vertex 195.1 -143.6625 0
endloop
endfacet
facet normal -1 0 0
outer loop
vertex 195.1 -146.04375 1.5
vertex 195.1 -143.6625 0
vertex 195.1 -146.04375 0
endloop
endfacet
facet normal -1 0 0
outer loop
vertex 195.1 -146.04375 1.5
vertex 195.1 -146.04375 0
vertex 195.1 -148.425 0
endloop
endfacet
facet normal -1 0 0
outer loop
vertex 195.1 -146.04375 1.5
vertex 195.1 -148.425 0
vertex 195.1 -148.425 1.5
endloop
endfacet
facet normal -1 0 0
outer loop
vertex 195.1 -126.99375 1.5
vertex 195.1 -124.6125 1.5
vertex 195.1 -115.375 1.5
endloop
endfacet
facet normal -1 0 0
outer loop
vertex 195.1 -126.99375 1.5
vertex 195.1 -115.375 1.5
vertex 195.1 -115.375 0
endloop
endfacet
facet normal -1 0 0
outer loop
vertex 195.1 -126.99375 1.5
vertex 195.1 -115.375 0
vertex 195.1 -124.6125 0
endloop
endfacet
facet normal -1 0 0
outer loop
vertex 195.1 -126.99375 1.5
vertex 195.1 -124.6125 0
vertex 195.1 -126.99375 0
endloop
endfacet
facet normal -1 0 0
outer loop
vertex 195.1 -126.99375 1.5
vertex 195.1 -126.99375 0
vertex 195.1 -129.375 0
endloop
endfacet
facet normal -1 0 0
outer loop
vertex 195.1 -126.99375 1.5
vertex 195.1 -129.375 0
vertex 195.1 -129.375 1.5
endloop
endfacet
facet normal -1 0 0
outer loop
vertex 195.1 -107.94375 1.5
vertex 195.1 -105.5625 1.5
vertex 195.1 -96.325 1.5
endloop
endfacet
facet normal -1 0 0
outer loop
vertex 195.1 -107.94375 1.5
vertex 195.1 -96.325 1.5
vertex 195.1 -96.325 0
endloop
endfacet
facet normal -1 0 0
outer loop
vertex 195.1 -107.94375 1.5
vertex 195.1 -96.325 0
vertex 195.1 -105.5625 0
endloop
endfacet
facet normal -1 0 0
outer loop
vertex 195.1 -107.94375 1.5
vertex 195.1 -105.5625 0
vertex 195.1 -107.94375 0
endloop
endfacet
facet normal -1 0 0
outer loop
vertex 195.1 -107.94375 1.5
vertex 195.1 -107.94375 0
vertex 195.1 -110.325 0
endloop
endfacet
facet normal -1 0 0
outer loop
vertex 195.1 -107.94375 1.5
vertex 195.1 -110.325 0
vertex 195.1 -110.325 1.5
endloop
endfacet
facet normal -1 0 0
outer loop
vertex 195.1 -88.89375 1.5
vertex 195.1 -86.5125 1.5
vertex 195.1 -77.275 1.5
endloop
endfacet
facet normal -1 0 0
outer loop
vertex 195.1 -88.89375 1.5
vertex 195.1 -77.275 1.5
vertex 195.1 -77.275 0
endloop
endfacet
facet normal -1 0 0
outer loop
vertex 195.1 -88.89375 1.5
vertex 195.1 -77.275 0
vertex 195.1 -86.5125 0
endloop
endfacet
facet normal -1 0 0
outer loop
vertex 195.1 -88.89375 1.5
vertex 195.1 -86.5125 0
vertex 195.1 -88.89375 0
endloop
endfacet
facet normal -1 0 0
outer loop
vertex 195.1 -88.89375 1.5
vertex 195.1 -88.89375 0
vertex 195.1 -91.275 0
endloop
endfacet
facet normal -1 0 0
outer loop
vertex 195.1 -88.89375 1.5
vertex 195.1 -91.275 0
vertex 195.1 -91.275 1.5
endloop
endfacet
facet normal 0 -1 0
outer loop
vertex 195.1 -153.475 0
vertex 195.1 -153.475 1.5
vertex 181.1 -153.475 1.5
endloop
endfacet
facet normal 0 -1 0
outer loop
vertex 195.1 -153.475 0
vertex 181.1 -153.475 1.5
vertex 181.1 -153.475 0
endloop
endfacet
facet normal 0 -1 0
outer loop
vertex 404.65 -153.475 0
vertex 404.65 -153.475 1.5
vertex 390.65 -153.475 1.5
endloop
endfacet
facet normal 0 -1 0
outer loop
vertex 404.65 -153.475 0
vertex 390.65 -153.475 1.5
vertex 390.65 -153.475 0
endloop
endfacet
facet normal 1 0 0
outer loop
vertex 181.1 -163 0
vertex 181.1 -157.95 0
vertex 181.1 -153.475 0
endloop
endfacet
facet normal 1 0 0
outer loop
vertex 181.1 -163 0
vertex 181.1 -153.475 0
vertex 181.1 -153.475 1.5
endloop
endfacet
facet normal 1 0 0
outer loop
vertex 181.1 -163 0
vertex 181.1 -153.475 1.5
vertex 181.1 -157.95 1.5
endloop
endfacet
facet normal 1 0 0
outer loop
vertex 181.1 -163 0
vertex 181.1 -157.95 1.5
vertex 181.1 -163 1.5
endloop
endfacet
facet normal 1 0 0
outer loop
vertex 181.1 -163 0
vertex 181.1 -163 1.5
vertex 181.1 -167.475 1.5
endloop
endfacet
facet normal 1 0 0
outer loop
vertex 181.1 -163 0
vertex 181.1 -167.475 1.5
vertex 181.1 -167.475 0
endloop
endfacet
facet normal 1 0 0
outer loop
vertex 181.1 -143.95 0
vertex 181.1 -138.9 0
vertex 181.1 -134.425 0
endloop
endfacet
facet normal 1 0 0
outer loop
vertex 181.1 -143.95 0
vertex 181.1 -134.425 0
vertex 181.1 -134.425 1.5
endloop
endfacet
facet normal 1 0 0
outer loop
vertex 181.1 -143.95 0
vertex 181.1 -134.425 1.5
vertex 181.1 -138.9 1.5
endloop
endfacet
facet normal 1 0 0
outer loop
vertex 181.1 -143.95 0
vertex 181.1 -138.9 1.5
vertex 181.1 -143.95 1.5
endloop
endfacet
facet normal 1 0 0
outer loop
vertex 181.1 -143.95 0
vertex 181.1 -143.95 1.5
vertex 181.1 -148.425 1.5
endloop
endfacet
facet normal 1 0 0
outer loop
vertex 181.1 -143.95 0
vertex 181.1 -148.425 1.5
vertex 181.1 -148.425 0
endloop
endfacet
facet normal 1 0 0
outer loop
vertex 181.1 -124.9 0
vertex 181.1 -119.85 0
vertex 181.1 -115.375 0
endloop
endfacet
facet normal 1 0 0
outer loop
vertex 181.1 -124.9 0
vertex 181.1 -115.375 0
vertex 181.1 -115.375 1.5
endloop
endfacet
facet normal 1 0 0
outer loop
vertex 181.1 -124.9 0
vertex 181.1 -115.375 1.5
vertex 181.1 -119.85 1.5
endloop
endfacet
facet normal 1 0 0
outer loop
vertex 181.1 -124.9 0
vertex 181.1 -119.85 1.5
vertex 181.1 -124.9 1.5
endloop
endfacet
facet normal 1 0 0
outer loop
vertex 181.1 -124.9 0
vertex 181.1 -124.9 1.5
vertex 181.1 -129.375 1.5
endloop
endfacet
facet normal 1 0 0
outer loop
vertex 181.1 -124.9 0
vertex 181.1 -129.375 1.5
vertex 181.1 -129.375 0
endloop
endfacet
facet normal 1 0 0
outer loop
vertex 181.1 -105.85 0
vertex 181.1 -100.8 0
vertex 181.1 -96.325 0
endloop
endfacet
facet normal 1 0 0
outer loop
vertex 181.1 -105.85 0
vertex 181.1 -96.325 0
vertex 181.1 -96.325 1.5
endloop
endfacet
facet normal 1 0 0
outer loop
vertex 181.1 -105.85 0
vertex 181.1 -96.325 1.5
vertex 181.1 -100.8 1.5
endloop
endfacet
facet normal 1 0 0
outer loop
vertex 181.1 -105.85 0
vertex 181.1 -100.8 1.5
vertex 181.1 -105.85 1.5
endloop
endfacet
facet normal 1 0 0
outer loop
vertex 181.1 -105.85 0
vertex 181.1 -105.85 1.5
vertex 181.1 -110.325 1.5
endloop
endfacet
facet normal 1 0 0
outer loop
vertex 181.1 -105.85 0
vertex 181.1 -110.325 1.5
vertex 181.1 -110.325 0
endloop
endfacet
facet normal 1 0 0
outer loop
vertex 181.1 -86.8 0
vertex 181.1 -77.275 0
vertex 181.1 -77.275 1.5
endloop
endfacet
facet normal 1 0 0
outer loop
vertex 181.1 -86.8 0
vertex 181.1 -77.275 1.5
vertex 181.1 -86.8 1.5
endloop
endfacet
facet normal 1 0 0
outer loop
vertex 181.1 -86.8 0
vertex 181.1 -86.8 1.5
vertex 181.1 -91.275 1.5
endloop
endfacet
facet normal 1 0 0
outer loop
vertex 181.1 -86.8 0
vertex 181.1 -91.275 1.5
vertex 181.1 -91.275 0
endloop
endfacet
facet normal 0 1 0
outer loop
vertex 195.1 -148.425 1.5
vertex 195.1 -148.425 0
vertex 181.1 -148.425 0
endloop
endfacet
facet normal 0 1 0
outer loop
vertex 195.1 -148.425 1.5
vertex 181.1 -148.425 0
vertex 181.1 -148.425 1.5
endloop
endfacet
facet normal 0 1 0
outer loop
vertex 252.25 -148.425 1.5
vertex 252.25 -148.425 0
vertex 238.25 -148.425 0
endloop
endfacet
facet normal 0 1 0
outer loop
vertex 252.25 -148.425 1.5
vertex 238.25 -148.425 0
vertex 238.25 -148.425 1.5
endloop
endfacet
facet normal 0 1 0
outer loop
vertex 347.5 -148.425 1.5
vertex 347.5 -148.425 0
vertex 333.5 -148.425 0
endloop
endfacet
facet normal 0 1 0
outer loop
vertex 347.5 -148.425 1.5
vertex 333.5 -148.425 0
vertex 333.5 -148.425 1.5
endloop
endfacet
facet normal 0 1 0
outer loop
vertex 404.65 -148.425 1.5
vertex 404.65 -148.425 0
vertex 390.65 -148.425 0
endloop
endfacet
facet normal 0 1 0
outer loop
vertex 404.65 -148.425 1.5
vertex 390.65 -148.425 0
vertex 390.65 -148.425 1.5
endloop
endfacet
facet normal 0 -1 0
outer loop
vertex 195.1 -134.425 0
vertex 195.1 -134.425 1.5
vertex 181.1 -134.425 1.5
endloop
endfacet
facet normal 0 -1 0
outer loop
vertex 195.1 -134.425 0
vertex 181.1 -134.425 1.5
vertex 181.1 -134.425 0
endloop
endfacet
facet normal 0 -1 0
outer loop
vertex 252.25 -134.425 0
vertex 252.25 -134.425 1.5
vertex 238.25 -134.425 1.5
endloop
endfacet
facet normal 0 -1 0
outer loop
vertex 252.25 -134.425 0
vertex 238.25 -134.425 1.5
vertex 238.25 -134.425 0
endloop
endfacet
facet normal 0 -1 0
outer loop
vertex 347.5 -134.425 0
vertex 347.5 -134.425 1.5
vertex 333.5 -134.425 1.5
endloop
endfacet
facet normal 0 -1 0
outer loop
vertex 347.5 -134.425 0
vertex 333.5 -134.425 1.5
vertex 333.5 -134.425 0
endloop
endfacet
facet normal 0 -1 0
outer loop
vertex 404.65 -134.425 0
vertex 404.65 -134.425 1.5
vertex 390.65 -134.425 1.5
endloop
endfacet
facet normal 0 -1 0
outer loop
vertex 404.65 -134.425 0
vertex 390.65 -134.425 1.5
vertex 390.65 -134.425 0
endloop
endfacet
facet normal 0 1 0
outer loop
vertex 195.1 -129.375 1.5
vertex 195.1 -129.375 0
vertex 181.1 -129.375 0
endloop
endfacet
facet normal 0 1 0
outer loop
vertex 195.1 -129.375 1.5
vertex 181.1 -129.375 0
vertex 181.1 -129.375 1.5
endloop
endfacet
facet normal 0 1 0
outer loop
vertex 252.25 -129.375 1.5
vertex 252.25 -129.375 0
vertex 238.25 -129.375 0
endloop
endfacet
facet normal 0 1 0
outer loop
vertex 252.25 -129.375 1.5
vertex 238.25 -129.375 0
vertex 238.25 -129.375 1.5
endloop
endfacet
facet normal 0 1 0
outer loop
vertex 347.5 -129.375 1.5
vertex 347.5 -129.375 0
vertex 333.5 -129.375 0
endloop
endfacet
facet normal 0 1 0
outer loop
vertex 347.5 -129.375 1.5
vertex 333.5 -129.375 0
vertex 333.5 -129.375 1.5
endloop
endfacet
facet normal 0 1 0
outer loop
vertex 404.65 -129.375 1.5
vertex 404.65 -129.375 0
vertex 390.65 -129.375 0
endloop
endfacet
facet normal 0 1 0
outer loop
vertex 404.65 -129.375 1.5
vertex 390.65 -129.375 0
vertex 390.65 -129.375 1.5
endloop
endfacet
facet normal 0 -1 0
outer loop
vertex 195.1 -115.375 0
vertex 195.1 -115.375 1.5
vertex 181.1 -115.375 1.5
endloop
endfacet
facet normal 0 -1 0
outer loop
vertex 195.1 -115.375 0
vertex 181.1 -115.375 1.5
vertex 181.1 -115.375 0
endloop
endfacet
facet normal 0 -1 0
outer loop
vertex 252.25 -115.375 0
vertex 252.25 -115.375 1.5
vertex 238.25 -115.375 1.5
endloop
endfacet
facet normal 0 -1 0
outer loop
vertex 252.25 -115.375 0
vertex 238.25 -115.375 1.5
vertex 238.25 -115.375 0
endloop
endfacet
facet normal 0 -1 0
outer loop
vertex 347.5 -115.375 0
vertex 347.5 -115.375 1.5
vertex 333.5 -115.375 1.5
endloop
endfacet
facet normal 0 -1 0
outer loop
vertex 347.5 -115.375 0
vertex 333.5 -115.375 1.5
vertex 333.5 -115.375 0
endloop
endfacet
facet normal 0 -1 0
outer loop
vertex 404.65 -115.375 0
vertex 404.65 -115.375 1.5
vertex 390.65 -115.375 1.5
endloop
endfacet
facet normal 0 -1 0
outer loop
vertex 404.65 -115.375 0
vertex 390.65 -115.375 1.5
vertex 390.65 -115.375 0
endloop
endfacet
facet normal 0 1 0
outer loop
vertex 195.1 -110.325 1.5
vertex 195.1 -110.325 0
vertex 181.1 -110.325 0
endloop
endfacet
facet normal 0 1 0
outer loop
vertex 195.1 -110.325 1.5
vertex 181.1 -110.325 0
vertex 181.1 -110.325 1.5
endloop
endfacet
facet normal 0 1 0
outer loop
vertex 252.25 -110.325 1.5
vertex 252.25 -110.325 0
vertex 238.25 -110.325 0
endloop
endfacet
facet normal 0 1 0
outer loop
vertex 252.25 -110.325 1.5
vertex 238.25 -110.325 0
vertex 238.25 -110.325 1.5
endloop
endfacet
facet normal 0 1 0
outer loop
vertex 347.5 -110.325 1.5
vertex 347.5 -110.325 0
vertex 333.5 -110.325 0
endloop
endfacet
facet normal 0 1 0
outer loop
vertex 347.5 -110.325 1.5
vertex 333.5 -110.325 0
vertex 333.5 -110.325 1.5
endloop
endfacet
facet normal 0 1 0
outer loop
vertex 404.65 -110.325 1.5
vertex 404.65 -110.325 0
vertex 390.65 -110.325 0
endloop
endfacet
facet normal 0 1 0
outer loop
vertex 404.65 -110.325 1.5
vertex 390.65 -110.325 0
vertex 390.65 -110.325 1.5
endloop
endfacet
facet normal 0 -1 0
outer loop
vertex 195.1 -96.325 0
vertex 195.1 -96.325 1.5
vertex 181.1 -96.325 1.5
endloop
endfacet
facet normal 0 -1 0
outer loop
vertex 195.1 -96.325 0
vertex 181.1 -96.325 1.5
vertex 181.1 -96.325 0
endloop
endfacet
facet normal 0 -1 0
outer loop
vertex 252.25 -96.325 0
vertex 252.25 -96.325 1.5
vertex 238.25 -96.325 1.5
endloop
endfacet
facet normal 0 -1 0
outer loop
vertex 252.25 -96.325 0
vertex 238.25 -96.325 1.5
vertex 238.25 -96.325 0
endloop
endfacet
facet normal 0 -1 0
outer loop
vertex 347.5 -96.325 0
vertex 347.5 -96.325 1.5
vertex 333.5 -96.325 1.5
endloop
endfacet
facet normal 0 -1 0
outer loop
vertex 347.5 -96.325 0
vertex 333.5 -96.325 1.5
vertex 333.5 -96.325 0
endloop
endfacet
facet normal 0 -1 0
outer loop
vertex 404.65 -96.325 0
vertex 404.65 -96.325 1.5
vertex 390.65 -96.325 1.5
endloop
endfacet
facet normal 0 -1 0
outer loop
vertex 404.65 -96.325 0
vertex 390.65 -96.325 1.5
vertex 390.65 -96.325 0
endloop
endfacet
facet normal 0 1 0
outer loop
vertex 195.1 -91.275 1.5
vertex 195.1 -91.275 0
vertex 181.1 -91.275 0
endloop
endfacet
facet normal 0 1 0
outer loop
vertex 195.1 -91.275 1.5
vertex 181.1 -91.275 0
vertex 181.1 -91.275 1.5
endloop
endfacet
facet normal 0 1 0
outer loop
vertex 252.25 -91.275 1.5
vertex 252.25 -91.275 0
vertex 238.25 -91.275 0
endloop
endfacet
facet normal 0 1 0
outer loop
vertex 252.25 -91.275 1.5
vertex 238.25 -91.275 0
vertex 238.25 -91.275 1.5
endloop
endfacet
facet normal 0 1 0
outer loop
vertex 347.5 -91.275 1.5
vertex 347.5 -91.275 0
vertex 333.5 -91.275 0
endloop
endfacet
facet normal 0 1 0
outer loop
vertex 347.5 -91.275 1.5
vertex 333.5 -91.275 0
vertex 333.5 -91.275 1.5
endloop
endfacet
facet normal 0 1 0
outer loop
vertex 404.65 -91.275 1.5
vertex 404.65 -91.275 0
vertex 390.65 -91.275 0
endloop
endfacet
facet normal 0 1 0
outer loop
vertex 404.65 -91.275 1.5
vertex 390.65 -91.275 0
vertex 390.65 -91.275 1.5
endloop
endfacet
facet normal 0 -1 0
outer loop
vertex 195.1 -77.275 0
vertex 195.1 -77.275 1.5
vertex 181.1 -77.275 1.5
endloop
endfacet
facet normal 0 -1 0
outer loop
vertex 195.1 -77.275 0
vertex 181.1 -77.275 1.5
vertex 181.1 -77.275 0
endloop
endfacet
facet normal 0 -1 0
outer loop
vertex 252.25 -77.275 0
vertex 252.25 -77.275 1.5
vertex 238.25 -77.275 1.5
endloop
endfacet
facet normal 0 -1 0
outer loop
vertex 252.25 -77.275 0
vertex 238.25 -77.275 1.5
vertex 238.25 -77.275 0
endloop
endfacet
facet normal 0 -1 0
outer loop
vertex 347.5 -77.275 0
vertex 347.5 -77.275 1.5
vertex 333.5 -77.275 1.5
endloop
endfacet
facet normal 0 -1 0
outer loop
vertex 347.5 -77.275 0
vertex 333.5 -77.275 1.5
vertex 333.5 -77.275 0
endloop
endfacet
facet normal 0 -1 0
outer loop
vertex 404.65 -77.275 0
vertex 404.65 -77.275 1.5
vertex 390.65 -77.275 1.5
endloop
endfacet
facet normal 0 -1 0
outer loop
vertex 404.65 -77.275 0
vertex 390.65 -77.275 1.5
vertex 390.65 -77.275 0
endloop
endfacet
facet normal 0 1 0
outer loop
vertex 214.15 -162.7125 1.5
vertex 214.15 -162.7125 0
vertex 200.15 -162.7125 0
endloop
endfacet
facet normal 0 1 0
outer loop
vertex 214.15 -162.7125 1.5
vertex 200.15 -162.7125 0
vertex 200.15 -162.7125 1.5
endloop
endfacet
facet normal 0 1 0
outer loop
vertex 385.6 -162.7125 1.5
vertex 385.6 -162.7125 0
vertex 371.6 -162.7125 0
endloop
endfacet
facet normal 0 1 0
outer loop
vertex 385.6 -162.7125 1.5
vertex 371.6 -162.7125 0
vertex 371.6 -162.7125 1.5
endloop
endfacet
facet normal -1 0 0
outer loop
vertex 214.15 -153.7312169 1.5
vertex 214.15 -148.7125 1.5
vertex 214.15 -148.7125 0
endloop
endfacet
facet normal -1 0 0
outer loop
vertex 214.15 -153.7312169 1.5
vertex 214.15 -148.7125 0
vertex 214.15 -153.73121689999994 0
endloop
endfacet
facet normal -1 0 0
outer loop
vertex 214.15 -153.7312169 1.5
vertex 214.15 -153.73121689999994 0
vertex 214.15 -162.7125 0
endloop
endfacet
facet normal -1 0 0
outer loop
vertex 214.15 -153.7312169 1.5
vertex 214.15 -162.7125 0
vertex 214.15 -162.7125 1.5
endloop
endfacet
facet normal -1 0 0
outer loop
vertex 214.15 -132.04375 1.5
vertex 214.15 -129.6625 1.5
vertex 214.15 -129.6625 0
endloop
endfacet
facet normal -1 0 0
outer loop
vertex 214.15 -132.04375 1.5
vertex 214.15 -129.6625 0
vertex 214.15 -132.04375 0
endloop
endfacet
facet normal -1 0 0
outer loop
vertex 214.15 -132.04375 1.5
vertex 214.15 -132.04375 0
vertex 214.15 -143.6625 0
endloop
endfacet
facet normal -1 0 0
outer loop
vertex 214.15 -132.04375 1.5
vertex 214.15 -143.6625 0
vertex 214.15 -143.6625 1.5
endloop
endfacet
facet normal -1 0 0
outer loop
vertex 214.15 -112.99375 1.5
vertex 214.15 -110.6125 1.5
vertex 214.15 -110.6125 0
endloop
endfacet
facet normal -1 0 0
outer loop
vertex 214.15 -112.99375 1.5
vertex 214.15 -110.6125 0
vertex 214.15 -112.99375 0
endloop
endfacet
facet normal -1 0 0
outer loop
vertex 214.15 -112.99375 1.5
vertex 214.15 -112.99375 0
vertex 214.15 -124.6125 0
endloop
endfacet
facet normal -1 0 0
outer loop
vertex 214.15 -112.99375 1.5
vertex 214.15 -124.6125 0
vertex 214.15 -124.6125 1.5
endloop
endfacet
facet normal -1 0 0
outer loop
vertex 214.15 -93.94375 1.5
vertex 214.15 -91.5625 1.5
vertex 214.15 -91.5625 0
endloop
endfacet
facet normal -1 0 0
outer loop
vertex 214.15 -93.94375 1.5
vertex 214.15 -91.5625 0
vertex 214.15 -93.94375 0
endloop
endfacet
facet normal -1 0 0
outer loop
vertex 214.15 -93.94375 1.5
vertex 214.15 -93.94375 0
vertex 214.15 -105.5625 0
endloop
endfacet
facet normal -1 0 0
outer loop
vertex 214.15 -93.94375 1.5
vertex 214.15 -105.5625 0
vertex 214.15 -105.5625 1.5
endloop
endfacet
facet normal -1 0 0
outer loop
vertex 214.15 -74.89375 1.5
vertex 214.15 -72.5125 1.5
vertex 214.15 -72.5125 0
endloop
endfacet
facet normal -1 0 0
outer loop
vertex 214.15 -74.89375 1.5
vertex 214.15 -72.5125 0
vertex 214.15 -74.89375 0
endloop
endfacet
facet normal -1 0 0
outer loop
vertex 214.15 -74.89375 1.5
vertex 214.15 -74.89375 0
vertex 214.15 -86.5125 0
endloop
endfacet
facet normal -1 0 0
outer loop
vertex 214.15 -74.89375 1.5
vertex 214.15 -86.5125 0
vertex 214.15 -86.5125 1.5
endloop
endfacet
facet normal 0 -1 0
outer loop
vertex 214.15 -148.7125 0
vertex 214.15 -148.7125 1.5
vertex 200.15 -148.7125 1.5
endloop
endfacet
facet normal 0 -1 0
outer loop
vertex 214.15 -148.7125 0
vertex 200.15 -148.7125 1.5
vertex 200.15 -148.7125 0
endloop
endfacet
facet normal 0 -1 0
outer loop
vertex 385.6 -148.7125 0
vertex 385.6 -148.7125 1.5
vertex 371.6 -148.7125 1.5
endloop
endfacet
facet normal 0 -1 0
outer loop
vertex 385.6 -148.7125 0
vertex 371.6 -148.7125 1.5
vertex 371.6 -148.7125 0
endloop
endfacet
facet normal 1 0 0
outer loop
vertex 200.15 -153.475 0
vertex 200.15 -148.7125 0
vertex 200.15 -148.7125 1.5
endloop
endfacet
facet normal 1 0 0
outer loop
vertex 200.15 -153.475 0
vertex 200.15 -148.7125 1.5
vertex 200.15 -153.475 1.5
endloop
endfacet
facet normal 1 0 0
outer loop
vertex 200.15 -153.475 0
vertex 200.15 -153.475 1.5
vertex 200.15 -162.7125 1.5
endloop
endfacet
facet normal 1 0 0
outer loop
vertex 200.15 -153.475 0
vertex 200.15 -162.7125 1.5
vertex 200.15 -162.7125 0
endloop
endfacet
facet normal 1 0 0
outer loop
vertex 200.15 -134.425 0
vertex 200.15 -129.6625 0
vertex 200.15 -129.6625 1.5
endloop
endfacet
facet normal 1 0 0
outer loop
vertex 200.15 -134.425 0
vertex 200.15 -129.6625 1.5
vertex 200.15 -134.425 1.5
endloop
endfacet
facet normal 1 0 0
outer loop
vertex 200.15 -134.425 0
vertex 200.15 -134.425 1.5
vertex 200.15 -143.6625 1.5
endloop
endfacet
facet normal 1 0 0
outer loop
vertex 200.15 -134.425 0
vertex 200.15 -143.6625 1.5
vertex 200.15 -143.6625 0
endloop
endfacet
facet normal 1 0 0
outer loop
vertex 200.15 -115.375 0
vertex 200.15 -110.6125 0
vertex 200.15 -110.6125 1.5
endloop
endfacet
facet normal 1 0 0
outer loop
vertex 200.15 -115.375 0
vertex 200.15 -110.6125 1.5
vertex 200.15 -115.375 1.5
endloop
endfacet
facet normal 1 0 0
outer loop
vertex 200.15 -115.375 0
vertex 200.15 -115.375 1.5
vertex 200.15 -124.6125 1.5
endloop
endfacet
facet normal 1 0 0
outer loop
vertex 200.15 -115.375 0
vertex 200.15 -124.6125 1.5
vertex 200.15 -124.6125 0
endloop
endfacet
facet normal 1 0 0
outer loop
vertex 200.15 -96.325 0
vertex 200.15 -91.5625 0
vertex 200.15 -91.5625 1.5
endloop
endfacet
facet normal 1 0 0
outer loop
vertex 200.15 -96.325 0
vertex 200.15 -91.5625 1.5
vertex 200.15 -96.325 1.5
endloop
endfacet
facet normal 1 0 0
outer loop
vertex 200.15 -96.325 0
vertex 200.15 -96.325 1.5
vertex 200.15 -105.5625 1.5
endloop
endfacet
facet normal 1 0 0
outer loop
vertex 200.15 -96.325 0
vertex 200.15 -105.5625 1.5
vertex 200.15 -105.5625 0
endloop
endfacet
facet normal 1 0 0
outer loop
vertex 200.15 -77.275 0
vertex 200.15 -72.5125 0
vertex 200.15 -72.5125 1.5
endloop
endfacet
facet normal 1 0 0
outer loop
vertex 200.15 -77.275 0
vertex 200.15 -72.5125 1.5
vertex 200.15 -77.275 1.5
endloop
endfacet
facet normal 1 0 0
outer loop
vertex 200.15 -77.275 0
vertex 200.15 -77.275 1.5
vertex 200.15 -86.5125 1.5
endloop
endfacet
facet normal 1 0 0
outer loop
vertex 200.15 -77.275 0
vertex 200.15 -86.5125 1.5
vertex 200.15 -86.5125 0
endloop
endfacet
facet normal 0 1 0
outer loop
vertex 214.15 -143.6625 1.5
vertex 214.15 -143.6625 0
vertex 200.15 -143.6625 0
endloop
endfacet
facet normal 0 1 0
outer loop
vertex 214.15 -143.6625 1.5
vertex 200.15 -143.6625 0
vertex 200.15 -143.6625 1.5
endloop
endfacet
facet normal 0 1 0
outer loop
vertex 385.6 -143.6625 1.5
vertex 385.6 -143.6625 0
vertex 371.6 -143.6625 0
endloop
endfacet
facet normal 0 1 0
outer loop
vertex 385.6 -143.6625 1.5
vertex 371.6 -143.6625 0
vertex 371.6 -143.6625 1.5
endloop
endfacet
facet normal 0 -1 0
outer loop
vertex 214.15 -129.6625 0
vertex 214.15 -129.6625 1.5
vertex 200.15 -129.6625 1.5
endloop
endfacet
facet normal 0 -1 0
outer loop
vertex 214.15 -129.6625 0
vertex 200.15 -129.6625 1.5
vertex 200.15 -129.6625 0
endloop
endfacet
facet normal 0 -1 0
outer loop
vertex 385.6 -129.6625 0
vertex 385.6 -129.6625 1.5
vertex 371.6 -129.6625 1.5
endloop
endfacet
facet normal 0 -1 0
outer loop
vertex 385.6 -129.6625 0
vertex 371.6 -129.6625 1.5
vertex 371.6 -129.6625 0
endloop
endfacet
facet normal 0 1 0
outer loop
vertex 214.15 -124.6125 1.5
vertex 214.15 -124.6125 0
vertex 200.15 -124.6125 0
endloop
endfacet
facet normal 0 1 0
outer loop
vertex 214.15 -124.6125 1.5
vertex 200.15 -124.6125 0
vertex 200.15 -124.6125 1.5
endloop
endfacet
facet normal 0 1 0
outer loop
vertex 385.6 -124.6125 1.5
vertex 385.6 -124.6125 0
vertex 371.6 -124.6125 0
endloop
endfacet
facet normal 0 1 0
outer loop
vertex 385.6 -124.6125 1.5
vertex 371.6 -124.6125 0
vertex 371.6 -124.6125 1.5
endloop
endfacet
facet normal 0 -1 0
outer loop
vertex 214.15 -110.6125 0
vertex 214.15 -110.6125 1.5
vertex 200.15 -110.6125 1.5
endloop
endfacet
facet normal 0 -1 0
outer loop
vertex 214.15 -110.6125 0
vertex 200.15 -110.6125 1.5
vertex 200.15 -110.6125 0
endloop
endfacet
facet normal 0 -1 0
outer loop
vertex 385.6 -110.6125 0
vertex 385.6 -110.6125 1.5
vertex 371.6 -110.6125 1.5
endloop
endfacet
facet normal 0 -1 0
outer loop
vertex 385.6 -110.6125 0
vertex 371.6 -110.6125 1.5
vertex 371.6 -110.6125 0
endloop
endfacet
facet normal 0 1 0
outer loop
vertex 214.15 -105.5625 1.5
vertex 214.15 -105.5625 0
vertex 200.15 -105.5625 0
endloop
endfacet
facet normal 0 1 0
outer loop
vertex 214.15 -105.5625 1.5
vertex 200.15 -105.5625 0
vertex 200.15 -105.5625 1.5
endloop
endfacet
facet normal 0 1 0
outer loop
vertex 385.6 -105.5625 1.5
vertex 385.6 -105.5625 0
vertex 371.6 -105.5625 0
endloop
endfacet
facet normal 0 1 0
outer loop
vertex 385.6 -105.5625 1.5
vertex 371.6 -105.5625 0
vertex 371.6 -105.5625 1.5
endloop
endfacet
facet normal 0 -1 0
outer loop
vertex 214.15 -91.5625 0
vertex 214.15 -91.5625 1.5
vertex 200.15 -91.5625 1.5
endloop
endfacet
facet normal 0 -1 0
outer loop
vertex 214.15 -91.5625 0
vertex 200.15 -91.5625 1.5
vertex 200.15 -91.5625 0
endloop
endfacet
facet normal 0 -1 0
outer loop
vertex 385.6 -91.5625 0
vertex 385.6 -91.5625 1.5
vertex 371.6 -91.5625 1.5
endloop
endfacet
facet normal 0 -1 0
outer loop
vertex 385.6 -91.5625 0
vertex 371.6 -91.5625 1.5
vertex 371.6 -91.5625 0
endloop
endfacet
facet normal 0 1 0
outer loop
vertex 214.15 -86.5125 1.5
vertex 214.15 -86.5125 0
vertex 200.15 -86.5125 0
endloop
endfacet
facet normal 0 1 0
outer loop
vertex 214.15 -86.5125 1.5
vertex 200.15 -86.5125 0
vertex 200.15 -86.5125 1.5
endloop
endfacet
facet normal 0 1 0
outer loop
vertex 385.6 -86.5125 1.5
vertex 385.6 -86.5125 0
vertex 371.6 -86.5125 0
endloop
endfacet
facet normal 0 1 0
outer loop
vertex 385.6 -86.5125 1.5
vertex 371.6 -86.5125 0
vertex 371.6 -86.5125 1.5
endloop
endfacet
facet normal 0 -1 0
outer loop
vertex 214.15 -72.5125 0
vertex 214.15 -72.5125 1.5
vertex 200.15 -72.5125 1.5
endloop
endfacet
facet normal 0 -1 0
outer loop
vertex 214.15 -72.5125 0
vertex 200.15 -72.5125 1.5
vertex 200.15 -72.5125 0
endloop
endfacet
facet normal 0 -1 0
outer loop
vertex 385.6 -72.5125 0
vertex 385.6 -72.5125 1.5
vertex 371.6 -72.5125 1.5
endloop
endfacet
facet normal 0 -1 0
outer loop
vertex 385.6 -72.5125 0
vertex 371.6 -72.5125 1.5
vertex 371.6 -72.5125 0
endloop
endfacet
facet normal 0 1 0
outer loop
vertex 233.2 -146.04375 1.5
vertex 233.2 -146.04375 0
vertex 219.2 -146.04375 0
endloop
endfacet
facet normal 0 1 0
outer loop
vertex 233.2 -146.04375 1.5
vertex 219.2 -146.04375 0
vertex 219.2 -146.04375 1.5
endloop
endfacet
facet normal 0 1 0
outer loop
vertex 366.55 -146.04375 1.5
vertex 366.55 -146.04375 0
vertex 352.55 -146.04375 0
endloop
endfacet
facet normal 0 1 0
outer loop
vertex 366.55 -146.04375 1.5
vertex 352.55 -146.04375 0
vertex 352.55 -146.04375 1.5
endloop
endfacet
facet normal -1 0 0
outer loop
vertex 233.2 -134.425 1.5
vertex 233.2 -132.04375 1.5
vertex 233.2 -132.04375 0
endloop
endfacet
facet normal -1 0 0
outer loop
vertex 233.2 -134.425 1.5
vertex 233.2 -132.04375 0
vertex 233.2 -134.425 0
endloop
endfacet
facet normal -1 0 0
outer loop
vertex 233.2 -134.425 1.5
vertex 233.2 -134.425 0
vertex 233.2 -146.04375 0
endloop
endfacet
facet normal -1 0 0
outer loop
vertex 233.2 -134.425 1.5
vertex 233.2 -146.04375 0
vertex 233.2 -146.04375 1.5
endloop
endfacet
facet normal -1 0 0
outer loop
vertex 233.2 -115.375 1.5
vertex 233.2 -112.99375 1.5
vertex 233.2 -112.99375 0
endloop
endfacet
facet normal -1 0 0
outer loop
vertex 233.2 -115.375 1.5
vertex 233.2 -112.99375 0
vertex 233.2 -115.375 0
endloop
endfacet
facet normal -1 0 0
outer loop
vertex 233.2 -115.375 1.5
vertex 233.2 -115.375 0
vertex 233.2 -126.99375 0
endloop
endfacet
facet normal -1 0 0
outer loop
vertex 233.2 -115.375 1.5
vertex 233.2 -126.99375 0
vertex 233.2 -126.99375 1.5
endloop
endfacet
facet normal -1 0 0
outer loop
vertex 233.2 -96.325 1.5
vertex 233.2 -93.94375 1.5
vertex 233.2 -93.94375 0
endloop
endfacet
facet normal -1 0 0
outer loop
vertex 233.2 -96.325 1.5
vertex 233.2 -93.94375 0
vertex 233.2 -96.325 0
endloop
endfacet
facet normal -1 0 0
outer loop
vertex 233.2 -96.325 1.5
vertex 233.2 -96.325 0
vertex 233.2 -107.94375 0
endloop
endfacet
facet normal -1 0 0
outer loop
vertex 233.2 -96.325 1.5
vertex 233.2 -107.94375 0
vertex 233.2 -107.94375 1.5
endloop
endfacet
facet normal -1 0 0
outer loop
vertex 233.2 -77.275 1.5
vertex 233.2 -74.89375 1.5
vertex 233.2 -74.89375 0
endloop
endfacet
facet normal -1 0 0
outer loop
vertex 233.2 -77.275 1.5
vertex 233.2 -74.89375 0
vertex 233.2 -77.275 0
endloop
endfacet
facet normal -1 0 0
outer loop
vertex 233.2 -77.275 1.5
vertex 233.2 -77.275 0
vertex 233.2 -88.89375 0
endloop
endfacet
facet normal -1 0 0
outer loop
vertex 233.2 -77.275 1.5
vertex 233.2 -88.89375 0
vertex 233.2 -88.89375 1.5
endloop
endfacet
facet normal 0 -1 0
outer loop
vertex 233.2 -132.04375 0
vertex 233.2 -132.04375 1.5
vertex 219.2 -132.04375 1.5
endloop
endfacet
facet normal 0 -1 0
outer loop
vertex 233.2 -132.04375 0
vertex 219.2 -132.04375 1.5
vertex 219.2 -132.04375 0
endloop
endfacet
facet normal 0 -1 0
outer loop
vertex 366.55 -132.04375 0
vertex 366.55 -132.04375 1.5
vertex 352.55 -132.04375 1.5
endloop
endfacet
facet normal 0 -1 0
outer loop
vertex 366.55 -132.04375 0
vertex 352.55 -132.04375 1.5
vertex 352.55 -132.04375 0
endloop
endfacet
facet normal 1 0 0
outer loop
vertex 219.2 -143.6625 0
vertex 219.2 -132.04375 0
vertex 219.2 -132.04375 1.5
endloop
endfacet
facet normal 1 0 0
outer loop
vertex 219.2 -143.6625 0
vertex 219.2 -132.04375 1.5
vertex 219.2 -143.6625 1.5
endloop
endfacet
facet normal 1 0 0
outer loop
vertex 219.2 -143.6625 0
vertex 219.2 -143.6625 1.5
vertex 219.2 -146.04375 1.5
endloop
endfacet
facet normal 1 0 0
outer loop
vertex 219.2 -143.6625 0
vertex 219.2 -146.04375 1.5
vertex 219.2 -146.04375 0
endloop
endfacet
facet normal 1 0 0
outer loop
vertex 219.2 -124.6125 0
vertex 219.2 -112.99375 0
vertex 219.2 -112.99375 1.5
endloop
endfacet
facet normal 1 0 0
outer loop
vertex 219.2 -124.6125 0
vertex 219.2 -112.99375 1.5
vertex 219.2 -124.6125 1.5
endloop
endfacet
facet normal 1 0 0
outer loop
vertex 219.2 -124.6125 0
vertex 219.2 -124.6125 1.5
vertex 219.2 -126.99375 1.5
endloop
endfacet
facet normal 1 0 0
outer loop
vertex 219.2 -124.6125 0
vertex 219.2 -126.99375 1.5
vertex 219.2 -126.99375 0
endloop
endfacet
facet normal 1 0 0
outer loop
vertex 219.2 -105.5625 0
vertex 219.2 -93.94375 0
vertex 219.2 -93.94375 1.5
endloop
endfacet
facet normal 1 0 0
outer loop
vertex 219.2 -105.5625 0
vertex 219.2 -93.94375 1.5
vertex 219.2 -105.5625 1.5
endloop
endfacet
facet normal 1 0 0
outer loop
vertex 219.2 -105.5625 0
vertex 219.2 -105.5625 1.5
vertex 219.2 -107.94375 1.5
endloop
endfacet
facet normal 1 0 0
outer loop
vertex 219.2 -105.5625 0
vertex 219.2 -107.94375 1.5
vertex 219.2 -107.94375 0
endloop
endfacet
facet normal 1 0 0
outer loop
vertex 219.2 -86.5125 0
vertex 219.2 -74.89375 0
vertex 219.2 -74.89375 1.5
endloop
endfacet
facet normal 1 0 0
outer loop
vertex 219.2 -86.5125 0
vertex 219.2 -74.89375 1.5
vertex 219.2 -86.5125 1.5
endloop
endfacet
facet normal 1 0 0
outer loop
vertex 219.2 -86.5125 0
vertex 219.2 -86.5125 1.5
vertex 219.2 -88.89375 1.5
endloop
endfacet
facet normal 1 0 0
outer loop
vertex 219.2 -86.5125 0
vertex 219.2 -88.89375 1.5
vertex 219.2 -88.89375 0
endloop
endfacet
facet normal 0 1 0
outer loop
vertex 233.2 -126.99375 1.5
vertex 233.2 -126.99375 0
vertex 219.2 -126.99375 0
endloop
endfacet
facet normal 0 1 0
outer loop
vertex 233.2 -126.99375 1.5
vertex 219.2 -126.99375 0
vertex 219.2 -126.99375 1.5
endloop
endfacet
facet normal 0 1 0
outer loop
vertex 366.55 -126.99375 1.5
vertex 366.55 -126.99375 0
vertex 352.55 -126.99375 0
endloop
endfacet
facet normal 0 1 0
outer loop
vertex 366.55 -126.99375 1.5
vertex 352.55 -126.99375 0
vertex 352.55 -126.99375 1.5
endloop
endfacet
facet normal 0 -1 0
outer loop
vertex 233.2 -112.99375 0
vertex 233.2 -112.99375 1.5
vertex 219.2 -112.99375 1.5
endloop
endfacet
facet normal 0 -1 0
outer loop
vertex 233.2 -112.99375 0
vertex 219.2 -112.99375 1.5
vertex 219.2 -112.99375 0
endloop
endfacet
facet normal 0 -1 0
outer loop
vertex 366.55 -112.99375 0
vertex 366.55 -112.99375 1.5
vertex 352.55 -112.99375 1.5
endloop
endfacet
facet normal 0 -1 0
outer loop
vertex 366.55 -112.99375 0
vertex 352.55 -112.99375 1.5
vertex 352.55 -112.99375 0
endloop
endfacet
facet normal 0 1 0
outer loop
vertex 233.2 -107.94375 1.5
vertex 233.2 -107.94375 0
vertex 219.2 -107.94375 0
endloop
endfacet
facet normal 0 1 0
outer loop
vertex 233.2 -107.94375 1.5
vertex 219.2 -107.94375 0
vertex 219.2 -107.94375 1.5
endloop
endfacet
facet normal 0 1 0
outer loop
vertex 366.55 -107.94375 1.5
vertex 366.55 -107.94375 0
vertex 352.55 -107.94375 0
endloop
endfacet
facet normal 0 1 0
outer loop
vertex 366.55 -107.94375 1.5
vertex 352.55 -107.94375 0
vertex 352.55 -107.94375 1.5
endloop
endfacet
facet normal 0 -1 0
outer loop
vertex 233.2 -93.94375 0
vertex 233.2 -93.94375 1.5
vertex 219.2 -93.94375 1.5
endloop
endfacet
facet normal 0 -1 0
outer loop
vertex 233.2 -93.94375 0
vertex 219.2 -93.94375 1.5
vertex 219.2 -93.94375 0
endloop
endfacet
facet normal 0 -1 0
outer loop
vertex 366.55 -93.94375 0
vertex 366.55 -93.94375 1.5
vertex 352.55 -93.94375 1.5
endloop
endfacet
facet normal 0 -1 0
outer loop
vertex 366.55 -93.94375 0
vertex 352.55 -93.94375 1.5
vertex 352.55 -93.94375 0
endloop
endfacet
facet normal 0 1 0
outer loop
vertex 233.2 -88.89375 1.5
vertex 233.2 -88.89375 0
vertex 219.2 -88.89375 0
endloop
endfacet
facet normal 0 1 0
outer loop
vertex 233.2 -88.89375 1.5
vertex 219.2 -88.89375 0
vertex 219.2 -88.89375 1.5
endloop
endfacet
facet normal 0 1 0
outer loop
vertex 366.55 -88.89375 1.5
vertex 366.55 -88.89375 0
vertex 352.55 -88.89375 0
endloop
endfacet
facet normal 0 1 0
outer loop
vertex 366.55 -88.89375 1.5
vertex 352.55 -88.89375 0
vertex 352.55 -88.89375 1.5
endloop
endfacet
facet normal 0 -1 0
outer loop
vertex 233.2 -74.89375 0
vertex 233.2 -74.89375 1.5
vertex 219.2 -74.89375 1.5
endloop
endfacet
facet normal 0 -1 0
outer loop
vertex 233.2 -74.89375 0
vertex 219.2 -74.89375 1.5
vertex 219.2 -74.89375 0
endloop
endfacet
facet normal 0 -1 0
outer loop
vertex 366.55 -74.89375 0
vertex 366.55 -74.89375 1.5
vertex 352.55 -74.89375 1.5
endloop
endfacet
facet normal 0 -1 0
outer loop
vertex 366.55 -74.89375 0
vertex 352.55 -74.89375 1.5
vertex 352.55 -74.89375 0
endloop
endfacet
facet normal -1 0 0
outer loop
vertex 252.25 -138.9 1.5
vertex 252.25 -134.425 1.5
vertex 252.25 -134.425 0
endloop
endfacet
facet normal -1 0 0
outer loop
vertex 252.25 -138.9 1.5
vertex 252.25 -134.425 0
vertex 252.25 -138.9 0
endloop
endfacet
facet normal -1 0 0
outer loop
vertex 252.25 -138.9 1.5
vertex 252.25 -138.9 0
vertex 252.25 -148.425 0
endloop
endfacet
facet normal -1 0 0
outer loop
vertex 252.25 -138.9 1.5
vertex 252.25 -148.425 0
vertex 252.25 -148.425 1.5
endloop
endfacet
facet normal -1 0 0
outer loop
vertex 252.25 -124.9 1.5
vertex 252.25 -119.85 1.5
vertex 252.25 -115.375 1.5
endloop
endfacet
facet normal -1 0 0
outer loop
vertex 252.25 -124.9 1.5
vertex 252.25 -115.375 1.5
vertex 252.25 -115.375 0
endloop
endfacet
facet normal -1 0 0
outer loop
vertex 252.25 -124.9 1.5
vertex 252.25 -115.375 0
vertex 252.25 -119.85 0
endloop
endfacet
facet normal -1 0 0
outer loop
vertex 252.25 -124.9 1.5
vertex 252.25 -119.85 0
vertex 252.25 -124.9 0
endloop
endfacet
facet normal -1 0 0
outer loop
vertex 252.25 -124.9 1.5
vertex 252.25 -124.9 0
vertex 252.25 -129.375 0
endloop
endfacet
facet normal -1 0 0
outer loop
vertex 252.25 -124.9 1.5
vertex 252.25 -129.375 0
vertex 252.25 -129.375 1.5
endloop
endfacet
facet normal -1 0 0
outer loop
vertex 252.25 -105.85 1.5
vertex 252.25 -100.8 1.5
vertex 252.25 -96.325 1.5
endloop
endfacet
facet normal -1 0 0
outer loop
vertex 252.25 -105.85 1.5
vertex 252.25 -96.325 1.5
vertex 252.25 -96.325 0
endloop
endfacet
facet normal -1 0 0
outer loop
vertex 252.25 -105.85 1.5
vertex 252.25 -96.325 0
vertex 252.25 -100.8 0
endloop
endfacet
facet normal -1 0 0
outer loop
vertex 252.25 -105.85 1.5
vertex 252.25 -100.8 0
vertex 252.25 -105.85 0
endloop
endfacet
facet normal -1 0 0
outer loop
vertex 252.25 -105.85 1.5
vertex 252.25 -105.85 0
vertex 252.25 -110.325 0
endloop
endfacet
facet normal -1 0 0
outer loop
vertex 252.25 -105.85 1.5
vertex 252.25 -110.325 0
vertex 252.25 -110.325 1.5
endloop
endfacet
facet normal -1 0 0
outer loop
vertex 252.25 -86.8 1.5
vertex 252.25 -77.275 1.5
vertex 252.25 -77.275 0
endloop
endfacet
facet normal -1 0 0
outer loop
vertex 252.25 -86.8 1.5
vertex 252.25 -77.275 0
vertex 252.25 -86.8 0
endloop
endfacet
facet normal -1 0 0
outer loop
vertex 252.25 -86.8 1.5
vertex 252.25 -86.8 0
vertex 252.25 -91.275 0
endloop
endfacet
facet normal -1 0 0
outer loop
vertex 252.25 -86.8 1.5
vertex 252.25 -91.275 0
vertex 252.25 -91.275 1.5
endloop
endfacet
facet normal 1 0 0
outer loop
vertex 238.25 -146.04375 0
vertex 238.25 -134.425 0
vertex 238.25 -134.425 1.5
endloop
endfacet
facet normal 1 0 0
outer loop
vertex 238.25 -146.04375 0
vertex 238.25 -134.425 1.5
vertex 238.25 -146.04375 1.5
endloop
endfacet
facet normal 1 0 0
outer loop
vertex 238.25 -146.04375 0
vertex 238.25 -146.04375 1.5
vertex 238.25 -148.425 1.5
endloop
endfacet
facet normal 1 0 0
outer loop
vertex 238.25 -146.04375 0
vertex 238.25 -148.425 1.5
vertex 238.25 -148.425 0
endloop
endfacet
facet normal 1 0 0
outer loop
vertex 238.25 -126.99375 0
vertex 238.25 -115.375 0
vertex 238.25 -115.375 1.5
endloop
endfacet
facet normal 1 0 0
outer loop
vertex 238.25 -126.99375 0
vertex 238.25 -115.375 1.5
vertex 238.25 -126.99375 1.5
endloop
endfacet
facet normal 1 0 0
outer loop
vertex 238.25 -126.99375 0
vertex 238.25 -126.99375 1.5
vertex 238.25 -129.375 1.5
endloop
endfacet
facet normal 1 0 0
outer loop
vertex 238.25 -126.99375 0
vertex 238.25 -129.375 1.5
vertex 238.25 -129.375 0
endloop
endfacet
facet normal 1 0 0
outer loop
vertex 238.25 -107.94375 0
vertex 238.25 -96.325 0
vertex 238.25 -96.325 1.5
endloop
endfacet
facet normal 1 0 0
outer loop
vertex 238.25 -107.94375 0
vertex 238.25 -96.325 1.5
vertex 238.25 -107.94375 1.5
endloop
endfacet
facet normal 1 0 0
outer loop
vertex 238.25 -107.94375 0
vertex 238.25 -107.94375 1.5
vertex 238.25 -110.325 1.5
endloop
endfacet
facet normal 1 0 0
outer loop
vertex 238.25 -107.94375 0
vertex 238.25 -110.325 1.5
vertex 238.25 -110.325 0
endloop
endfacet
facet normal 1 0 0
outer loop
vertex 238.25 -88.89375 0
vertex 238.25 -77.275 0
vertex 238.25 -77.275 1.5
endloop
endfacet
facet normal 1 0 0
outer loop
vertex 238.25 -88.89375 0
vertex 238.25 -77.275 1.5
vertex 238.25 -88.89375 1.5
endloop
endfacet
facet normal 1 0 0
outer loop
vertex 238.25 -88.89375 0
vertex 238.25 -88.89375 1.5
vertex 238.25 -91.275 1.5
endloop
endfacet
facet normal 1 0 0
outer loop
vertex 238.25 -88.89375 0
vertex 238.25 -91.275 1.5
vertex 238.25 -91.275 0
endloop
endfacet
facet normal -1 0 0
outer loop
vertex 271.3 -124.9 1.5
vertex 271.3 -124.9 0
vertex 271.3 -138.9 0
endloop
endfacet
facet normal -1 0 0
outer loop
vertex 271.3 -124.9 1.5
vertex 271.3 -138.9 0
vertex 271.3 -138.9 1.5
endloop
endfacet
facet normal -1 0 0
outer loop
vertex 271.3 -105.85 1.5
vertex 271.3 -105.85 0
vertex 271.3 -119.85 0
endloop
endfacet
facet normal -1 0 0
outer loop
vertex 271.3 -105.85 1.5
vertex 271.3 -119.85 0
vertex 271.3 -119.85 1.5
endloop
endfacet
facet normal -1 0 0
outer loop
vertex 271.3 -86.8 1.5
vertex 271.3 -86.8 0
vertex 271.3 -100.8 0
endloop
endfacet
facet normal -1 0 0
outer loop
vertex 271.3 -86.8 1.5
vertex 271.3 -100.8 0
vertex 271.3 -100.8 1.5
endloop
endfacet
facet normal 1 0 0
outer loop
vertex 257.3 -134.425 0
vertex 257.3 -132.04375 0
vertex 257.3 -129.6625 0
endloop
endfacet
facet normal 1 0 0
outer loop
vertex 257.3 -134.425 0
vertex 257.3 -129.6625 0
vertex 257.3 -129.375 0
endloop
endfacet
facet normal 1 0 0
outer loop
vertex 257.3 -134.425 0
vertex 257.3 -129.375 0
vertex 257.3 -124.9 0
endloop
endfacet
facet normal 1 0 0
outer loop
vertex 257.3 -134.425 0
vertex 257.3 -124.9 0
vertex 257.3 -124.9 1.5
endloop
endfacet
facet normal 1 0 0
outer loop
vertex 257.3 -134.425 0
vertex 257.3 -124.9 1.5
vertex 257.3 -129.375 1.5
endloop
endfacet
facet normal 1 0 0
outer loop
vertex 257.3 -134.425 0
vertex 257.3 -129.375 1.5
vertex 257.3 -129.6625 1.5
endloop
endfacet
facet normal 1 0 0
outer loop
vertex 257.3 -134.425 0
vertex 257.3 -129.6625 1.5
vertex 257.3 -132.04375 1.5
endloop
endfacet
facet normal 1 0 0
outer loop
vertex 257.3 -134.425 0
vertex 257.3 -132.04375 1.5
vertex 257.3 -134.425 1.5
endloop
endfacet
facet normal 1 0 0
outer loop
vertex 257.3 -134.425 0
vertex 257.3 -134.425 1.5
vertex 257.3 -138.9 1.5
endloop
endfacet
facet normal 1 0 0
outer loop
vertex 257.3 -134.425 0
vertex 257.3 -138.9 1.5
vertex 257.3 -138.9 0
endloop
endfacet
facet normal 1 0 0
outer loop
vertex 257.3 -115.375 0
vertex 257.3 -112.99375 0
vertex 257.3 -110.6125 0
endloop
endfacet
facet normal 1 0 0
outer loop
vertex 257.3 -115.375 0
vertex 257.3 -110.6125 0
vertex 257.3 -110.325 0
endloop
endfacet
facet normal 1 0 0
outer loop
vertex 257.3 -115.375 0
vertex 257.3 -110.325 0
vertex 257.3 -105.85 0
endloop
endfacet
facet normal 1 0 0
outer loop
vertex 257.3 -115.375 0
vertex 257.3 -105.85 0
vertex 257.3 -105.85 1.5
endloop
endfacet
facet normal 1 0 0
outer loop
vertex 257.3 -115.375 0
vertex 257.3 -105.85 1.5
vertex 257.3 -110.325 1.5
endloop
endfacet
facet normal 1 0 0
outer loop
vertex 257.3 -115.375 0
vertex 257.3 -110.325 1.5
vertex 257.3 -110.6125 1.5
endloop
endfacet
facet normal 1 0 0
outer loop
vertex 257.3 -115.375 0
vertex 257.3 -110.6125 1.5
vertex 257.3 -112.99375 1.5
endloop
endfacet
facet normal 1 0 0
outer loop
vertex 257.3 -115.375 0
vertex 257.3 -112.99375 1.5
vertex 257.3 -115.375 1.5
endloop
endfacet
facet normal 1 0 0
outer loop
vertex 257.3 -115.375 0
vertex 257.3 -115.375 1.5
vertex 257.3 -119.85 1.5
endloop
endfacet
facet normal 1 0 0
outer loop
vertex 257.3 -115.375 0
vertex 257.3 -119.85 1.5
vertex 257.3 -119.85 0
endloop
endfacet
facet normal 1 0 0
outer loop
vertex 257.3 -96.325 0
vertex 257.3 -93.94375 0
vertex 257.3 -91.5625 0
endloop
endfacet
facet normal 1 0 0
outer loop
vertex 257.3 -96.325 0
vertex 257.3 -91.5625 0
vertex 257.3 -91.275 0
endloop
endfacet
facet normal 1 0 0
outer loop
vertex 257.3 -96.325 0
vertex 257.3 -91.275 0
vertex 257.3 -86.8 0
endloop
endfacet
facet normal 1 0 0
outer loop
vertex 257.3 -96.325 0
vertex 257.3 -86.8 0
vertex 257.3 -86.8 1.5
endloop
endfacet
facet normal 1 0 0
outer loop
vertex 257.3 -96.325 0
vertex 257.3 -86.8 1.5
vertex 257.3 -91.275 1.5
endloop
endfacet
facet normal 1 0 0
outer loop
vertex 257.3 -96.325 0
vertex 257.3 -91.275 1.5
vertex 257.3 -91.5625 1.5
endloop
endfacet
facet normal 1 0 0
outer loop
vertex 257.3 -96.325 0
vertex 257.3 -91.5625 1.5
vertex 257.3 -93.94375 1.5
endloop
endfacet
facet normal 1 0 0
outer loop
vertex 257.3 -96.325 0
vertex 257.3 -93.94375 1.5
vertex 257.3 -96.325 1.5
endloop
endfacet
facet normal 1 0 0
outer loop
vertex 257.3 -96.325 0
vertex 257.3 -96.325 1.5
vertex 257.3 -100.8 1.5
endloop
endfacet
facet normal 1 0 0
outer loop
vertex 257.3 -96.325 0
vertex 257.3 -100.8 1.5
vertex 257.3 -100.8 0
endloop
endfacet
facet normal 0 0 -1
outer loop
vertex 250.47509630000002 -171.2163972 1.5
vertex 252.30637815782984 -171.9562831 1.5
vertex 263.4556702 -176.4608895 1.5
endloop
endfacet
facet normal 0 0 -1
outer loop
vertex 250.47509630000002 -171.2163972 1.5
vertex 263.4556702 -176.4608895 1.5
vertex 263.45567019999993 -176.46088949999998 0
endloop
endfacet
facet normal 0 0 -1
outer loop
vertex 250.47509630000002 -171.2163972 1.5
vertex 263.45567019999993 -176.46088949999998 0
vertex 252.30637815782984 -171.9562831 0
endloop
endfacet
facet normal 0 0 -1
outer loop
vertex 250.47509630000002 -171.2163972 1.5
vertex 252.30637815782984 -171.9562831 0
vertex 250.47509629999996 -171.21639719999996 0
endloop
endfacet
facet normal -0.9271838541200168 0.3746065945217083 0
outer loop
vertex 263.4556702 -176.4608895 1.5
vertex 268.7001625 -163.4803156 1.5
vertex 268.7001625 -163.4803156 0
endloop
endfacet
facet normal -0.9271838541200168 0.3746065945217083 0
outer loop
vertex 263.4556702 -176.4608895 1.5
vertex 268.7001625 -163.4803156 0
vertex 263.45567019999993 -176.46088949999998 0
endloop
endfacet
facet normal -0.37460659452173023 -0.9271838541200078 0
outer loop
vertex 268.7001625 -163.4803156 1.5
vertex 255.71958859999998 -158.23582329999996 1.5
vertex 255.7195886 -158.23582329999996 0
endloop
endfacet
facet normal -0.37460659452173023 -0.9271838541200078 0
outer loop
vertex 268.7001625 -163.4803156 1.5
vertex 255.7195886 -158.23582329999996 0
vertex 268.7001625 -163.4803156 0
endloop
endfacet
facet normal 0 0 -1
outer loop
vertex 255.71958859999998 -158.23582329999996 1.5
vertex 255.42065529124784 -158.9757092 1.5
vertex 250.47509630000002 -171.2163972 1.5
endloop
endfacet
facet normal 0 0 -1
outer loop
vertex 255.71958859999998 -158.23582329999996 1.5
vertex 250.47509630000002 -171.2163972 1.5
vertex 250.47509629999996 -171.21639719999996 0
endloop
endfacet
facet normal 0 0 -1
outer loop
vertex 255.71958859999998 -158.23582329999996 1.5
vertex 250.47509629999996 -171.21639719999996 0
vertex 255.42065529124787 -158.97570919999998 0
endloop
endfacet
facet normal 0 0 -1
outer loop
vertex 255.71958859999998 -158.23582329999996 1.5
vertex 255.42065529124787 -158.97570919999998 0
vertex 255.7195886 -158.23582329999996 0
endloop
endfacet
facet normal 0 0 -1
outer loop
vertex 226.61246689999984 -166.71179079999993 1.5
vertex 226.89368357070657 -166.82540971049764 1.5
vertex 226.90872126269483 -166.8314853324578 1.5
endloop
endfacet
facet normal 0 0 -1
outer loop
vertex 226.61246689999984 -166.71179079999993 1.5
vertex 226.90872126269483 -166.8314853324578 1.5
vertex 227.02445942096153 -166.87824658388797 1.5
endloop
endfacet
facet normal 0 0 -1
outer loop
vertex 226.61246689999984 -166.71179079999993 1.5
vertex 227.02445942096153 -166.87824658388797 1.5
vertex 227.23852873202236 -166.9647362 1.5
endloop
endfacet
facet normal 0 0 -1
outer loop
vertex 226.61246689999984 -166.71179079999993 1.5
vertex 227.23852873202236 -166.9647362 1.5
vertex 239.5930408 -171.9562831 1.5
endloop
endfacet
facet normal 0 0 -1
outer loop
vertex 226.61246689999984 -166.71179079999993 1.5
vertex 239.5930408 -171.9562831 1.5
vertex 239.59304079999998 -171.9562831 0
endloop
endfacet
facet normal 0 0 -1
outer loop
vertex 226.61246689999984 -166.71179079999993 1.5
vertex 239.59304079999998 -171.9562831 0
vertex 227.23852873202247 -166.96473620000006 0
endloop
endfacet
facet normal 0 0 -1
outer loop
vertex 226.61246689999984 -166.71179079999993 1.5
vertex 227.23852873202247 -166.96473620000006 0
vertex 227.0244594209617 -166.87824658388806 0
endloop
endfacet
facet normal 0 0 -1
outer loop
vertex 226.61246689999984 -166.71179079999993 1.5
vertex 227.0244594209617 -166.87824658388806 0
vertex 226.90872126269477 -166.8314853324578 0
endloop
endfacet
facet normal 0 0 -1
outer loop
vertex 226.61246689999984 -166.71179079999993 1.5
vertex 226.90872126269477 -166.8314853324578 0
vertex 226.89368357070651 -166.82540971049764 0
endloop
endfacet
facet normal 0 0 -1
outer loop
vertex 226.61246689999984 -166.71179079999993 1.5
vertex 226.89368357070651 -166.82540971049764 0
vertex 226.61246689999996 -166.71179079999993 0
endloop
endfacet
facet normal 0 0 1
outer loop
vertex 239.5930408 -171.9562831 1.5
vertex 239.89197410875215 -171.2163972 1.5
vertex 244.8375331 -158.9757092 1.5
endloop
endfacet
facet normal 0 0 1
outer loop
vertex 239.5930408 -171.9562831 1.5
vertex 244.8375331 -158.9757092 1.5
vertex 244.8375331 -158.97570919999998 0
endloop
endfacet
facet normal 0 0 1
outer loop
vertex 239.5930408 -171.9562831 1.5
vertex 244.8375331 -158.97570919999998 0
vertex 239.89197410875215 -171.21639719999996 0
endloop
endfacet
facet normal 0 0 1
outer loop
vertex 239.5930408 -171.9562831 1.5
vertex 239.89197410875215 -171.21639719999996 0
vertex 239.59304079999998 -171.9562831 0
endloop
endfacet
facet normal 0 0 -1
outer loop
vertex 244.8375331 -158.9757092 1.5
vertex 243.0062512421701 -158.23582329999996 1.5
vertex 231.8569592 -153.7312169 1.5
endloop
endfacet
facet normal 0 0 -1
outer loop
vertex 244.8375331 -158.9757092 1.5
vertex 231.8569592 -153.7312169 1.5
vertex 231.8569591999999 -153.73121689999994 0
endloop
endfacet
facet normal 0 0 -1
outer loop
vertex 244.8375331 -158.9757092 1.5
vertex 231.8569591999999 -153.73121689999994 0
vertex 243.00625124217015 -158.23582329999996 0
endloop
endfacet
facet normal 0 0 -1
outer loop
vertex 244.8375331 -158.9757092 1.5
vertex 243.00625124217015 -158.23582329999996 0
vertex 244.8375331 -158.97570919999998 0
endloop
endfacet
facet normal 0 0 -1
outer loop
vertex 231.8569592 -153.7312169 1.5
vertex 228.2282852734897 -162.7125 1.5
vertex 226.61246689999984 -166.71179079999993 1.5
endloop
endfacet
facet normal 0 0 -1
outer loop
vertex 231.8569592 -153.7312169 1.5
vertex 226.61246689999984 -166.71179079999993 1.5
vertex 226.61246689999996 -166.71179079999993 0
endloop
endfacet
facet normal 0 0 -1
outer loop
vertex 231.8569592 -153.7312169 1.5
vertex 226.61246689999996 -166.71179079999993 0
vertex 228.2282852734897 -162.7125 0
endloop
endfacet
facet normal 0 0 -1
outer loop
vertex 231.8569592 -153.7312169 1.5
vertex 228.2282852734897 -162.7125 0
vertex 231.8569591999999 -153.73121689999994 0
endloop
endfacet
facet normal 1 0 0
outer loop
vertex 446.275 -177 0
vertex 446.275 -163 0
vertex 446.275 -157.95 0
endloop
endfacet
facet normal 1 0 0
outer loop
vertex 446.275 -177 0
vertex 446.275 -157.95 0
vertex 446.275 -143.95 0
endloop
endfacet
facet normal 1 0 0
outer loop
vertex 446.275 -177 0
vertex 446.275 -143.95 0
vertex 446.275 -138.9 0
endloop
endfacet
facet normal 1 0 0
outer loop
vertex 446.275 -177 0
vertex 446.275 -138.9 0
vertex 446.275 -124.9 0
endloop
endfacet
facet normal 1 0 0
outer loop
vertex 446.275 -177 0
vertex 446.275 -124.9 0
vertex 446.275 -119.85 0
endloop
endfacet
facet normal 1 0 0
outer loop
vertex 446.275 -177 0
vertex 446.275 -119.85 0
vertex 446.275 -105.85 0
endloop
endfacet
facet normal 1 0 0
outer loop
vertex 446.275 -177 0
vertex 446.275 -105.85 0
vertex 446.275 -100.8 0
endloop
endfacet
facet normal 1 0 0
outer loop
vertex 446.275 -177 0
vertex 446.275 -100.8 0
vertex 446.275 -86.8 0
endloop
endfacet
facet normal 1 0 0
outer loop
vertex 446.275 -177 0
vertex 446.275 -86.8 0
vertex 446.275 -84.7539267 0
endloop
endfacet
facet normal 1 0 0
outer loop
vertex 446.275 -177 0
vertex 446.275 -84.7539267 0
vertex 446.275 -84.75392670000008 1.5
endloop
endfacet
facet normal 1 0 0
outer loop
vertex 446.275 -177 0
vertex 446.275 -84.75392670000008 1.5
vertex 446.275 -86.8 1.5
endloop
endfacet
facet normal 1 0 0
outer loop
vertex 446.275 -177 0
vertex 446.275 -86.8 1.5
vertex 446.275 -100.8 1.5
endloop
endfacet
facet normal 1 0 0
outer loop
vertex 446.275 -177 0
vertex 446.275 -100.8 1.5
vertex 446.275 -105.85 1.5
endloop
endfacet
facet normal 1 0 0
outer loop
vertex 446.275 -177 0
vertex 446.275 -105.85 1.5
vertex 446.275 -119.85 1.5
endloop
endfacet
facet normal 1 0 0
outer loop
vertex 446.275 -177 0
vertex 446.275 -119.85 1.5
vertex 446.275 -124.9 1.5
endloop
endfacet
facet normal 1 0 0
outer loop
vertex 446.275 -177 0
vertex 446.275 -124.9 1.5
vertex 446.275 -138.9 1.5
endloop
endfacet
facet normal 1 0 0
outer loop
vertex 446.275 -177 0
vertex 446.275 -138.9 1.5
vertex 446.275 -143.95 1.5
endloop
endfacet
facet normal 1 0 0
outer loop
vertex 446.275 -177 0
vertex 446.275 -143.95 1.5
vertex 446.275 -157.95 1.5
endloop
endfacet
facet normal 1 0 0
outer loop
vertex 446.275 -177 0
vertex 446.275 -157.95 1.5
vertex 446.275 -163 1.5
endloop
endfacet
facet normal 1 0 0
outer loop
vertex 446.275 -177 0
vertex 446.275 -163 1.5
vertex 446.275 -177 1.5
endloop
endfacet
facet normal 1 0 0
outer loop
vertex 446.275 -177 0
vertex 446.275 -177 1.5
vertex 446.275 -178.5250000000001 1.5
endloop
endfacet
facet normal 1 0 0
outer loop
vertex 446.275 -177 0
vertex 446.275 -178.5250000000001 1.5
vertex 446.275 -178.52499999999978 0
endloop
endfacet
facet normal 0.9968334250383164 0.07951806540893346 0
outer loop
vertex 446.2497112831469 -84.43690894930619 1.5
vertex 446.275 -84.75392670000008 1.5
vertex 446.275 -84.7539267 0
endloop
endfacet
facet normal 0.9968334250383164 0.07951806540893346 0
outer loop
vertex 446.2497112831469 -84.43690894930619 1.5
vertex 446.275 -84.7539267 0
vertex 446.2497112831469 -84.43690894930589 0
endloop
endfacet
facet normal 0.9716303118890224 0.23650483508470016 0
outer loop
vertex 446.17449658528 -84.12790520178912 1.5
vertex 446.2497112831469 -84.43690894930619 1.5
vertex 446.2497112831469 -84.43690894930589 0
endloop
endfacet
facet normal 0.9716303118890224 0.23650483508470016 0
outer loop
vertex 446.17449658528 -84.12790520178912 1.5
vertex 446.2497112831469 -84.43690894930589 0
vertex 446.1744965852802 -84.12790520178977 0
endloop
endfacet
facet normal 0.9218581097348064 0.3875275803296715 0
outer loop
vertex 446.0512527206929 -83.83473031099035 1.5
vertex 446.17449658528 -84.12790520178912 1.5
vertex 446.1744965852802 -84.12790520178977 0
endloop
endfacet
facet normal 0.9218581097348064 0.3875275803296715 0
outer loop
vertex 446.0512527206929 -83.83473031099035 1.5
vertex 446.1744965852802 -84.12790520178977 0
vertex 446.05125272069273 -83.83473031099007 0
endloop
endfacet
facet normal 0.8487765946592808 0.5287516357975597 0
outer loop
vertex 445.88309592796185 -83.56479724555814 1.5
vertex 446.0512527206929 -83.83473031099035 1.5
vertex 446.05125272069273 -83.83473031099007 0
endloop
endfacet
facet normal 0.8487765946592808 0.5287516357975597 0
outer loop
vertex 445.88309592796185 -83.56479724555814 1.5
vertex 446.05125272069273 -83.83473031099007 0
vertex 445.88309592796196 -83.56479724555831 0
endloop
endfacet
facet normal 0.7542336431258154 0.6566061312363448 0
outer loop
vertex 445.6742780754195 -83.32493130130301 1.5
vertex 445.88309592796185 -83.56479724555814 1.5
vertex 445.88309592796196 -83.56479724555831 0
endloop
endfacet
facet normal 0.7542336431258154 0.6566061312363448 0
outer loop
vertex 445.6742780754195 -83.32493130130301 1.5
vertex 445.88309592796196 -83.56479724555831 0
vertex 445.6742780754193 -83.32493130130281 0
endloop
endfacet
facet normal 0.64061978705962 0.7678582476132475 0
outer loop
vertex 445.4300791520528 -83.12119752260931 1.5
vertex 445.6742780754195 -83.32493130130301 1.5
vertex 445.6742780754193 -83.32493130130281 0
endloop
endfacet
facet normal 0.64061978705962 0.7678582476132475 0
outer loop
vertex 445.4300791520528 -83.12119752260931 1.5
vertex 445.6742780754193 -83.32493130130281 0
vertex 445.4300791520528 -83.12119752260931 0
endloop
endfacet
facet normal 0.5108077689091871 0.8596949594024724 0
outer loop
vertex 445.15667376223973 -82.95874734693858 1.5
vertex 445.4300791520528 -83.12119752260931 1.5
vertex 445.4300791520528 -83.12119752260931 0
endloop
endfacet
facet normal 0.5108077689091871 0.8596949594024724 0
outer loop
vertex 445.15667376223973 -82.95874734693858 1.5
vertex 445.4300791520528 -83.12119752260931 0
vertex 445.1566737622397 -82.95874734693852 0
endloop
endfacet
facet normal 0.36807990394616713 0.9297941623343203 0
outer loop
vertex 444.8609749999997 -82.8416883499999 1.5
vertex 445.15667376223973 -82.95874734693858 1.5
vertex 445.1566737622397 -82.95874734693852 0
endloop
endfacet
facet normal 0.36807990394616713 0.9297941623343203 0
outer loop
vertex 444.8609749999997 -82.8416883499999 1.5
vertex 445.1566737622397 -82.95874734693852 0
vertex 444.8609749999998 -82.84168834999991 0
endloop
endfacet
facet normal 0 0 -1
outer loop
vertex 399.9364140000003 -69.07526710000008 1.5
vertex 411.15328556618556 -72.5125 1.5
vertex 426.69495887961114 -77.275 1.5
endloop
endfacet
facet normal 0 0 -1
outer loop
vertex 399.9364140000003 -69.07526710000008 1.5
vertex 426.69495887961114 -77.275 1.5
vertex 444.8609749999997 -82.8416883499999 1.5
endloop
endfacet
facet normal 0 0 -1
outer loop
vertex 399.9364140000003 -69.07526710000008 1.5
vertex 444.8609749999997 -82.8416883499999 1.5
vertex 444.8609749999998 -82.84168834999991 0
endloop
endfacet
facet normal 0 0 -1
outer loop
vertex 399.9364140000003 -69.07526710000008 1.5
vertex 444.8609749999998 -82.84168834999991 0
vertex 426.69495887961114 -77.275 0
endloop
endfacet
facet normal 0 0 -1
outer loop
vertex 399.9364140000003 -69.07526710000008 1.5
vertex 426.69495887961114 -77.275 0
vertex 411.15328556618556 -72.5125 0
endloop
endfacet
facet normal 0 0 -1
outer loop
vertex 399.9364140000003 -69.07526710000008 1.5
vertex 411.15328556618556 -72.5125 0
vertex 399.936414 -69.0752671 0
endloop
endfacet
facet normal 0.24527143781148197 0.9694544454454208 0
outer loop
vertex 399.7443152125344 -69.02666621315598 1.5
vertex 399.9364140000003 -69.07526710000008 1.5
vertex 399.936414 -69.0752671 0
endloop
endfacet
facet normal 0.24527143781148197 0.9694544454454208 0
outer loop
vertex 399.7443152125344 -69.02666621315598 1.5
vertex 399.936414 -69.0752671 0
vertex 399.7443152125345 -69.026666213156 0
endloop
endfacet
facet normal 0.14811431931244104 0.988970246475905 0
outer loop
vertex 399.54834732591246 -68.99731684674427 1.5
vertex 399.7443152125344 -69.02666621315598 1.5
vertex 399.7443152125345 -69.026666213156 0
endloop
endfacet
facet normal 0.14811431931244104 0.988970246475905 0
outer loop
vertex 399.54834732591246 -68.99731684674427 1.5
vertex 399.7443152125345 -69.026666213156 0
vertex 399.5483473259124 -68.99731684674427 0
endloop
endfacet
facet normal 0.04952371874395567 0.9987729478123493 0
outer loop
vertex 399.3504369999999 -68.98750355000001 1.5
vertex 399.54834732591246 -68.99731684674427 1.5
vertex 399.5483473259124 -68.99731684674427 0
endloop
endfacet
facet normal 0.04952371874395567 0.9987729478123493 0
outer loop
vertex 399.3504369999999 -68.98750355000001 1.5
vertex 399.5483473259124 -68.99731684674427 0
vertex 399.35043699999994 -68.98750355000001 0
endloop
endfacet
facet normal 6.200791347055201e-8 0.9999999999999982 0
outer loop
vertex 342.0996747000001 -68.9875 1.5
vertex 399.3504369999999 -68.98750355000001 1.5
vertex 399.35043699999994 -68.98750355000001 0
endloop
endfacet
facet normal 6.200791347055201e-8 0.9999999999999982 0
outer loop
vertex 342.0996747000001 -68.9875 1.5
vertex 399.35043699999994 -68.98750355000001 0
vertex 342.0996747 -68.9875 0
endloop
endfacet
facet normal -0.05436066712016443 0.9985213657555109 0
outer loop
vertex 341.8825178366198 -68.99932227278046 1.5
vertex 342.0996747000001 -68.9875 1.5
vertex 342.0996747 -68.9875 0
endloop
endfacet
facet normal -0.05436066712016443 0.9985213657555109 0
outer loop
vertex 341.8825178366198 -68.99932227278046 1.5
vertex 342.0996747 -68.9875 0
vertex 341.88251783662 -68.99932227278043 0
endloop
endfacet
facet normal -0.16248055160338004 0.9867117463325656 0
outer loop
vertex 341.6679264316184 -69.03465876287858 1.5
vertex 341.8825178366198 -68.99932227278046 1.5
vertex 341.88251783662 -68.99932227278043 0
endloop
endfacet
facet normal -0.16248055160338004 0.9867117463325656 0
outer loop
vertex 341.6679264316184 -69.03465876287858 1.5
vertex 341.88251783662 -68.99932227278043 0
vertex 341.66792643161835 -69.03465876287859 0
endloop
endfacet
facet normal -0.2686569180511065 0.9632359318377203 0
outer loop
vertex 341.4584405785019 -69.09308663274241 1.5
vertex 341.6679264316184 -69.03465876287858 1.5
vertex 341.66792643161835 -69.03465876287859 0
endloop
endfacet
facet normal -0.2686569180511065 0.9632359318377203 0
outer loop
vertex 341.4584405785019 -69.09308663274241 1.5
vertex 341.66792643161835 -69.03465876287859 0
vertex 341.4584405785018 -69.09308663274244 0
endloop
endfacet
facet normal -0.37165654146016747 0.9283703006827971 0
outer loop
vertex 341.2565373499995 -69.1739150000002 1.5
vertex 341.4584405785019 -69.09308663274241 1.5
vertex 341.4584405785018 -69.09308663274244 0
endloop
endfacet
facet normal -0.37165654146016747 0.9283703006827971 0
outer loop
vertex 341.2565373499995 -69.1739150000002 1.5
vertex 341.4584405785018 -69.09308663274244 0
vertex 341.2565373499995 -69.1739150000002 0
endloop
endfacet
facet normal 0 0 -1
outer loop
vertex 312.0818628 -82.73717599999999 1.5
vertex 323.8310437038269 -77.275 1.5
vertex 328.9531300348492 -74.89375 1.5
endloop
endfacet
facet normal 0 0 -1
outer loop
vertex 312.0818628 -82.73717599999999 1.5
vertex 328.9531300348492 -74.89375 1.5
vertex 334.0752163658714 -72.5125 1.5
endloop
endfacet
facet normal 0 0 -1
outer loop
vertex 312.0818628 -82.73717599999999 1.5
vertex 334.0752163658714 -72.5125 1.5
vertex 341.2565373499995 -69.1739150000002 1.5
endloop
endfacet
facet normal 0 0 -1
outer loop
vertex 312.0818628 -82.73717599999999 1.5
vertex 341.2565373499995 -69.1739150000002 1.5
vertex 341.2565373499995 -69.1739150000002 0
endloop
endfacet
facet normal 0 0 -1
outer loop
vertex 312.0818628 -82.73717599999999 1.5
vertex 341.2565373499995 -69.1739150000002 0
vertex 334.0752163658715 -72.5125 0
endloop
endfacet
facet normal 0 0 -1
outer loop
vertex 312.0818628 -82.73717599999999 1.5
vertex 334.0752163658715 -72.5125 0
vertex 328.9531300348492 -74.89375 0
endloop
endfacet
facet normal 0 0 -1
outer loop
vertex 312.0818628 -82.73717599999999 1.5
vertex 328.9531300348492 -74.89375 0
vertex 323.83104370382694 -77.275 0
endloop
endfacet
facet normal 0 0 -1
outer loop
vertex 312.0818628 -82.73717599999999 1.5
vertex 323.83104370382694 -77.275 0
vertex 312.08186280000035 -82.73717599999985 0
endloop
endfacet
facet normal -0.49365002626285526 0.8696606531117078 0
outer loop
vertex 311.7999986781431 -82.8971720060966 1.5
vertex 312.0818628 -82.73717599999999 1.5
vertex 312.08186280000035 -82.73717599999985 0
endloop
endfacet
facet normal -0.49365002626285526 0.8696606531117078 0
outer loop
vertex 311.7999986781431 -82.8971720060966 1.5
vertex 312.08186280000035 -82.73717599999985 0
vertex 311.79999867814286 -82.89717200609675 0
endloop
endfacet
facet normal -0.6276447170435717 0.7784999095486748 0
outer loop
vertex 311.5476802928699 -83.10059695141416 1.5
vertex 311.7999986781431 -82.8971720060966 1.5
vertex 311.79999867814286 -82.89717200609675 0
endloop
endfacet
facet normal -0.6276447170435717 0.7784999095486748 0
outer loop
vertex 311.5476802928699 -83.10059695141416 1.5
vertex 311.79999867814286 -82.89717200609675 0
vertex 311.54768029287 -83.10059695141406 0
endloop
endfacet
facet normal -0.7451476178793454 0.6668995633292446 0
outer loop
vertex 311.33153252085987 -83.34210557771942 1.5
vertex 311.5476802928699 -83.10059695141416 1.5
vertex 311.54768029287 -83.10059695141406 0
endloop
endfacet
facet normal -0.7451476178793454 0.6668995633292446 0
outer loop
vertex 311.33153252085987 -83.34210557771942 1.5
vertex 311.54768029287 -83.10059695141406 0
vertex 311.3315325208598 -83.34210557771944 0
endloop
endfacet
facet normal -0.8430817731471147 0.5377853882238871 0
outer loop
vertex 311.1572317417385 -83.61535548956233 1.5
vertex 311.33153252085987 -83.34210557771942 1.5
vertex 311.3315325208598 -83.34210557771944 0
endloop
endfacet
facet normal -0.8430817731471147 0.5377853882238871 0
outer loop
vertex 311.1572317417385 -83.61535548956233 1.5
vertex 311.3315325208598 -83.34210557771944 0
vertex 311.1572317417385 -83.61535548956223 0
endloop
endfacet
facet normal -0.9188752782725846 0.39454812504874526 0
outer loop
vertex 311.02935536743985 -83.91317071553412 1.5
vertex 311.1572317417385 -83.61535548956233 1.5
vertex 311.1572317417385 -83.61535548956223 0
endloop
endfacet
facet normal -0.9188752782725846 0.39454812504874526 0
outer loop
vertex 311.02935536743985 -83.91317071553412 1.5
vertex 311.1572317417385 -83.61535548956223 0
vertex 311.02935536743985 -83.913170715534 0
endloop
endfacet
facet normal -0.9705376768926606 0.24094940907127677 0
outer loop
vertex 310.95126163218856 -84.22773016053465 1.5
vertex 311.02935536743985 -83.91317071553412 1.5
vertex 311.02935536743985 -83.913170715534 0
endloop
endfacet
facet normal -0.9705376768926606 0.24094940907127677 0
outer loop
vertex 310.95126163218856 -84.22773016053465 1.5
vertex 311.02935536743985 -83.913170715534 0
vertex 310.9512616321886 -84.22773016053415 0
endloop
endfacet
facet normal -0.996712233362257 0.08102298356652687 0
outer loop
vertex 310.9250014 -84.55077299999994 1.5
vertex 310.95126163218856 -84.22773016053465 1.5
vertex 310.9512616321886 -84.22773016053415 0
endloop
endfacet
facet normal -0.996712233362257 0.08102298356652687 0
outer loop
vertex 310.9250014 -84.55077299999994 1.5
vertex 310.9512616321886 -84.22773016053415 0
vertex 310.9250014 -84.55077299999996 0
endloop
endfacet
facet normal 0 0 1
outer loop
vertex 310.925 -157.08956330000166 1.5
vertex 310.9250000648162 -153.7312169 1.5
vertex 310.9250001616775 -148.7125 1.5
endloop
endfacet
facet normal 0 0 1
outer loop
vertex 310.925 -157.08956330000166 1.5
vertex 310.9250001616775 -148.7125 1.5
vertex 310.92500016722624 -148.425 1.5
endloop
endfacet
facet normal 0 0 1
outer loop
vertex 310.925 -157.08956330000166 1.5
vertex 310.92500016722624 -148.425 1.5
vertex 310.92500035105894 -138.9 1.5
endloop
endfacet
facet normal 0 0 1
outer loop
vertex 310.925 -157.08956330000166 1.5
vertex 310.92500035105894 -138.9 1.5
vertex 310.9250006212592 -124.9 1.5
endloop
endfacet
facet normal 0 0 1
outer loop
vertex 310.925 -157.08956330000166 1.5
vertex 310.9250006212592 -124.9 1.5
vertex 310.9250007187243 -119.85 1.5
endloop
endfacet
facet normal 0 0 1
outer loop
vertex 310.925 -157.08956330000166 1.5
vertex 310.9250007187243 -119.85 1.5
vertex 310.9250009889245 -105.85 1.5
endloop
endfacet
facet normal 0 0 1
outer loop
vertex 310.925 -157.08956330000166 1.5
vertex 310.9250009889245 -105.85 1.5
vertex 310.9250010863896 -100.8 1.5
endloop
endfacet
facet normal 0 0 1
outer loop
vertex 310.925 -157.08956330000166 1.5
vertex 310.9250010863896 -100.8 1.5
vertex 310.92500135658986 -86.8 1.5
endloop
endfacet
facet normal 0 0 1
outer loop
vertex 310.925 -157.08956330000166 1.5
vertex 310.92500135658986 -86.8 1.5
vertex 310.9250014 -84.55077299999994 1.5
endloop
endfacet
facet normal 0 0 1
outer loop
vertex 310.925 -157.08956330000166 1.5
vertex 310.9250014 -84.55077299999994 1.5
vertex 310.9250014 -84.55077299999996 0
endloop
endfacet
facet normal 0 0 1
outer loop
vertex 310.925 -157.08956330000166 1.5
vertex 310.9250014 -84.55077299999996 0
vertex 310.92500135658986 -86.8 0
endloop
endfacet
facet normal 0 0 1
outer loop
vertex 310.925 -157.08956330000166 1.5
vertex 310.92500135658986 -86.8 0
vertex 310.9250010863896 -100.8 0
endloop
endfacet
facet normal 0 0 1
outer loop
vertex 310.925 -157.08956330000166 1.5
vertex 310.9250010863896 -100.8 0
vertex 310.9250009889245 -105.85 0
endloop
endfacet
facet normal 0 0 1
outer loop
vertex 310.925 -157.08956330000166 1.5
vertex 310.9250009889245 -105.85 0
vertex 310.9250007187243 -119.85 0
endloop
endfacet
facet normal 0 0 1
outer loop
vertex 310.925 -157.08956330000166 1.5
vertex 310.9250007187243 -119.85 0
vertex 310.9250006212592 -124.9 0
endloop
endfacet
facet normal 0 0 1
outer loop
vertex 310.925 -157.08956330000166 1.5
vertex 310.9250006212592 -124.9 0
vertex 310.92500035105894 -138.9 0
endloop
endfacet
facet normal 0 0 1
outer loop
vertex 310.925 -157.08956330000166 1.5
vertex 310.92500035105894 -138.9 0
vertex 310.92500016722624 -148.425 0
endloop
endfacet
facet normal 0 0 1
outer loop
vertex 310.925 -157.08956330000166 1.5
vertex 310.92500016722624 -148.425 0
vertex 310.9250001616775 -148.7125 0
endloop
endfacet
facet normal 0 0 1
outer loop
vertex 310.925 -157.08956330000166 1.5
vertex 310.9250001616775 -148.7125 0
vertex 310.9250000648162 -153.73121689999994 0
endloop
endfacet
facet normal 0 0 1
outer loop
vertex 310.925 -157.08956330000166 1.5
vertex 310.9250000648162 -153.73121689999994 0
vertex 310.92500000000007 -157.08956330000134 0
endloop
endfacet
facet normal -0.9979869505819607 -0.06341960633841381 0
outer loop
vertex 310.9410880245133 -157.34272851895832 1.5
vertex 310.925 -157.08956330000166 1.5
vertex 310.92500000000007 -157.08956330000134 0
endloop
endfacet
facet normal -0.9979869505819607 -0.06341960633841381 0
outer loop
vertex 310.9410880245133 -157.34272851895832 1.5
vertex 310.92500000000007 -157.08956330000134 0
vertex 310.94108802451336 -157.34272851895784 0
endloop
endfacet
facet normal -0.981931550730406 -0.18923643856345465 0
outer loop
vertex 310.98909211212543 -157.59181758736497 1.5
vertex 310.9410880245133 -157.34272851895832 1.5
vertex 310.94108802451336 -157.34272851895784 0
endloop
endfacet
facet normal -0.981931550730406 -0.18923643856345465 0
outer loop
vertex 310.98909211212543 -157.59181758736497 1.5
vertex 310.94108802451336 -157.34272851895784 0
vertex 310.98909211212555 -157.59181758736486 0
endloop
endfacet
facet normal -0.9500794399649655 -0.3120081052726957 0
outer loop
vertex 311.0682399999997 -157.83282664999967 1.5
vertex 310.98909211212543 -157.59181758736497 1.5
vertex 310.98909211212555 -157.59181758736486 0
endloop
endfacet
facet normal -0.9500794399649655 -0.3120081052726957 0
outer loop
vertex 311.0682399999997 -157.83282664999967 1.5
vertex 310.98909211212555 -157.59181758736486 0
vertex 311.06823999999983 -157.8328266499995 0
endloop
endfacet
facet normal 0 0 -1
outer loop
vertex 321.2934642000002 -183.37645919999983 1.5
vertex 318.5251323852196 -176.4608895 1.5
vertex 313.32895372455494 -163.4803156 1.5
endloop
endfacet
facet normal 0 0 -1
outer loop
vertex 321.2934642000002 -183.37645919999983 1.5
vertex 313.32895372455494 -163.4803156 1.5
vertex 311.2295612643125 -158.23582329999996 1.5
endloop
endfacet
facet normal 0 0 -1
outer loop
vertex 321.2934642000002 -183.37645919999983 1.5
vertex 311.2295612643125 -158.23582329999996 1.5
vertex 311.0682399999997 -157.83282664999967 1.5
endloop
endfacet
facet normal 0 0 -1
outer loop
vertex 321.2934642000002 -183.37645919999983 1.5
vertex 311.0682399999997 -157.83282664999967 1.5
vertex 311.06823999999983 -157.8328266499995 0
endloop
endfacet
facet normal 0 0 -1
outer loop
vertex 321.2934642000002 -183.37645919999983 1.5
vertex 311.06823999999983 -157.8328266499995 0
vertex 311.22956126431245 -158.23582329999996 0
endloop
endfacet
facet normal 0 0 -1
outer loop
vertex 321.2934642000002 -183.37645919999983 1.5
vertex 311.22956126431245 -158.23582329999996 0
vertex 313.32895372455494 -163.4803156 0
endloop
endfacet
facet normal 0 0 -1
outer loop
vertex 321.2934642000002 -183.37645919999983 1.5
vertex 313.32895372455494 -163.4803156 0
vertex 318.5251323852196 -176.46088949999998 0
endloop
endfacet
facet normal 0 0 -1
outer loop
vertex 321.2934642000002 -183.37645919999983 1.5
vertex 318.5251323852196 -176.46088949999998 0
vertex 321.2934642000001 -183.3764591999999 0
endloop
endfacet
facet normal -0.8925041267838976 -0.45103922631375676 0
outer loop
vertex 321.45051835139543 -183.68723367386278 1.5
vertex 321.2934642000002 -183.37645919999983 1.5
vertex 321.2934642000001 -183.3764591999999 0
endloop
endfacet
facet normal -0.8925041267838976 -0.45103922631375676 0
outer loop
vertex 321.45051835139543 -183.68723367386278 1.5
vertex 321.2934642000001 -183.3764591999999 0
vertex 321.4505183513956 -183.68723367386275 0
endloop
endfacet
facet normal -0.8007473224466676 -0.5990022751162909 0
outer loop
vertex 321.6590970151126 -183.96606200795935 1.5
vertex 321.45051835139543 -183.68723367386278 1.5
vertex 321.4505183513956 -183.68723367386275 0
endloop
endfacet
facet normal -0.8007473224466676 -0.5990022751162909 0
outer loop
vertex 321.6590970151126 -183.96606200795935 1.5
vertex 321.4505183513956 -183.68723367386275 0
vertex 321.65909701511265 -183.96606200795944 0
endloop
endfacet
facet normal -0.6847175453340387 -0.7288085366622216 0
outer loop
vertex 321.91287553482357 -184.2044875975814 1.5
vertex 321.6590970151126 -183.96606200795935 1.5
vertex 321.65909701511265 -183.96606200795944 0
endloop
endfacet
facet normal -0.6847175453340387 -0.7288085366622216 0
outer loop
vertex 321.91287553482357 -184.2044875975814 1.5
vertex 321.65909701511265 -183.96606200795944 0
vertex 321.91287553482374 -184.20448759758168 0
endloop
endfacet
facet normal -0.5479322164710856 -0.8365227349887651 0
outer loop
vertex 322.2041612301895 -184.39528314922924 1.5
vertex 321.91287553482357 -184.2044875975814 1.5
vertex 321.91287553482374 -184.20448759758168 0
endloop
endfacet
facet normal -0.5479322164710856 -0.8365227349887651 0
outer loop
vertex 322.2041612301895 -184.39528314922924 1.5
vertex 321.91287553482374 -184.20448759758168 0
vertex 322.2041612301895 -184.39528314922921 0
endloop
endfacet
facet normal -0.39453765135834146 -0.9188797754116933 0
outer loop
vertex 322.52412448180627 -184.53266515848847 1.5
vertex 322.2041612301895 -184.39528314922924 1.5
vertex 322.2041612301895 -184.39528314922921 0
endloop
endfacet
facet normal -0.39453765135834146 -0.9188797754116933 0
outer loop
vertex 322.52412448180627 -184.53266515848847 1.5
vertex 322.2041612301895 -184.39528314922921 0
vertex 322.5241244818065 -184.5326651584884 0
endloop
endfacet
facet normal -0.22918363421160828 -0.9733832039898571 0
outer loop
vertex 322.8630663797039 -184.61246922293952 1.5
vertex 322.52412448180627 -184.53266515848847 1.5
vertex 322.5241244818065 -184.5326651584884 0
endloop
endfacet
facet normal -0.22918363421160828 -0.9733832039898571 0
outer loop
vertex 322.8630663797039 -184.61246922293952 1.5
vertex 322.5241244818065 -184.5326651584884 0
vertex 322.8630663797037 -184.61246922293947 0
endloop
endfacet
facet normal -0.05688247102978039 -0.9983808814723698 0
outer loop
vertex 323.21071272227846 -184.6322762759161 1.5
vertex 322.8630663797039 -184.61246922293952 1.5
vertex 322.8630663797037 -184.61246922293947 0
endloop
endfacet
facet normal -0.05688247102978039 -0.9983808814723698 0
outer loop
vertex 323.21071272227846 -184.6322762759161 1.5
vertex 322.8630663797037 -184.61246922293947 0
vertex 323.2107127222785 -184.63227627591607 0
endloop
endfacet
facet normal 0.11714294630493767 -0.9931150638928998 0
outer loop
vertex 323.55652545379786 -184.5914859146451 1.5
vertex 323.21071272227846 -184.6322762759161 1.5
vertex 323.2107127222785 -184.63227627591607 0
endloop
endfacet
facet normal 0.11714294630493767 -0.9931150638928998 0
outer loop
vertex 323.55652545379786 -184.5914859146451 1.5
vertex 323.2107127222785 -184.63227627591607 0
vertex 323.5565254537978 -184.59148591464506 0
endloop
endfacet
facet normal 0.2876174593276949 -0.9577453717402564 0
outer loop
vertex 323.89002210000007 -184.49133460000004 1.5
vertex 323.55652545379786 -184.5914859146451 1.5
vertex 323.5565254537978 -184.59148591464506 0
endloop
endfacet
facet normal 0.2876174593276949 -0.9577453717402564 0
outer loop
vertex 323.89002210000007 -184.49133460000004 1.5
vertex 323.5565254537978 -184.59148591464506 0
vertex 323.8900221000003 -184.49133460000007 0
endloop
endfacet
facet normal 0 0 -1
outer loop
vertex 367.91122590000003 -166.9647362 1.5
vertex 355.37405819938346 -171.9562831 1.5
vertex 344.0599291340889 -176.4608895 1.5
endloop
endfacet
facet normal 0 0 -1
outer loop
vertex 367.91122590000003 -166.9647362 1.5
vertex 344.0599291340889 -176.4608895 1.5
vertex 323.89002210000007 -184.49133460000004 1.5
endloop
endfacet
facet normal 0 0 -1
outer loop
vertex 367.91122590000003 -166.9647362 1.5
vertex 323.89002210000007 -184.49133460000004 1.5
vertex 323.8900221000003 -184.49133460000007 0
endloop
endfacet
facet normal 0 0 -1
outer loop
vertex 367.91122590000003 -166.9647362 1.5
vertex 323.8900221000003 -184.49133460000007 0
vertex 344.059929134089 -176.46088949999998 0
endloop
endfacet
facet normal 0 0 -1
outer loop
vertex 367.91122590000003 -166.9647362 1.5
vertex 344.059929134089 -176.46088949999998 0
vertex 355.37405819938334 -171.9562831 0
endloop
endfacet
facet normal 0 0 -1
outer loop
vertex 367.91122590000003 -166.9647362 1.5
vertex 355.37405819938334 -171.9562831 0
vertex 367.91122590000066 -166.96473620000006 0
endloop
endfacet
facet normal 0.30254524110517933 -0.9531350256310009 0
outer loop
vertex 368.1837017854869 -166.87824658388797 1.5
vertex 367.91122590000003 -166.9647362 1.5
vertex 367.91122590000066 -166.96473620000006 0
endloop
endfacet
facet normal 0.30254524110517933 -0.9531350256310009 0
outer loop
vertex 368.1837017854869 -166.87824658388797 1.5
vertex 367.91122590000066 -166.96473620000006 0
vertex 368.1837017854858 -166.87824658388806 0
endloop
endfacet
facet normal 0.16357411413139292 -0.986531048262613 0
outer loop
vertex 368.46572334272565 -166.8314853324578 1.5
vertex 368.1837017854869 -166.87824658388797 1.5
vertex 368.1837017854858 -166.87824658388806 0
endloop
endfacet
facet normal 0.16357411413139292 -0.986531048262613 0
outer loop
vertex 368.46572334272565 -166.8314853324578 1.5
vertex 368.1837017854858 -166.87824658388806 0
vertex 368.4657233427263 -166.8314853324578 0
endloop
endfacet
facet normal 0.021252948745626554 -0.9997741305763097 0
outer loop
vertex 368.7515307257687 -166.82540971049764 1.5
vertex 368.46572334272565 -166.8314853324578 1.5
vertex 368.4657233427263 -166.8314853324578 0
endloop
endfacet
facet normal 0.021252948745626554 -0.9997741305763097 0
outer loop
vertex 368.7515307257687 -166.82540971049764 1.5
vertex 368.4657233427263 -166.8314853324578 0
vertex 368.7515307257686 -166.82540971049764 0
endloop
endfacet
facet normal -0.12150242911860701 -0.9925911342130143 0
outer loop
vertex 369.035284691614 -166.86014384717674 1.5
vertex 368.7515307257687 -166.82540971049764 1.5
vertex 368.7515307257686 -166.82540971049764 0
endloop
endfacet
facet normal -0.12150242911860701 -0.9925911342130143 0
outer loop
vertex 369.035284691614 -166.86014384717674 1.5
vertex 368.7515307257686 -166.82540971049764 0
vertex 369.03528469161336 -166.86014384717672 0
endloop
endfacet
facet normal -0.2617754281127702 -0.9651288127687287 0
outer loop
vertex 369.3111879499998 -166.93497809999997 1.5
vertex 369.035284691614 -166.86014384717674 1.5
vertex 369.03528469161336 -166.86014384717672 0
endloop
endfacet
facet normal -0.2617754281127702 -0.9651288127687287 0
outer loop
vertex 369.3111879499998 -166.93497809999997 1.5
vertex 369.03528469161336 -166.86014384717672 0
vertex 369.3111879500008 -166.93497810000014 0
endloop
endfacet
facet normal 0 0 -1
outer loop
vertex 407.85443310000034 -180.4129031000001 1.5
vertex 398.0944469851867 -177 1.5
vertex 370.85550552693184 -167.475 1.5
endloop
endfacet
facet normal 0 0 -1
outer loop
vertex 407.85443310000034 -180.4129031000001 1.5
vertex 370.85550552693184 -167.475 1.5
vertex 369.3111879499998 -166.93497809999997 1.5
endloop
endfacet
facet normal 0 0 -1
outer loop
vertex 407.85443310000034 -180.4129031000001 1.5
vertex 369.3111879499998 -166.93497809999997 1.5
vertex 369.3111879500008 -166.93497810000014 0
endloop
endfacet
facet normal 0 0 -1
outer loop
vertex 407.85443310000034 -180.4129031000001 1.5
vertex 369.3111879500008 -166.93497810000014 0
vertex 370.8555055269319 -167.475 0
endloop
endfacet
facet normal 0 0 -1
outer loop
vertex 407.85443310000034 -180.4129031000001 1.5
vertex 370.8555055269319 -167.475 0
vertex 398.0944469851868 -177 0
endloop
endfacet
facet normal 0 0 -1
outer loop
vertex 407.85443310000034 -180.4129031000001 1.5
vertex 398.0944469851868 -177 0
vertex 407.8544330999998 -180.41290309999997 0
endloop
endfacet
facet normal -0.27666469800185917 -0.9609665160033101 0
outer loop
vertex 408.0698285923759 -180.47491600872965 1.5
vertex 407.85443310000034 -180.4129031000001 1.5
vertex 407.8544330999998 -180.41290309999997 0
endloop
endfacet
facet normal -0.27666469800185917 -0.9609665160033101 0
outer loop
vertex 408.0698285923759 -180.47491600872965 1.5
vertex 407.8544330999998 -180.41290309999997 0
vertex 408.0698285923758 -180.47491600872962 0
endloop
endfacet
facet normal -0.16741086537226127 -0.9858872157378402 0
outer loop
vertex 408.29080708023145 -180.5124397734058 1.5
vertex 408.0698285923759 -180.47491600872965 1.5
vertex 408.0698285923758 -180.47491600872962 0
endloop
endfacet
facet normal -0.16741086537226127 -0.9858872157378402 0
outer loop
vertex 408.29080708023145 -180.5124397734058 1.5
vertex 408.0698285923758 -180.47491600872962 0
vertex 408.2908070802316 -180.5124397734058 0
endloop
endfacet
facet normal -0.05604389400684793 -0.9984283058610415 0
outer loop
vertex 408.51459655000025 -180.52500154999998 1.5
vertex 408.29080708023145 -180.5124397734058 1.5
vertex 408.2908070802316 -180.5124397734058 0
endloop
endfacet
facet normal -0.05604389400684793 -0.9984283058610415 0
outer loop
vertex 408.51459655000025 -180.52500154999998 1.5
vertex 408.2908070802316 -180.5124397734058 0
vertex 408.51459655000025 -180.52500155 0
endloop
endfacet
facet normal 4.3344016376067884e-8 -0.9999999999999991 0
outer loop
vertex 444.2750000000002 -180.525 1.5
vertex 408.51459655000025 -180.52500154999998 1.5
vertex 408.51459655000025 -180.52500155 0
endloop
endfacet
facet normal 4.3344016376067884e-8 -0.9999999999999991 0
outer loop
vertex 444.2750000000002 -180.525 1.5
vertex 408.51459655000025 -180.52500155 0
vertex 444.2750000000001 -180.525 0
endloop
endfacet
facet normal 0.08715574274771135 -0.9961946980917409 0
outer loop
vertex 444.6222963553336 -180.49461550602445 1.5
vertex 444.2750000000002 -180.525 1.5
vertex 444.2750000000001 -180.525 0
endloop
endfacet
facet normal 0.08715574274771135 -0.9961946980917409 0
outer loop
vertex 444.6222963553336 -180.49461550602445 1.5
vertex 444.2750000000001 -180.525 0
vertex 444.6222963553338 -180.49461550602445 0
endloop
endfacet
facet normal 0.25881904510254033 -0.965925826289063 0
outer loop
vertex 444.9590402866517 -180.40438524157167 1.5
vertex 444.6222963553336 -180.49461550602445 1.5
vertex 444.6222963553338 -180.49461550602445 0
endloop
endfacet
facet normal 0.25881904510254033 -0.965925826289063 0
outer loop
vertex 444.9590402866517 -180.40438524157167 1.5
vertex 444.6222963553338 -180.49461550602445 0
vertex 444.9590402866511 -180.40438524157187 0
endloop
endfacet
facet normal 0.4226182617406892 -0.9063077870366548 0
outer loop
vertex 445.2750000000001 -180.25705080756887 1.5
vertex 444.9590402866517 -180.40438524157167 1.5
vertex 444.9590402866511 -180.40438524157187 0
endloop
endfacet
facet normal 0.4226182617406892 -0.9063077870366548 0
outer loop
vertex 445.2750000000001 -180.25705080756887 1.5
vertex 444.9590402866511 -180.40438524157187 0
vertex 445.2750000000004 -180.25705080756865 0
endloop
endfacet
facet normal 0.5735764363510599 -0.8191520442889821 0
outer loop
vertex 445.5605752193727 -180.05708888623826 1.5
vertex 445.2750000000001 -180.25705080756887 1.5
vertex 445.2750000000004 -180.25705080756865 0
endloop
endfacet
facet normal 0.5735764363510599 -0.8191520442889821 0
outer loop
vertex 445.5605752193727 -180.05708888623826 1.5
vertex 445.2750000000004 -180.25705080756865 0
vertex 445.56057521937277 -180.0570888862382 0
endloop
endfacet
facet normal 0.7071067811865476 -0.7071067811865476 0
outer loop
vertex 445.8070888862379 -179.81057521937305 1.5
vertex 445.5605752193727 -180.05708888623826 1.5
vertex 445.56057521937277 -180.0570888862382 0
endloop
endfacet
facet normal 0.7071067811865476 -0.7071067811865476 0
outer loop
vertex 445.8070888862379 -179.81057521937305 1.5
vertex 445.56057521937277 -180.0570888862382 0
vertex 445.8070888862381 -179.8105752193729 0
endloop
endfacet
facet normal 0.8191520442889462 -0.5735764363511116 0
outer loop
vertex 446.007050807569 -179.5249999999998 1.5
vertex 445.8070888862379 -179.81057521937305 1.5
vertex 445.8070888862381 -179.8105752193729 0
endloop
endfacet
facet normal 0.8191520442889462 -0.5735764363511116 0
outer loop
vertex 446.007050807569 -179.5249999999998 1.5
vertex 445.8070888862381 -179.8105752193729 0
vertex 446.0070508075688 -179.52500000000015 0
endloop
endfacet
facet normal 0.9063077870366548 -0.4226182617406892 0
outer loop
vertex 446.1543852415718 -179.20904028665137 1.5
vertex 446.007050807569 -179.5249999999998 1.5
vertex 446.0070508075688 -179.52500000000015 0
endloop
endfacet
facet normal 0.9063077870366548 -0.4226182617406892 0
outer loop
vertex 446.1543852415718 -179.20904028665137 1.5
vertex 446.0070508075688 -179.52500000000015 0
vertex 446.15438524157184 -179.2090402866513 0
endloop
endfacet
facet normal 0.9659258262890631 -0.2588190451025404 0
outer loop
vertex 446.24461550602445 -178.8722963553337 1.5
vertex 446.1543852415718 -179.20904028665137 1.5
vertex 446.15438524157184 -179.2090402866513 0
endloop
endfacet
facet normal 0.9659258262890631 -0.2588190451025404 0
outer loop
vertex 446.24461550602445 -178.8722963553337 1.5
vertex 446.15438524157184 -179.2090402866513 0
vertex 446.24461550602433 -178.8722963553342 0
endloop
endfacet
facet normal 0.9961946980917459 -0.08715574274765432 0
outer loop
vertex 446.275 -178.5250000000001 1.5
vertex 446.24461550602445 -178.8722963553337 1.5
vertex 446.24461550602433 -178.8722963553342 0
endloop
endfacet
facet normal 0.9961946980917459 -0.08715574274765432 0
outer loop
vertex 446.275 -178.5250000000001 1.5
vertex 446.24461550602433 -178.8722963553342 0
vertex 446.275 -178.52499999999978 0
endloop
endfacet
facet normal -1 0 0
outer loop
vertex 442.75 -163 1.5
vertex 442.75 -163 0
vertex 442.75 -177 0
endloop
endfacet
facet normal -1 0 0
outer loop
vertex 442.75 -163 1.5
vertex 442.75 -177 0
vertex 442.75 -177 1.5
endloop
endfacet
facet normal -1 0 0
outer loop
vertex 442.75 -143.95 1.5
vertex 442.75 -143.95 0
vertex 442.75 -157.95 0
endloop
endfacet
facet normal -1 0 0
outer loop
vertex 442.75 -143.95 1.5
vertex 442.75 -157.95 0
vertex 442.75 -157.95 1.5
endloop
endfacet
facet normal -1 0 0
outer loop
vertex 442.75 -124.9 1.5
vertex 442.75 -124.9 0
vertex 442.75 -138.9 0
endloop
endfacet
facet normal -1 0 0
outer loop
vertex 442.75 -124.9 1.5
vertex 442.75 -138.9 0
vertex 442.75 -138.9 1.5
endloop
endfacet
facet normal -1 0 0
outer loop
vertex 442.75 -105.85 1.5
vertex 442.75 -105.85 0
vertex 442.75 -119.85 0
endloop
endfacet
facet normal -1 0 0
outer loop
vertex 442.75 -105.85 1.5
vertex 442.75 -119.85 0
vertex 442.75 -119.85 1.5
endloop
endfacet
facet normal -1 0 0
outer loop
vertex 442.75 -86.8 1.5
vertex 442.75 -86.8 0
vertex 442.75 -100.8 0
endloop
endfacet
facet normal -1 0 0
outer loop
vertex 442.75 -86.8 1.5
vertex 442.75 -100.8 0
vertex 442.75 -100.8 1.5
endloop
endfacet
facet normal 1 0 0
outer loop
vertex 428.75 -163 0
vertex 428.75 -163 1.5
vertex 428.75 -177 1.5
endloop
endfacet
facet normal 1 0 0
outer loop
vertex 428.75 -163 0
vertex 428.75 -177 1.5
vertex 428.75 -177 0
endloop
endfacet
facet normal 1 0 0
outer loop
vertex 428.75 -143.95 0
vertex 428.75 -143.95 1.5
vertex 428.75 -157.95 1.5
endloop
endfacet
facet normal 1 0 0
outer loop
vertex 428.75 -143.95 0
vertex 428.75 -157.95 1.5
vertex 428.75 -157.95 0
endloop
endfacet
facet normal 1 0 0
outer loop
vertex 428.75 -124.9 0
vertex 428.75 -124.9 1.5
vertex 428.75 -138.9 1.5
endloop
endfacet
facet normal 1 0 0
outer loop
vertex 428.75 -124.9 0
vertex 428.75 -138.9 1.5
vertex 428.75 -138.9 0
endloop
endfacet
facet normal 1 0 0
outer loop
vertex 428.75 -105.85 0
vertex 428.75 -105.85 1.5
vertex 428.75 -119.85 1.5
endloop
endfacet
facet normal 1 0 0
outer loop
vertex 428.75 -105.85 0
vertex 428.75 -119.85 1.5
vertex 428.75 -119.85 0
endloop
endfacet
facet normal 1 0 0
outer loop
vertex 428.75 -86.8 0
vertex 428.75 -86.8 1.5
vertex 428.75 -100.8 1.5
endloop
endfacet
facet normal 1 0 0
outer loop
vertex 428.75 -86.8 0
vertex 428.75 -100.8 1.5
vertex 428.75 -100.8 0
endloop
endfacet
facet normal -1 0 0
outer loop
vertex 423.7 -163 1.5
vertex 423.7 -163 0
vertex 423.7 -177 0
endloop
endfacet
facet normal -1 0 0
outer loop
vertex 423.7 -163 1.5
vertex 423.7 -177 0
vertex 423.7 -177 1.5
endloop
endfacet
facet normal -1 0 0
outer loop
vertex 423.7 -143.95 1.5
vertex 423.7 -143.95 0
vertex 423.7 -157.95 0
endloop
endfacet
facet normal -1 0 0
outer loop
vertex 423.7 -143.95 1.5
vertex 423.7 -157.95 0
vertex 423.7 -157.95 1.5
endloop
endfacet
facet normal -1 0 0
outer loop
vertex 423.7 -124.9 1.5
vertex 423.7 -124.9 0
vertex 423.7 -138.9 0
endloop
endfacet
facet normal -1 0 0
outer loop
vertex 423.7 -124.9 1.5
vertex 423.7 -138.9 0
vertex 423.7 -138.9 1.5
endloop
endfacet
facet normal -1 0 0
outer loop
vertex 423.7 -105.85 1.5
vertex 423.7 -105.85 0
vertex 423.7 -119.85 0
endloop
endfacet
facet normal -1 0 0
outer loop
vertex 423.7 -105.85 1.5
vertex 423.7 -119.85 0
vertex 423.7 -119.85 1.5
endloop
endfacet
facet normal -1 0 0
outer loop
vertex 423.7 -86.8 1.5
vertex 423.7 -86.8 0
vertex 423.7 -100.8 0
endloop
endfacet
facet normal -1 0 0
outer loop
vertex 423.7 -86.8 1.5
vertex 423.7 -100.8 0
vertex 423.7 -100.8 1.5
endloop
endfacet
facet normal 1 0 0
outer loop
vertex 409.7 -167.475 0
vertex 409.7 -163 0
vertex 409.7 -163 1.5
endloop
endfacet
facet normal 1 0 0
outer loop
vertex 409.7 -167.475 0
vertex 409.7 -163 1.5
vertex 409.7 -167.475 1.5
endloop
endfacet
facet normal 1 0 0
outer loop
vertex 409.7 -167.475 0
vertex 409.7 -167.475 1.5
vertex 409.7 -177 1.5
endloop
endfacet
facet normal 1 0 0
outer loop
vertex 409.7 -167.475 0
vertex 409.7 -177 1.5
vertex 409.7 -177 0
endloop
endfacet
facet normal 1 0 0
outer loop
vertex 409.7 -153.475 0
vertex 409.7 -148.7125 0
vertex 409.7 -148.425 0
endloop
endfacet
facet normal 1 0 0
outer loop
vertex 409.7 -153.475 0
vertex 409.7 -148.425 0
vertex 409.7 -143.95 0
endloop
endfacet
facet normal 1 0 0
outer loop
vertex 409.7 -153.475 0
vertex 409.7 -143.95 0
vertex 409.7 -143.95 1.5
endloop
endfacet
facet normal 1 0 0
outer loop
vertex 409.7 -153.475 0
vertex 409.7 -143.95 1.5
vertex 409.7 -148.425 1.5
endloop
endfacet
facet normal 1 0 0
outer loop
vertex 409.7 -153.475 0
vertex 409.7 -148.425 1.5
vertex 409.7 -148.7125 1.5
endloop
endfacet
facet normal 1 0 0
outer loop
vertex 409.7 -153.475 0
vertex 409.7 -148.7125 1.5
vertex 409.7 -153.475 1.5
endloop
endfacet
facet normal 1 0 0
outer loop
vertex 409.7 -153.475 0
vertex 409.7 -153.475 1.5
vertex 409.7 -157.95 1.5
endloop
endfacet
facet normal 1 0 0
outer loop
vertex 409.7 -153.475 0
vertex 409.7 -157.95 1.5
vertex 409.7 -157.95 0
endloop
endfacet
facet normal 1 0 0
outer loop
vertex 409.7 -134.425 0
vertex 409.7 -129.6625 0
vertex 409.7 -129.375 0
endloop
endfacet
facet normal 1 0 0
outer loop
vertex 409.7 -134.425 0
vertex 409.7 -129.375 0
vertex 409.7 -124.9 0
endloop
endfacet
facet normal 1 0 0
outer loop
vertex 409.7 -134.425 0
vertex 409.7 -124.9 0
vertex 409.7 -124.9 1.5
endloop
endfacet
facet normal 1 0 0
outer loop
vertex 409.7 -134.425 0
vertex 409.7 -124.9 1.5
vertex 409.7 -129.375 1.5
endloop
endfacet
facet normal 1 0 0
outer loop
vertex 409.7 -134.425 0
vertex 409.7 -129.375 1.5
vertex 409.7 -129.6625 1.5
endloop
endfacet
facet normal 1 0 0
outer loop
vertex 409.7 -134.425 0
vertex 409.7 -129.6625 1.5
vertex 409.7 -134.425 1.5
endloop
endfacet
facet normal 1 0 0
outer loop
vertex 409.7 -134.425 0
vertex 409.7 -134.425 1.5
vertex 409.7 -138.9 1.5
endloop
endfacet
facet normal 1 0 0
outer loop
vertex 409.7 -134.425 0
vertex 409.7 -138.9 1.5
vertex 409.7 -138.9 0
endloop
endfacet
facet normal 1 0 0
outer loop
vertex 409.7 -115.375 0
vertex 409.7 -110.6125 0
vertex 409.7 -110.325 0
endloop
endfacet
facet normal 1 0 0
outer loop
vertex 409.7 -115.375 0
vertex 409.7 -110.325 0
vertex 409.7 -105.85 0
endloop
endfacet
facet normal 1 0 0
outer loop
vertex 409.7 -115.375 0
vertex 409.7 -105.85 0
vertex 409.7 -105.85 1.5
endloop
endfacet
facet normal 1 0 0
outer loop
vertex 409.7 -115.375 0
vertex 409.7 -105.85 1.5
vertex 409.7 -110.325 1.5
endloop
endfacet
facet normal 1 0 0
outer loop
vertex 409.7 -115.375 0
vertex 409.7 -110.325 1.5
vertex 409.7 -110.6125 1.5
endloop
endfacet
facet normal 1 0 0
outer loop
vertex 409.7 -115.375 0
vertex 409.7 -110.6125 1.5
vertex 409.7 -115.375 1.5
endloop
endfacet
facet normal 1 0 0
outer loop
vertex 409.7 -115.375 0
vertex 409.7 -115.375 1.5
vertex 409.7 -119.85 1.5
endloop
endfacet
facet normal 1 0 0
outer loop
vertex 409.7 -115.375 0
vertex 409.7 -119.85 1.5
vertex 409.7 -119.85 0
endloop
endfacet
facet normal 1 0 0
outer loop
vertex 409.7 -96.325 0
vertex 409.7 -91.5625 0
vertex 409.7 -91.275 0
endloop
endfacet
facet normal 1 0 0
outer loop
vertex 409.7 -96.325 0
vertex 409.7 -91.275 0
vertex 409.7 -86.8 0
endloop
endfacet
facet normal 1 0 0
outer loop
vertex 409.7 -96.325 0
vertex 409.7 -86.8 0
vertex 409.7 -86.8 1.5
endloop
endfacet
facet normal 1 0 0
outer loop
vertex 409.7 -96.325 0
vertex 409.7 -86.8 1.5
vertex 409.7 -91.275 1.5
endloop
endfacet
facet normal 1 0 0
outer loop
vertex 409.7 -96.325 0
vertex 409.7 -91.275 1.5
vertex 409.7 -91.5625 1.5
endloop
endfacet
facet normal 1 0 0
outer loop
vertex 409.7 -96.325 0
vertex 409.7 -91.5625 1.5
vertex 409.7 -96.325 1.5
endloop
endfacet
facet normal 1 0 0
outer loop
vertex 409.7 -96.325 0
vertex 409.7 -96.325 1.5
vertex 409.7 -100.8 1.5
endloop
endfacet
facet normal 1 0 0
outer loop
vertex 409.7 -96.325 0
vertex 409.7 -100.8 1.5
vertex 409.7 -100.8 0
endloop
endfacet
facet normal -1 0 0
outer loop
vertex 404.65 -163 1.5
vertex 404.65 -157.95 1.5
vertex 404.65 -153.475 1.5
endloop
endfacet
facet normal -1 0 0
outer loop
vertex 404.65 -163 1.5
vertex 404.65 -153.475 1.5
vertex 404.65 -153.475 0
endloop
endfacet
facet normal -1 0 0
outer loop
vertex 404.65 -163 1.5
vertex 404.65 -153.475 0
vertex 404.65 -157.95 0
endloop
endfacet
facet normal -1 0 0
outer loop
vertex 404.65 -163 1.5
vertex 404.65 -157.95 0
vertex 404.65 -163 0
endloop
endfacet
facet normal -1 0 0
outer loop
vertex 404.65 -163 1.5
vertex 404.65 -163 0
vertex 404.65 -167.475 0
endloop
endfacet
facet normal -1 0 0
outer loop
vertex 404.65 -163 1.5
vertex 404.65 -167.475 0
vertex 404.65 -167.475 1.5
endloop
endfacet
facet normal -1 0 0
outer loop
vertex 404.65 -143.95 1.5
vertex 404.65 -138.9 1.5
vertex 404.65 -134.425 1.5
endloop
endfacet
facet normal -1 0 0
outer loop
vertex 404.65 -143.95 1.5
vertex 404.65 -134.425 1.5
vertex 404.65 -134.425 0
endloop
endfacet
facet normal -1 0 0
outer loop
vertex 404.65 -143.95 1.5
vertex 404.65 -134.425 0
vertex 404.65 -138.9 0
endloop
endfacet
facet normal -1 0 0
outer loop
vertex 404.65 -143.95 1.5
vertex 404.65 -138.9 0
vertex 404.65 -143.95 0
endloop
endfacet
facet normal -1 0 0
outer loop
vertex 404.65 -143.95 1.5
vertex 404.65 -143.95 0
vertex 404.65 -148.425 0
endloop
endfacet
facet normal -1 0 0
outer loop
vertex 404.65 -143.95 1.5
vertex 404.65 -148.425 0
vertex 404.65 -148.425 1.5
endloop
endfacet
facet normal -1 0 0
outer loop
vertex 404.65 -124.9 1.5
vertex 404.65 -119.85 1.5
vertex 404.65 -115.375 1.5
endloop
endfacet
facet normal -1 0 0
outer loop
vertex 404.65 -124.9 1.5
vertex 404.65 -115.375 1.5
vertex 404.65 -115.375 0
endloop
endfacet
facet normal -1 0 0
outer loop
vertex 404.65 -124.9 1.5
vertex 404.65 -115.375 0
vertex 404.65 -119.85 0
endloop
endfacet
facet normal -1 0 0
outer loop
vertex 404.65 -124.9 1.5
vertex 404.65 -119.85 0
vertex 404.65 -124.9 0
endloop
endfacet
facet normal -1 0 0
outer loop
vertex 404.65 -124.9 1.5
vertex 404.65 -124.9 0
vertex 404.65 -129.375 0
endloop
endfacet
facet normal -1 0 0
outer loop
vertex 404.65 -124.9 1.5
vertex 404.65 -129.375 0
vertex 404.65 -129.375 1.5
endloop
endfacet
facet normal -1 0 0
outer loop
vertex 404.65 -105.85 1.5
vertex 404.65 -100.8 1.5
vertex 404.65 -96.325 1.5
endloop
endfacet
facet normal -1 0 0
outer loop
vertex 404.65 -105.85 1.5
vertex 404.65 -96.325 1.5
vertex 404.65 -96.325 0
endloop
endfacet
facet normal -1 0 0
outer loop
vertex 404.65 -105.85 1.5
vertex 404.65 -96.325 0
vertex 404.65 -100.8 0
endloop
endfacet
facet normal -1 0 0
outer loop
vertex 404.65 -105.85 1.5
vertex 404.65 -100.8 0
vertex 404.65 -105.85 0
endloop
endfacet
facet normal -1 0 0
outer loop
vertex 404.65 -105.85 1.5
vertex 404.65 -105.85 0
vertex 404.65 -110.325 0
endloop
endfacet
facet normal -1 0 0
outer loop
vertex 404.65 -105.85 1.5
vertex 404.65 -110.325 0
vertex 404.65 -110.325 1.5
endloop
endfacet
facet normal -1 0 0
outer loop
vertex 404.65 -86.8 1.5
vertex 404.65 -77.275 1.5
vertex 404.65 -77.275 0
endloop
endfacet
facet normal -1 0 0
outer loop
vertex 404.65 -86.8 1.5
vertex 404.65 -77.275 0
vertex 404.65 -86.8 0
endloop
endfacet
facet normal -1 0 0
outer loop
vertex 404.65 -86.8 1.5
vertex 404.65 -86.8 0
vertex 404.65 -91.275 0
endloop
endfacet
facet normal -1 0 0
outer loop
vertex 404.65 -86.8 1.5
vertex 404.65 -91.275 0
vertex 404.65 -91.275 1.5
endloop
endfacet
facet normal 1 0 0
outer loop
vertex 390.65 -166.93497810000014 0
vertex 390.65 -166.86014384717672 0
vertex 390.65 -166.82540971049764 0
endloop
endfacet
facet normal 1 0 0
outer loop
vertex 390.65 -166.93497810000014 0
vertex 390.65 -166.82540971049764 0
vertex 390.65 -166.71179079999993 0
endloop
endfacet
facet normal 1 0 0
outer loop
vertex 390.65 -166.93497810000014 0
vertex 390.65 -166.71179079999993 0
vertex 390.65 -162.7125 0
endloop
endfacet
facet normal 1 0 0
outer loop
vertex 390.65 -166.93497810000014 0
vertex 390.65 -162.7125 0
vertex 390.65 -153.475 0
endloop
endfacet
facet normal 1 0 0
outer loop
vertex 390.65 -166.93497810000014 0
vertex 390.65 -153.475 0
vertex 390.65 -153.475 1.5
endloop
endfacet
facet normal 1 0 0
outer loop
vertex 390.65 -166.93497810000014 0
vertex 390.65 -153.475 1.5
vertex 390.65 -162.7125 1.5
endloop
endfacet
facet normal 1 0 0
outer loop
vertex 390.65 -166.93497810000014 0
vertex 390.65 -162.7125 1.5
vertex 390.65 -166.71179079999993 1.5
endloop
endfacet
facet normal 1 0 0
outer loop
vertex 390.65 -166.93497810000014 0
vertex 390.65 -166.71179079999993 1.5
vertex 390.65 -166.82540971049764 1.5
endloop
endfacet
facet normal 1 0 0
outer loop
vertex 390.65 -166.93497810000014 0
vertex 390.65 -166.82540971049764 1.5
vertex 390.65 -166.86014384717674 1.5
endloop
endfacet
facet normal 1 0 0
outer loop
vertex 390.65 -166.93497810000014 0
vertex 390.65 -166.86014384717674 1.5
vertex 390.65 -166.93497809999997 1.5
endloop
endfacet
facet normal 1 0 0
outer loop
vertex 390.65 -166.93497810000014 0
vertex 390.65 -166.93497809999997 1.5
vertex 390.65 -167.475 1.5
endloop
endfacet
facet normal 1 0 0
outer loop
vertex 390.65 -166.93497810000014 0
vertex 390.65 -167.475 1.5
vertex 390.65 -167.475 0
endloop
endfacet
facet normal 1 0 0
outer loop
vertex 390.65 -146.04375 0
vertex 390.65 -143.6625 0
vertex 390.65 -134.425 0
endloop
endfacet
facet normal 1 0 0
outer loop
vertex 390.65 -146.04375 0
vertex 390.65 -134.425 0
vertex 390.65 -134.425 1.5
endloop
endfacet
facet normal 1 0 0
outer loop
vertex 390.65 -146.04375 0
vertex 390.65 -134.425 1.5
vertex 390.65 -143.6625 1.5
endloop
endfacet
facet normal 1 0 0
outer loop
vertex 390.65 -146.04375 0
vertex 390.65 -143.6625 1.5
vertex 390.65 -146.04375 1.5
endloop
endfacet
facet normal 1 0 0
outer loop
vertex 390.65 -146.04375 0
vertex 390.65 -146.04375 1.5
vertex 390.65 -148.425 1.5
endloop
endfacet
facet normal 1 0 0
outer loop
vertex 390.65 -146.04375 0
vertex 390.65 -148.425 1.5
vertex 390.65 -148.425 0
endloop
endfacet
facet normal 1 0 0
outer loop
vertex 390.65 -126.99375 0
vertex 390.65 -124.6125 0
vertex 390.65 -115.375 0
endloop
endfacet
facet normal 1 0 0
outer loop
vertex 390.65 -126.99375 0
vertex 390.65 -115.375 0
vertex 390.65 -115.375 1.5
endloop
endfacet
facet normal 1 0 0
outer loop
vertex 390.65 -126.99375 0
vertex 390.65 -115.375 1.5
vertex 390.65 -124.6125 1.5
endloop
endfacet
facet normal 1 0 0
outer loop
vertex 390.65 -126.99375 0
vertex 390.65 -124.6125 1.5
vertex 390.65 -126.99375 1.5
endloop
endfacet
facet normal 1 0 0
outer loop
vertex 390.65 -126.99375 0
vertex 390.65 -126.99375 1.5
vertex 390.65 -129.375 1.5
endloop
endfacet
facet normal 1 0 0
outer loop
vertex 390.65 -126.99375 0
vertex 390.65 -129.375 1.5
vertex 390.65 -129.375 0
endloop
endfacet
facet normal 1 0 0
outer loop
vertex 390.65 -107.94375 0
vertex 390.65 -105.5625 0
vertex 390.65 -96.325 0
endloop
endfacet
facet normal 1 0 0
outer loop
vertex 390.65 -107.94375 0
vertex 390.65 -96.325 0
vertex 390.65 -96.325 1.5
endloop
endfacet
facet normal 1 0 0
outer loop
vertex 390.65 -107.94375 0
vertex 390.65 -96.325 1.5
vertex 390.65 -105.5625 1.5
endloop
endfacet
facet normal 1 0 0
outer loop
vertex 390.65 -107.94375 0
vertex 390.65 -105.5625 1.5
vertex 390.65 -107.94375 1.5
endloop
endfacet
facet normal 1 0 0
outer loop
vertex 390.65 -107.94375 0
vertex 390.65 -107.94375 1.5
vertex 390.65 -110.325 1.5
endloop
endfacet
facet normal 1 0 0
outer loop
vertex 390.65 -107.94375 0
vertex 390.65 -110.325 1.5
vertex 390.65 -110.325 0
endloop
endfacet
facet normal 1 0 0
outer loop
vertex 390.65 -88.89375 0
vertex 390.65 -86.5125 0
vertex 390.65 -77.275 0
endloop
endfacet
facet normal 1 0 0
outer loop
vertex 390.65 -88.89375 0
vertex 390.65 -77.275 0
vertex 390.65 -77.275 1.5
endloop
endfacet
facet normal 1 0 0
outer loop
vertex 390.65 -88.89375 0
vertex 390.65 -77.275 1.5
vertex 390.65 -86.5125 1.5
endloop
endfacet
facet normal 1 0 0
outer loop
vertex 390.65 -88.89375 0
vertex 390.65 -86.5125 1.5
vertex 390.65 -88.89375 1.5
endloop
endfacet
facet normal 1 0 0
outer loop
vertex 390.65 -88.89375 0
vertex 390.65 -88.89375 1.5
vertex 390.65 -91.275 1.5
endloop
endfacet
facet normal 1 0 0
outer loop
vertex 390.65 -88.89375 0
vertex 390.65 -91.275 1.5
vertex 390.65 -91.275 0
endloop
endfacet
facet normal -1 0 0
outer loop
vertex 385.6 -153.475 1.5
vertex 385.6 -148.7125 1.5
vertex 385.6 -148.7125 0
endloop
endfacet
facet normal -1 0 0
outer loop
vertex 385.6 -153.475 1.5
vertex 385.6 -148.7125 0
vertex 385.6 -153.475 0
endloop
endfacet
facet normal -1 0 0
outer loop
vertex 385.6 -153.475 1.5
vertex 385.6 -153.475 0
vertex 385.6 -162.7125 0
endloop
endfacet
facet normal -1 0 0
outer loop
vertex 385.6 -153.475 1.5
vertex 385.6 -162.7125 0
vertex 385.6 -162.7125 1.5
endloop
endfacet
facet normal -1 0 0
outer loop
vertex 385.6 -134.425 1.5
vertex 385.6 -129.6625 1.5
vertex 385.6 -129.6625 0
endloop
endfacet
facet normal -1 0 0
outer loop
vertex 385.6 -134.425 1.5
vertex 385.6 -129.6625 0
vertex 385.6 -134.425 0
endloop
endfacet
facet normal -1 0 0
outer loop
vertex 385.6 -134.425 1.5
vertex 385.6 -134.425 0
vertex 385.6 -143.6625 0
endloop
endfacet
facet normal -1 0 0
outer loop
vertex 385.6 -134.425 1.5
vertex 385.6 -143.6625 0
vertex 385.6 -143.6625 1.5
endloop
endfacet
facet normal -1 0 0
outer loop
vertex 385.6 -115.375 1.5
vertex 385.6 -110.6125 1.5
vertex 385.6 -110.6125 0
endloop
endfacet
facet normal -1 0 0
outer loop
vertex 385.6 -115.375 1.5
vertex 385.6 -110.6125 0
vertex 385.6 -115.375 0
endloop
endfacet
facet normal -1 0 0
outer loop
vertex 385.6 -115.375 1.5
vertex 385.6 -115.375 0
vertex 385.6 -124.6125 0
endloop
endfacet
facet normal -1 0 0
outer loop
vertex 385.6 -115.375 1.5
vertex 385.6 -124.6125 0
vertex 385.6 -124.6125 1.5
endloop
endfacet
facet normal -1 0 0
outer loop
vertex 385.6 -96.325 1.5
vertex 385.6 -91.5625 1.5
vertex 385.6 -91.5625 0
endloop
endfacet
facet normal -1 0 0
outer loop
vertex 385.6 -96.325 1.5
vertex 385.6 -91.5625 0
vertex 385.6 -96.325 0
endloop
endfacet
facet normal -1 0 0
outer loop
vertex 385.6 -96.325 1.5
vertex 385.6 -96.325 0
vertex 385.6 -105.5625 0
endloop
endfacet
facet normal -1 0 0
outer loop
vertex 385.6 -96.325 1.5
vertex 385.6 -105.5625 0
vertex 385.6 -105.5625 1.5
endloop
endfacet
facet normal -1 0 0
outer loop
vertex 385.6 -77.275 1.5
vertex 385.6 -72.5125 1.5
vertex 385.6 -72.5125 0
endloop
endfacet
facet normal -1 0 0
outer loop
vertex 385.6 -77.275 1.5
vertex 385.6 -72.5125 0
vertex 385.6 -77.275 0
endloop
endfacet
facet normal -1 0 0
outer loop
vertex 385.6 -77.275 1.5
vertex 385.6 -77.275 0
vertex 385.6 -86.5125 0
endloop
endfacet
facet normal -1 0 0
outer loop
vertex 385.6 -77.275 1.5
vertex 385.6 -86.5125 0
vertex 385.6 -86.5125 1.5
endloop
endfacet
facet normal 1 0 0
outer loop
vertex 371.6 -153.73121689999994 0
vertex 371.6 -148.7125 0
vertex 371.6 -148.7125 1.5
endloop
endfacet
facet normal 1 0 0
outer loop
vertex 371.6 -153.73121689999994 0
vertex 371.6 -148.7125 1.5
vertex 371.6 -153.7312169 1.5
endloop
endfacet
facet normal 1 0 0
outer loop
vertex 371.6 -153.73121689999994 0
vertex 371.6 -153.7312169 1.5
vertex 371.6 -162.7125 1.5
endloop
endfacet
facet normal 1 0 0
outer loop
vertex 371.6 -153.73121689999994 0
vertex 371.6 -162.7125 1.5
vertex 371.6 -162.7125 0
endloop
endfacet
facet normal 1 0 0
outer loop
vertex 371.6 -132.04375 0
vertex 371.6 -129.6625 0
vertex 371.6 -129.6625 1.5
endloop
endfacet
facet normal 1 0 0
outer loop
vertex 371.6 -132.04375 0
vertex 371.6 -129.6625 1.5
vertex 371.6 -132.04375 1.5
endloop
endfacet
facet normal 1 0 0
outer loop
vertex 371.6 -132.04375 0
vertex 371.6 -132.04375 1.5
vertex 371.6 -143.6625 1.5
endloop
endfacet
facet normal 1 0 0
outer loop
vertex 371.6 -132.04375 0
vertex 371.6 -143.6625 1.5
vertex 371.6 -143.6625 0
endloop
endfacet
facet normal 1 0 0
outer loop
vertex 371.6 -112.99375 0
vertex 371.6 -110.6125 0
vertex 371.6 -110.6125 1.5
endloop
endfacet
facet normal 1 0 0
outer loop
vertex 371.6 -112.99375 0
vertex 371.6 -110.6125 1.5
vertex 371.6 -112.99375 1.5
endloop
endfacet
facet normal 1 0 0
outer loop
vertex 371.6 -112.99375 0
vertex 371.6 -112.99375 1.5
vertex 371.6 -124.6125 1.5
endloop
endfacet
facet normal 1 0 0
outer loop
vertex 371.6 -112.99375 0
vertex 371.6 -124.6125 1.5
vertex 371.6 -124.6125 0
endloop
endfacet
facet normal 1 0 0
outer loop
vertex 371.6 -93.94375 0
vertex 371.6 -91.5625 0
vertex 371.6 -91.5625 1.5
endloop
endfacet
facet normal 1 0 0
outer loop
vertex 371.6 -93.94375 0
vertex 371.6 -91.5625 1.5
vertex 371.6 -93.94375 1.5
endloop
endfacet
facet normal 1 0 0
outer loop
vertex 371.6 -93.94375 0
vertex 371.6 -93.94375 1.5
vertex 371.6 -105.5625 1.5
endloop
endfacet
facet normal 1 0 0
outer loop
vertex 371.6 -93.94375 0
vertex 371.6 -105.5625 1.5
vertex 371.6 -105.5625 0
endloop
endfacet
facet normal 1 0 0
outer loop
vertex 371.6 -74.89375 0
vertex 371.6 -72.5125 0
vertex 371.6 -72.5125 1.5
endloop
endfacet
facet normal 1 0 0
outer loop
vertex 371.6 -74.89375 0
vertex 371.6 -72.5125 1.5
vertex 371.6 -74.89375 1.5
endloop
endfacet
facet normal 1 0 0
outer loop
vertex 371.6 -74.89375 0
vertex 371.6 -74.89375 1.5
vertex 371.6 -86.5125 1.5
endloop
endfacet
facet normal 1 0 0
outer loop
vertex 371.6 -74.89375 0
vertex 371.6 -86.5125 1.5
vertex 371.6 -86.5125 0
endloop
endfacet
facet normal -1 0 0
outer loop
vertex 366.55 -143.6625 1.5
vertex 366.55 -132.04375 1.5
vertex 366.55 -132.04375 0
endloop
endfacet
facet normal -1 0 0
outer loop
vertex 366.55 -143.6625 1.5
vertex 366.55 -132.04375 0
vertex 366.55 -143.6625 0
endloop
endfacet
facet normal -1 0 0
outer loop
vertex 366.55 -143.6625 1.5
vertex 366.55 -143.6625 0
vertex 366.55 -146.04375 0
endloop
endfacet
facet normal -1 0 0
outer loop
vertex 366.55 -143.6625 1.5
vertex 366.55 -146.04375 0
vertex 366.55 -146.04375 1.5
endloop
endfacet
facet normal -1 0 0
outer loop
vertex 366.55 -124.6125 1.5
vertex 366.55 -112.99375 1.5
vertex 366.55 -112.99375 0
endloop
endfacet
facet normal -1 0 0
outer loop
vertex 366.55 -124.6125 1.5
vertex 366.55 -112.99375 0
vertex 366.55 -124.6125 0
endloop
endfacet
facet normal -1 0 0
outer loop
vertex 366.55 -124.6125 1.5
vertex 366.55 -124.6125 0
vertex 366.55 -126.99375 0
endloop
endfacet
facet normal -1 0 0
outer loop
vertex 366.55 -124.6125 1.5
vertex 366.55 -126.99375 0
vertex 366.55 -126.99375 1.5
endloop
endfacet
facet normal -1 0 0
outer loop
vertex 366.55 -105.5625 1.5
vertex 366.55 -93.94375 1.5
vertex 366.55 -93.94375 0
endloop
endfacet
facet normal -1 0 0
outer loop
vertex 366.55 -105.5625 1.5
vertex 366.55 -93.94375 0
vertex 366.55 -105.5625 0
endloop
endfacet
facet normal -1 0 0
outer loop
vertex 366.55 -105.5625 1.5
vertex 366.55 -105.5625 0
vertex 366.55 -107.94375 0
endloop
endfacet
facet normal -1 0 0
outer loop
vertex 366.55 -105.5625 1.5
vertex 366.55 -107.94375 0
vertex 366.55 -107.94375 1.5
endloop
endfacet
facet normal -1 0 0
outer loop
vertex 366.55 -86.5125 1.5
vertex 366.55 -74.89375 1.5
vertex 366.55 -74.89375 0
endloop
endfacet
facet normal -1 0 0
outer loop
vertex 366.55 -86.5125 1.5
vertex 366.55 -74.89375 0
vertex 366.55 -86.5125 0
endloop
endfacet
facet normal -1 0 0
outer loop
vertex 366.55 -86.5125 1.5
vertex 366.55 -86.5125 0
vertex 366.55 -88.89375 0
endloop
endfacet
facet normal -1 0 0
outer loop
vertex 366.55 -86.5125 1.5
vertex 366.55 -88.89375 0
vertex 366.55 -88.89375 1.5
endloop
endfacet
facet normal 1 0 0
outer loop
vertex 352.55 -134.425 0
vertex 352.55 -132.04375 0
vertex 352.55 -132.04375 1.5
endloop
endfacet
facet normal 1 0 0
outer loop
vertex 352.55 -134.425 0
vertex 352.55 -132.04375 1.5
vertex 352.55 -134.425 1.5
endloop
endfacet
facet normal 1 0 0
outer loop
vertex 352.55 -134.425 0
vertex 352.55 -134.425 1.5
vertex 352.55 -146.04375 1.5
endloop
endfacet
facet normal 1 0 0
outer loop
vertex 352.55 -134.425 0
vertex 352.55 -146.04375 1.5
vertex 352.55 -146.04375 0
endloop
endfacet
facet normal 1 0 0
outer loop
vertex 352.55 -115.375 0
vertex 352.55 -112.99375 0
vertex 352.55 -112.99375 1.5
endloop
endfacet
facet normal 1 0 0
outer loop
vertex 352.55 -115.375 0
vertex 352.55 -112.99375 1.5
vertex 352.55 -115.375 1.5
endloop
endfacet
facet normal 1 0 0
outer loop
vertex 352.55 -115.375 0
vertex 352.55 -115.375 1.5
vertex 352.55 -126.99375 1.5
endloop
endfacet
facet normal 1 0 0
outer loop
vertex 352.55 -115.375 0
vertex 352.55 -126.99375 1.5
vertex 352.55 -126.99375 0
endloop
endfacet
facet normal 1 0 0
outer loop
vertex 352.55 -96.325 0
vertex 352.55 -93.94375 0
vertex 352.55 -93.94375 1.5
endloop
endfacet
facet normal 1 0 0
outer loop
vertex 352.55 -96.325 0
vertex 352.55 -93.94375 1.5
vertex 352.55 -96.325 1.5
endloop
endfacet
facet normal 1 0 0
outer loop
vertex 352.55 -96.325 0
vertex 352.55 -96.325 1.5
vertex 352.55 -107.94375 1.5
endloop
endfacet
facet normal 1 0 0
outer loop
vertex 352.55 -96.325 0
vertex 352.55 -107.94375 1.5
vertex 352.55 -107.94375 0
endloop
endfacet
facet normal 1 0 0
outer loop
vertex 352.55 -77.275 0
vertex 352.55 -74.89375 0
vertex 352.55 -74.89375 1.5
endloop
endfacet
facet normal 1 0 0
outer loop
vertex 352.55 -77.275 0
vertex 352.55 -74.89375 1.5
vertex 352.55 -77.275 1.5
endloop
endfacet
facet normal 1 0 0
outer loop
vertex 352.55 -77.275 0
vertex 352.55 -77.275 1.5
vertex 352.55 -88.89375 1.5
endloop
endfacet
facet normal 1 0 0
outer loop
vertex 352.55 -77.275 0
vertex 352.55 -88.89375 1.5
vertex 352.55 -88.89375 0
endloop
endfacet
facet normal -1 0 0
outer loop
vertex 347.5 -146.04375 1.5
vertex 347.5 -134.425 1.5
vertex 347.5 -134.425 0
endloop
endfacet
facet normal -1 0 0
outer loop
vertex 347.5 -146.04375 1.5
vertex 347.5 -134.425 0
vertex 347.5 -146.04375 0
endloop
endfacet
facet normal -1 0 0
outer loop
vertex 347.5 -146.04375 1.5
vertex 347.5 -146.04375 0
vertex 347.5 -148.425 0
endloop
endfacet
facet normal -1 0 0
outer loop
vertex 347.5 -146.04375 1.5
vertex 347.5 -148.425 0
vertex 347.5 -148.425 1.5
endloop
endfacet
facet normal -1 0 0
outer loop
vertex 347.5 -126.99375 1.5
vertex 347.5 -115.375 1.5
vertex 347.5 -115.375 0
endloop
endfacet
facet normal -1 0 0
outer loop
vertex 347.5 -126.99375 1.5
vertex 347.5 -115.375 0
vertex 347.5 -126.99375 0
endloop
endfacet
facet normal -1 0 0
outer loop
vertex 347.5 -126.99375 1.5
vertex 347.5 -126.99375 0
vertex 347.5 -129.375 0
endloop
endfacet
facet normal -1 0 0
outer loop
vertex 347.5 -126.99375 1.5
vertex 347.5 -129.375 0
vertex 347.5 -129.375 1.5
endloop
endfacet
facet normal -1 0 0
outer loop
vertex 347.5 -107.94375 1.5
vertex 347.5 -96.325 1.5
vertex 347.5 -96.325 0
endloop
endfacet
facet normal -1 0 0
outer loop
vertex 347.5 -107.94375 1.5
vertex 347.5 -96.325 0
vertex 347.5 -107.94375 0
endloop
endfacet
facet normal -1 0 0
outer loop
vertex 347.5 -107.94375 1.5
vertex 347.5 -107.94375 0
vertex 347.5 -110.325 0
endloop
endfacet
facet normal -1 0 0
outer loop
vertex 347.5 -107.94375 1.5
vertex 347.5 -110.325 0
vertex 347.5 -110.325 1.5
endloop
endfacet
facet normal -1 0 0
outer loop
vertex 347.5 -88.89375 1.5
vertex 347.5 -77.275 1.5
vertex 347.5 -77.275 0
endloop
endfacet
facet normal -1 0 0
outer loop
vertex 347.5 -88.89375 1.5
vertex 347.5 -77.275 0
vertex 347.5 -88.89375 0
endloop
endfacet
facet normal -1 0 0
outer loop
vertex 347.5 -88.89375 1.5
vertex 347.5 -88.89375 0
vertex 347.5 -91.275 0
endloop
endfacet
facet normal -1 0 0
outer loop
vertex 347.5 -88.89375 1.5
vertex 347.5 -91.275 0
vertex 347.5 -91.275 1.5
endloop
endfacet
facet normal 1 0 0
outer loop
vertex 333.5 -138.9 0
vertex 333.5 -134.425 0
vertex 333.5 -134.425 1.5
endloop
endfacet
facet normal 1 0 0
outer loop
vertex 333.5 -138.9 0
vertex 333.5 -134.425 1.5
vertex 333.5 -138.9 1.5
endloop
endfacet
facet normal 1 0 0
outer loop
vertex 333.5 -138.9 0
vertex 333.5 -138.9 1.5
vertex 333.5 -148.425 1.5
endloop
endfacet
facet normal 1 0 0
outer loop
vertex 333.5 -138.9 0
vertex 333.5 -148.425 1.5
vertex 333.5 -148.425 0
endloop
endfacet
facet normal 1 0 0
outer loop
vertex 333.5 -124.9 0
vertex 333.5 -119.85 0
vertex 333.5 -115.375 0
endloop
endfacet
facet normal 1 0 0
outer loop
vertex 333.5 -124.9 0
vertex 333.5 -115.375 0
vertex 333.5 -115.375 1.5
endloop
endfacet
facet normal 1 0 0
outer loop
vertex 333.5 -124.9 0
vertex 333.5 -115.375 1.5
vertex 333.5 -119.85 1.5
endloop
endfacet
facet normal 1 0 0
outer loop
vertex 333.5 -124.9 0
vertex 333.5 -119.85 1.5
vertex 333.5 -124.9 1.5
endloop
endfacet
facet normal 1 0 0
outer loop
vertex 333.5 -124.9 0
vertex 333.5 -124.9 1.5
vertex 333.5 -129.375 1.5
endloop
endfacet
facet normal 1 0 0
outer loop
vertex 333.5 -124.9 0
vertex 333.5 -129.375 1.5
vertex 333.5 -129.375 0
endloop
endfacet
facet normal 1 0 0
outer loop
vertex 333.5 -105.85 0
vertex 333.5 -100.8 0
vertex 333.5 -96.325 0
endloop
endfacet
facet normal 1 0 0
outer loop
vertex 333.5 -105.85 0
vertex 333.5 -96.325 0
vertex 333.5 -96.325 1.5
endloop
endfacet
facet normal 1 0 0
outer loop
vertex 333.5 -105.85 0
vertex 333.5 -96.325 1.5
vertex 333.5 -100.8 1.5
endloop
endfacet
facet normal 1 0 0
outer loop
vertex 333.5 -105.85 0
vertex 333.5 -100.8 1.5
vertex 333.5 -105.85 1.5
endloop
endfacet
facet normal 1 0 0
outer loop
vertex 333.5 -105.85 0
vertex 333.5 -105.85 1.5
vertex 333.5 -110.325 1.5
endloop
endfacet
facet normal 1 0 0
outer loop
vertex 333.5 -105.85 0
vertex 333.5 -110.325 1.5
vertex 333.5 -110.325 0
endloop
endfacet
facet normal 1 0 0
outer loop
vertex 333.5 -86.8 0
vertex 333.5 -77.275 0
vertex 333.5 -77.275 1.5
endloop
endfacet
facet normal 1 0 0
outer loop
vertex 333.5 -86.8 0
vertex 333.5 -77.275 1.5
vertex 333.5 -86.8 1.5
endloop
endfacet
facet normal 1 0 0
outer loop
vertex 333.5 -86.8 0
vertex 333.5 -86.8 1.5
vertex 333.5 -91.275 1.5
endloop
endfacet
facet normal 1 0 0
outer loop
vertex 333.5 -86.8 0
vertex 333.5 -91.275 1.5
vertex 333.5 -91.275 0
endloop
endfacet
facet normal -1 0 0
outer loop
vertex 328.45 -134.425 1.5
vertex 328.45 -132.04375 1.5
vertex 328.45 -129.6625 1.5
endloop
endfacet
facet normal -1 0 0
outer loop
vertex 328.45 -134.425 1.5
vertex 328.45 -129.6625 1.5
vertex 328.45 -129.375 1.5
endloop
endfacet
facet normal -1 0 0
outer loop
vertex 328.45 -134.425 1.5
vertex 328.45 -129.375 1.5
vertex 328.45 -124.9 1.5
endloop
endfacet
facet normal -1 0 0
outer loop
vertex 328.45 -134.425 1.5
vertex 328.45 -124.9 1.5
vertex 328.45 -124.9 0
endloop
endfacet
facet normal -1 0 0
outer loop
vertex 328.45 -134.425 1.5
vertex 328.45 -124.9 0
vertex 328.45 -129.375 0
endloop
endfacet
facet normal -1 0 0
outer loop
vertex 328.45 -134.425 1.5
vertex 328.45 -129.375 0
vertex 328.45 -129.6625 0
endloop
endfacet
facet normal -1 0 0
outer loop
vertex 328.45 -134.425 1.5
vertex 328.45 -129.6625 0
vertex 328.45 -132.04375 0
endloop
endfacet
facet normal -1 0 0
outer loop
vertex 328.45 -134.425 1.5
vertex 328.45 -132.04375 0
vertex 328.45 -134.425 0
endloop
endfacet
facet normal -1 0 0
outer loop
vertex 328.45 -134.425 1.5
vertex 328.45 -134.425 0
vertex 328.45 -138.9 0
endloop
endfacet
facet normal -1 0 0
outer loop
vertex 328.45 -134.425 1.5
vertex 328.45 -138.9 0
vertex 328.45 -138.9 1.5
endloop
endfacet
facet normal -1 0 0
outer loop
vertex 328.45 -115.375 1.5
vertex 328.45 -112.99375 1.5
vertex 328.45 -110.6125 1.5
endloop
endfacet
facet normal -1 0 0
outer loop
vertex 328.45 -115.375 1.5
vertex 328.45 -110.6125 1.5
vertex 328.45 -110.325 1.5
endloop
endfacet
facet normal -1 0 0
outer loop
vertex 328.45 -115.375 1.5
vertex 328.45 -110.325 1.5
vertex 328.45 -105.85 1.5
endloop
endfacet
facet normal -1 0 0
outer loop
vertex 328.45 -115.375 1.5
vertex 328.45 -105.85 1.5
vertex 328.45 -105.85 0
endloop
endfacet
facet normal -1 0 0
outer loop
vertex 328.45 -115.375 1.5
vertex 328.45 -105.85 0
vertex 328.45 -110.325 0
endloop
endfacet
facet normal -1 0 0
outer loop
vertex 328.45 -115.375 1.5
vertex 328.45 -110.325 0
vertex 328.45 -110.6125 0
endloop
endfacet
facet normal -1 0 0
outer loop
vertex 328.45 -115.375 1.5
vertex 328.45 -110.6125 0
vertex 328.45 -112.99375 0
endloop
endfacet
facet normal -1 0 0
outer loop
vertex 328.45 -115.375 1.5
vertex 328.45 -112.99375 0
vertex 328.45 -115.375 0
endloop
endfacet
facet normal -1 0 0
outer loop
vertex 328.45 -115.375 1.5
vertex 328.45 -115.375 0
vertex 328.45 -119.85 0
endloop
endfacet
facet normal -1 0 0
outer loop
vertex 328.45 -115.375 1.5
vertex 328.45 -119.85 0
vertex 328.45 -119.85 1.5
endloop
endfacet
facet normal -1 0 0
outer loop
vertex 328.45 -96.325 1.5
vertex 328.45 -93.94375 1.5
vertex 328.45 -91.5625 1.5
endloop
endfacet
facet normal -1 0 0
outer loop
vertex 328.45 -96.325 1.5
vertex 328.45 -91.5625 1.5
vertex 328.45 -91.275 1.5
endloop
endfacet
facet normal -1 0 0
outer loop
vertex 328.45 -96.325 1.5
vertex 328.45 -91.275 1.5
vertex 328.45 -86.8 1.5
endloop
endfacet
facet normal -1 0 0
outer loop
vertex 328.45 -96.325 1.5
vertex 328.45 -86.8 1.5
vertex 328.45 -86.8 0
endloop
endfacet
facet normal -1 0 0
outer loop
vertex 328.45 -96.325 1.5
vertex 328.45 -86.8 0
vertex 328.45 -91.275 0
endloop
endfacet
facet normal -1 0 0
outer loop
vertex 328.45 -96.325 1.5
vertex 328.45 -91.275 0
vertex 328.45 -91.5625 0
endloop
endfacet
facet normal -1 0 0
outer loop
vertex 328.45 -96.325 1.5
vertex 328.45 -91.5625 0
vertex 328.45 -93.94375 0
endloop
endfacet
facet normal -1 0 0
outer loop
vertex 328.45 -96.325 1.5
vertex 328.45 -93.94375 0
vertex 328.45 -96.325 0
endloop
endfacet
facet normal -1 0 0
outer loop
vertex 328.45 -96.325 1.5
vertex 328.45 -96.325 0
vertex 328.45 -100.8 0
endloop
endfacet
facet normal -1 0 0
outer loop
vertex 328.45 -96.325 1.5
vertex 328.45 -100.8 0
vertex 328.45 -100.8 1.5
endloop
endfacet
facet normal 1 0 0
outer loop
vertex 314.45 -124.9 0
vertex 314.45 -124.9 1.5
vertex 314.45 -138.9 1.5
endloop
endfacet
facet normal 1 0 0
outer loop
vertex 314.45 -124.9 0
vertex 314.45 -138.9 1.5
vertex 314.45 -138.9 0
endloop
endfacet
facet normal 1 0 0
outer loop
vertex 314.45 -105.85 0
vertex 314.45 -105.85 1.5
vertex 314.45 -119.85 1.5
endloop
endfacet
facet normal 1 0 0
outer loop
vertex 314.45 -105.85 0
vertex 314.45 -119.85 1.5
vertex 314.45 -119.85 0
endloop
endfacet
facet normal 1 0 0
outer loop
vertex 314.45 -86.8 0
vertex 314.45 -86.8 1.5
vertex 314.45 -100.8 1.5
endloop
endfacet
facet normal 1 0 0
outer loop
vertex 314.45 -86.8 0
vertex 314.45 -100.8 1.5
vertex 314.45 -100.8 0
endloop
endfacet
facet normal 0 0 1
outer loop
vertex 346.1569592 -171.9562831 1.5
vertex 358.51147126797747 -166.9647362 1.5
vertex 358.7255405790383 -166.87824658388797 1.5
endloop
endfacet
facet normal 0 0 1
outer loop
vertex 346.1569592 -171.9562831 1.5
vertex 358.7255405790383 -166.87824658388797 1.5
vertex 358.841278737305 -166.8314853324578 1.5
endloop
endfacet
facet normal 0 0 1
outer loop
vertex 346.1569592 -171.9562831 1.5
vertex 358.841278737305 -166.8314853324578 1.5
vertex 358.85631642929326 -166.82540971049764 1.5
endloop
endfacet
facet normal 0 0 1
outer loop
vertex 346.1569592 -171.9562831 1.5
vertex 358.85631642929326 -166.82540971049764 1.5
vertex 359.1375331 -166.71179079999993 1.5
endloop
endfacet
facet normal 0 0 1
outer loop
vertex 346.1569592 -171.9562831 1.5
vertex 359.1375331 -166.71179079999993 1.5
vertex 359.1375330999999 -166.71179079999993 0
endloop
endfacet
facet normal 0 0 1
outer loop
vertex 346.1569592 -171.9562831 1.5
vertex 359.1375330999999 -166.71179079999993 0
vertex 358.85631642929326 -166.82540971049764 0
endloop
endfacet
facet normal 0 0 1
outer loop
vertex 346.1569592 -171.9562831 1.5
vertex 358.85631642929326 -166.82540971049764 0
vertex 358.841278737305 -166.8314853324578 0
endloop
endfacet
facet normal 0 0 1
outer loop
vertex 346.1569592 -171.9562831 1.5
vertex 358.841278737305 -166.8314853324578 0
vertex 358.72554057903807 -166.87824658388806 0
endloop
endfacet
facet normal 0 0 1
outer loop
vertex 346.1569592 -171.9562831 1.5
vertex 358.72554057903807 -166.87824658388806 0
vertex 358.5114712679773 -166.96473620000006 0
endloop
endfacet
facet normal 0 0 1
outer loop
vertex 346.1569592 -171.9562831 1.5
vertex 358.5114712679773 -166.96473620000006 0
vertex 346.1569592 -171.9562831 0
endloop
endfacet
facet normal -0.9271838541200061 -0.37460659452173445 -1.4276612542349516e-14
outer loop
vertex 359.1375331 -166.71179079999993 1.5
vertex 357.5217147265103 -162.7125 1.5
vertex 353.8930408 -153.7312169 1.5
endloop
endfacet
facet normal -0.9271838541200061 -0.37460659452173445 -1.4276612542349516e-14
outer loop
vertex 359.1375331 -166.71179079999993 1.5
vertex 353.8930408 -153.7312169 1.5
vertex 353.8930408 -153.73121689999994 0
endloop
endfacet
facet normal -0.9271838541200061 -0.37460659452173445 -1.4276612542349516e-14
outer loop
vertex 359.1375331 -166.71179079999993 1.5
vertex 353.8930408 -153.73121689999994 0
vertex 357.52171472651025 -162.7125 0
endloop
endfacet
facet normal -0.9271838541200061 -0.37460659452173445 -1.4276612542349516e-14
outer loop
vertex 359.1375331 -166.71179079999993 1.5
vertex 357.52171472651025 -162.7125 0
vertex 359.1375330999999 -166.71179079999993 0
endloop
endfacet
facet normal 0 0 1
outer loop
vertex 353.8930408 -153.7312169 1.5
vertex 342.74374875782985 -158.23582329999996 1.5
vertex 340.9124669 -158.9757092 1.5
endloop
endfacet
facet normal 0 0 1
outer loop
vertex 353.8930408 -153.7312169 1.5
vertex 340.9124669 -158.9757092 1.5
vertex 340.91246689999997 -158.97570919999998 0
endloop
endfacet
facet normal 0 0 1
outer loop
vertex 353.8930408 -153.7312169 1.5
vertex 340.91246689999997 -158.97570919999998 0
vertex 342.7437487578298 -158.23582329999996 0
endloop
endfacet
facet normal 0 0 1
outer loop
vertex 353.8930408 -153.7312169 1.5
vertex 342.7437487578298 -158.23582329999996 0
vertex 353.8930408 -153.73121689999994 0
endloop
endfacet
facet normal 0 0 -1
outer loop
vertex 340.9124669 -158.9757092 1.5
vertex 345.8580258912479 -171.2163972 1.5
vertex 346.1569592 -171.9562831 1.5
endloop
endfacet
facet normal 0 0 -1
outer loop
vertex 340.9124669 -158.9757092 1.5
vertex 346.1569592 -171.9562831 1.5
vertex 346.1569592 -171.9562831 0
endloop
endfacet
facet normal 0 0 -1
outer loop
vertex 340.9124669 -158.9757092 1.5
vertex 346.1569592 -171.9562831 0
vertex 345.85802589124785 -171.21639719999996 0
endloop
endfacet
facet normal 0 0 -1
outer loop
vertex 340.9124669 -158.9757092 1.5
vertex 345.85802589124785 -171.21639719999996 0
vertex 340.91246689999997 -158.97570919999998 0
endloop
endfacet
facet normal 0 0 1
outer loop
vertex 322.29432979999984 -176.4608895 1.5
vertex 333.4436218421701 -171.9562831 1.5
vertex 335.27490369999987 -171.2163972 1.5
endloop
endfacet
facet normal 0 0 1
outer loop
vertex 322.29432979999984 -176.4608895 1.5
vertex 335.27490369999987 -171.2163972 1.5
vertex 335.2749036999999 -171.21639719999996 0
endloop
endfacet
facet normal 0 0 1
outer loop
vertex 322.29432979999984 -176.4608895 1.5
vertex 335.2749036999999 -171.21639719999996 0
vertex 333.4436218421701 -171.9562831 0
endloop
endfacet
facet normal 0 0 1
outer loop
vertex 322.29432979999984 -176.4608895 1.5
vertex 333.4436218421701 -171.9562831 0
vertex 322.29432979999996 -176.46088949999998 0
endloop
endfacet
facet normal 0 0 -1
outer loop
vertex 335.27490369999987 -171.2163972 1.5
vertex 330.3293447087521 -158.9757092 1.5
vertex 330.0304114 -158.23582329999996 1.5
endloop
endfacet
facet normal 0 0 -1
outer loop
vertex 335.27490369999987 -171.2163972 1.5
vertex 330.0304114 -158.23582329999996 1.5
vertex 330.0304114 -158.23582329999996 0
endloop
endfacet
facet normal 0 0 -1
outer loop
vertex 335.27490369999987 -171.2163972 1.5
vertex 330.0304114 -158.23582329999996 0
vertex 330.3293447087521 -158.97570919999998 0
endloop
endfacet
facet normal 0 0 -1
outer loop
vertex 335.27490369999987 -171.2163972 1.5
vertex 330.3293447087521 -158.97570919999998 0
vertex 335.2749036999999 -171.21639719999996 0
endloop
endfacet
facet normal 0.3746065945217376 -0.9271838541200049 0
outer loop
vertex 330.0304114 -158.23582329999996 1.5
vertex 317.0498375 -163.4803156 1.5
vertex 317.0498375000001 -163.4803156 0
endloop
endfacet
facet normal 0.3746065945217376 -0.9271838541200049 0
outer loop
vertex 330.0304114 -158.23582329999996 1.5
vertex 317.0498375000001 -163.4803156 0
vertex 330.0304114 -158.23582329999996 0
endloop
endfacet
facet normal 0.927183854119993 0.37460659452176703 0
outer loop
vertex 317.0498375 -163.4803156 1.5
vertex 322.29432979999984 -176.4608895 1.5
vertex 322.29432979999996 -176.46088949999998 0
endloop
endfacet
facet normal 0.927183854119993 0.37460659452176703 0
outer loop
vertex 317.0498375 -163.4803156 1.5
vertex 322.29432979999996 -176.46088949999998 0
vertex 317.0498375000001 -163.4803156 0
endloop
endfacet
endsolid csg.js
