solid key_plate2
facet normal 0 0 -1
outer loop
vertex 369.8009175999997 -68.9874975 0
vertex 369.8009647190847 -68.9874996408711 0
vertex 352.55 -68.9874996408711 0
endloop
endfacet
facet normal 0 0 -1
outer loop
vertex 369.8009175999997 -68.9874975 0
vertex 352.55 -68.9874996408711 0
vertex 366.55 -68.9874975 0
endloop
endfacet
facet normal 0 0 -1
outer loop
vertex 261.91812361945995 -68.9874996408711 0
vertex 261.9181397514595 -68.98750105223819 0
vertex 261.91812361945995 -68.9874996408711 0
endloop
endfacet
facet normal 0 0 -1
outer loop
vertex 261.91812361945995 -68.9874996408711 0
vertex 261.91812361945995 -68.9874996408711 0
vertex 196.8990824000004 -68.9874975 0
endloop
endfacet
facet normal 0 0 -1
outer loop
vertex 261.91812361945995 -68.9874996408711 0
vertex 196.8990824000004 -68.9874975 0
vertex 196.899004217707 -68.98750105223819 0
endloop
endfacet
facet normal 0 0 -1
outer loop
vertex 261.91812361945995 -68.9874996408711 0
vertex 196.899004217707 -68.98750105223819 0
vertex 196.8990824000004 -68.9874975 0
endloop
endfacet
facet normal 0 0 -1
outer loop
vertex 272.8250240537194 -68.98750105223819 0
vertex 261.9181397514595 -68.98750105223819 0
vertex 272.82500792227853 -68.9874996408711 0
endloop
endfacet
facet normal 0 0 1
outer loop
vertex 196.8990824000004 -68.9874975 0
vertex 261.9181397514595 -68.98750105223819 0
vertex 272.8250240537194 -68.98750105223819 0
endloop
endfacet
facet normal 0 0 1
outer loop
vertex 196.8990824000004 -68.9874975 0
vertex 272.8250240537194 -68.98750105223819 0
vertex 273.1722963553338 -69.01788449397557 0
endloop
endfacet
facet normal 0 0 1
outer loop
vertex 196.8990824000004 -68.9874975 0
vertex 273.1722963553338 -69.01788449397557 0
vertex 273.5090402866514 -69.1081147584282 0
endloop
endfacet
facet normal 0 0 1
outer loop
vertex 196.8990824000004 -68.9874975 0
vertex 273.5090402866514 -69.1081147584282 0
vertex 273.825 -69.2554491924311 0
endloop
endfacet
facet normal 0 0 1
outer loop
vertex 196.8990824000004 -68.9874975 0
vertex 273.825 -69.2554491924311 0
vertex 274.11057521937306 -69.45541111376205 0
endloop
endfacet
facet normal 0 0 1
outer loop
vertex 196.8990824000004 -68.9874975 0
vertex 274.11057521937306 -69.45541111376205 0
vertex 274.3570888862379 -69.7019247806269 0
endloop
endfacet
facet normal 0 0 1
outer loop
vertex 196.8990824000004 -68.9874975 0
vertex 274.3570888862379 -69.7019247806269 0
vertex 274.5570508075688 -69.98749999999991 0
endloop
endfacet
facet normal 0 0 1
outer loop
vertex 196.8990824000004 -68.9874975 0
vertex 274.5570508075688 -69.98749999999991 0
vertex 274.70438524157186 -70.30345971334879 0
endloop
endfacet
facet normal 0 0 1
outer loop
vertex 196.8990824000004 -68.9874975 0
vertex 274.70438524157186 -70.30345971334879 0
vertex 274.7946155060244 -70.64020364466613 0
endloop
endfacet
facet normal 0 0 1
outer loop
vertex 196.8990824000004 -68.9874975 0
vertex 274.7946155060244 -70.64020364466613 0
vertex 274.825 -70.98750000000015 0
endloop
endfacet
facet normal 0 0 1
outer loop
vertex 196.8990824000004 -68.9874975 0
vertex 274.825 -70.98750000000015 0
vertex 274.825 -72.5125 0
endloop
endfacet
facet normal 0 0 1
outer loop
vertex 196.8990824000004 -68.9874975 0
vertex 274.825 -72.5125 0
vertex 214.15 -72.5125 0
endloop
endfacet
facet normal 0 0 1
outer loop
vertex 196.8990824000004 -68.9874975 0
vertex 214.15 -72.5125 0
vertex 200.15 -72.5125 0
endloop
endfacet
facet normal 0 0 1
outer loop
vertex 196.8990824000004 -68.9874975 0
vertex 200.15 -72.5125 0
vertex 184.00533705996463 -72.5125 0
endloop
endfacet
facet normal 0 0 1
outer loop
vertex 196.8990824000004 -68.9874975 0
vertex 184.00533705996463 -72.5125 0
vertex 196.36102479999965 -69.06123500000008 0
endloop
endfacet
facet normal 0 0 1
outer loop
vertex 196.8990824000004 -68.9874975 0
vertex 196.36102479999965 -69.06123500000008 0
vertex 196.53789397803098 -69.02038448153176 0
endloop
endfacet
facet normal 0 0 1
outer loop
vertex 196.8990824000004 -68.9874975 0
vertex 196.53789397803098 -69.02038448153176 0
vertex 196.71774117963625 -68.99573679791587 0
endloop
endfacet
facet normal 0 0 1
outer loop
vertex 196.8990824000004 -68.9874975 0
vertex 196.71774117963625 -68.99573679791587 0
vertex 196.899004217707 -68.98750105223819 0
endloop
endfacet
facet normal 0 0 -1
outer loop
vertex 352.55 -68.9874996408711 0
vertex 369.8009647190847 -68.9874996408711 0
vertex 369.98225882036337 -68.99573679791587 0
endloop
endfacet
facet normal 0 0 -1
outer loop
vertex 352.55 -68.9874996408711 0
vertex 369.98225882036337 -68.99573679791587 0
vertex 370.16210602196924 -69.02038448153176 0
endloop
endfacet
facet normal 0 0 -1
outer loop
vertex 352.55 -68.9874996408711 0
vertex 370.16210602196924 -69.02038448153176 0
vertex 370.3389752000002 -69.06123500000008 0
endloop
endfacet
facet normal 0 0 -1
outer loop
vertex 352.55 -68.9874996408711 0
vertex 370.3389752000002 -69.06123500000008 0
vertex 382.69466294003536 -72.5125 0
endloop
endfacet
facet normal 0 0 -1
outer loop
vertex 352.55 -68.9874996408711 0
vertex 382.69466294003536 -72.5125 0
vertex 366.55 -72.5125 0
endloop
endfacet
facet normal 0 0 -1
outer loop
vertex 352.55 -68.9874996408711 0
vertex 366.55 -72.5125 0
vertex 352.55 -72.5125 0
endloop
endfacet
facet normal 0 0 -1
outer loop
vertex 352.55 -68.9874996408711 0
vertex 352.55 -72.5125 0
vertex 291.875 -72.5125 0
endloop
endfacet
facet normal 0 0 -1
outer loop
vertex 352.55 -68.9874996408711 0
vertex 291.875 -72.5125 0
vertex 291.875 -70.98750000000015 0
endloop
endfacet
facet normal 0 0 -1
outer loop
vertex 352.55 -68.9874996408711 0
vertex 291.875 -70.98750000000015 0
vertex 291.9053844939756 -70.64020364466613 0
endloop
endfacet
facet normal 0 0 -1
outer loop
vertex 352.55 -68.9874996408711 0
vertex 291.9053844939756 -70.64020364466613 0
vertex 291.99561475842825 -70.30345971334879 0
endloop
endfacet
facet normal 0 0 -1
outer loop
vertex 352.55 -68.9874996408711 0
vertex 291.99561475842825 -70.30345971334879 0
vertex 292.1429491924309 -69.98749999999991 0
endloop
endfacet
facet normal 0 0 -1
outer loop
vertex 352.55 -68.9874996408711 0
vertex 292.1429491924309 -69.98749999999991 0
vertex 292.3429111137621 -69.7019247806269 0
endloop
endfacet
facet normal 0 0 -1
outer loop
vertex 352.55 -68.9874996408711 0
vertex 292.3429111137621 -69.7019247806269 0
vertex 292.58942478062704 -69.45541111376205 0
endloop
endfacet
facet normal 0 0 -1
outer loop
vertex 352.55 -68.9874996408711 0
vertex 292.58942478062704 -69.45541111376205 0
vertex 292.87499999999994 -69.2554491924311 0
endloop
endfacet
facet normal 0 0 -1
outer loop
vertex 352.55 -68.9874996408711 0
vertex 292.87499999999994 -69.2554491924311 0
vertex 293.19095971334883 -69.1081147584282 0
endloop
endfacet
facet normal 0 0 -1
outer loop
vertex 352.55 -68.9874996408711 0
vertex 293.19095971334883 -69.1081147584282 0
vertex 293.5277036446659 -69.01788449397557 0
endloop
endfacet
facet normal 0 0 -1
outer loop
vertex 352.55 -68.9874996408711 0
vertex 293.5277036446659 -69.01788449397557 0
vertex 293.8750000000002 -68.9874996408711 0
endloop
endfacet
facet normal 0 0 -1
outer loop
vertex 274.825 -72.5125 0
vertex 274.825 -74.89375 0
vertex 233.2 -74.89375 0
endloop
endfacet
facet normal 0 0 -1
outer loop
vertex 274.825 -72.5125 0
vertex 233.2 -74.89375 0
vertex 219.2 -74.89375 0
endloop
endfacet
facet normal 0 0 -1
outer loop
vertex 274.825 -72.5125 0
vertex 219.2 -74.89375 0
vertex 214.15 -74.89375 0
endloop
endfacet
facet normal 0 0 -1
outer loop
vertex 274.825 -72.5125 0
vertex 214.15 -74.89375 0
vertex 214.15 -72.5125 0
endloop
endfacet
facet normal 0 0 -1
outer loop
vertex 352.55 -72.5125 0
vertex 352.55 -74.89375 0
vertex 347.5 -74.89375 0
endloop
endfacet
facet normal 0 0 -1
outer loop
vertex 352.55 -72.5125 0
vertex 347.5 -74.89375 0
vertex 333.5 -74.89375 0
endloop
endfacet
facet normal 0 0 -1
outer loop
vertex 352.55 -72.5125 0
vertex 333.5 -74.89375 0
vertex 291.875 -74.89375 0
endloop
endfacet
facet normal 0 0 -1
outer loop
vertex 352.55 -72.5125 0
vertex 291.875 -74.89375 0
vertex 291.875 -72.5125 0
endloop
endfacet
facet normal 0 0 -1
outer loop
vertex 200.15 -72.5125 0
vertex 200.15 -77.275 0
vertex 195.1 -77.275 0
endloop
endfacet
facet normal 0 0 -1
outer loop
vertex 200.15 -72.5125 0
vertex 195.1 -77.275 0
vertex 181.1 -77.275 0
endloop
endfacet
facet normal 0 0 -1
outer loop
vertex 200.15 -72.5125 0
vertex 181.1 -77.275 0
vertex 172.5249914908578 -77.275 0
endloop
endfacet
facet normal 0 0 -1
outer loop
vertex 200.15 -72.5125 0
vertex 172.5249914908578 -77.275 0
vertex 179.40340450000076 -73.83579779999964 0
endloop
endfacet
facet normal 0 0 -1
outer loop
vertex 200.15 -72.5125 0
vertex 179.40340450000076 -73.83579779999964 0
vertex 179.57830474728368 -73.75856696973749 0
endloop
endfacet
facet normal 0 0 -1
outer loop
vertex 200.15 -72.5125 0
vertex 179.57830474728368 -73.75856696973749 0
vertex 179.75978224999977 -73.69839390000006 0
endloop
endfacet
facet normal 0 0 -1
outer loop
vertex 200.15 -72.5125 0
vertex 179.75978224999977 -73.69839390000006 0
vertex 184.00533705996463 -72.5125 0
endloop
endfacet
facet normal 0 0 -1
outer loop
vertex 274.825 -74.89375 0
vertex 274.825 -77.275 0
vertex 252.25 -77.275 0
endloop
endfacet
facet normal 0 0 -1
outer loop
vertex 274.825 -74.89375 0
vertex 252.25 -77.275 0
vertex 238.25 -77.275 0
endloop
endfacet
facet normal 0 0 -1
outer loop
vertex 274.825 -74.89375 0
vertex 238.25 -77.275 0
vertex 233.2 -77.275 0
endloop
endfacet
facet normal 0 0 -1
outer loop
vertex 274.825 -74.89375 0
vertex 233.2 -77.275 0
vertex 233.2 -74.89375 0
endloop
endfacet
facet normal 0 0 -1
outer loop
vertex 333.5 -74.89375 0
vertex 333.5 -77.275 0
vertex 328.45 -77.275 0
endloop
endfacet
facet normal 0 0 -1
outer loop
vertex 333.5 -74.89375 0
vertex 328.45 -77.275 0
vertex 314.45 -77.275 0
endloop
endfacet
facet normal 0 0 -1
outer loop
vertex 333.5 -74.89375 0
vertex 314.45 -77.275 0
vertex 291.875 -77.275 0
endloop
endfacet
facet normal 0 0 -1
outer loop
vertex 333.5 -74.89375 0
vertex 291.875 -77.275 0
vertex 291.875 -74.89375 0
endloop
endfacet
facet normal 0 0 -1
outer loop
vertex 382.69466294003536 -72.5125 0
vertex 386.9402177499997 -73.69839390000006 0
vertex 387.1216952527166 -73.75856696973749 0
endloop
endfacet
facet normal 0 0 -1
outer loop
vertex 382.69466294003536 -72.5125 0
vertex 387.1216952527166 -73.75856696973749 0
vertex 387.2965954999993 -73.83579779999964 0
endloop
endfacet
facet normal 0 0 -1
outer loop
vertex 382.69466294003536 -72.5125 0
vertex 387.2965954999993 -73.83579779999964 0
vertex 394.1750085091423 -77.275 0
endloop
endfacet
facet normal 0 0 -1
outer loop
vertex 382.69466294003536 -72.5125 0
vertex 394.1750085091423 -77.275 0
vertex 385.6 -77.275 0
endloop
endfacet
facet normal 0 0 -1
outer loop
vertex 382.69466294003536 -72.5125 0
vertex 385.6 -77.275 0
vertex 371.6 -77.275 0
endloop
endfacet
facet normal 0 0 -1
outer loop
vertex 382.69466294003536 -72.5125 0
vertex 371.6 -77.275 0
vertex 366.55 -77.275 0
endloop
endfacet
facet normal 0 0 -1
outer loop
vertex 382.69466294003536 -72.5125 0
vertex 366.55 -77.275 0
vertex 366.55 -72.5125 0
endloop
endfacet
facet normal 0 0 -1
outer loop
vertex 181.1 -77.275 0
vertex 181.1 -83.06384500000004 0
vertex 160.947287 -83.06384500000004 0
endloop
endfacet
facet normal 0 0 -1
outer loop
vertex 181.1 -77.275 0
vertex 160.947287 -83.06384500000004 0
vertex 172.5249914908578 -77.275 0
endloop
endfacet
facet normal 0 0 -1
outer loop
vertex 394.1750085091423 -77.275 0
vertex 405.7527130000001 -83.06384500000004 0
vertex 385.6 -83.06384500000004 0
endloop
endfacet
facet normal 0 0 -1
outer loop
vertex 394.1750085091423 -77.275 0
vertex 385.6 -83.06384500000004 0
vertex 385.6 -77.275 0
endloop
endfacet
facet normal 0 0 -1
outer loop
vertex 181.1 -83.06384500000004 0
vertex 181.1 -83.15528716832868 0
vertex 160.73440200138586 -83.15528716832868 0
endloop
endfacet
facet normal 0 0 -1
outer loop
vertex 181.1 -83.06384500000004 0
vertex 160.73440200138586 -83.15528716832868 0
vertex 160.947287 -83.06384500000004 0
endloop
endfacet
facet normal 0 0 -1
outer loop
vertex 405.7527130000001 -83.06384500000004 0
vertex 405.9655979986146 -83.15528716832868 0
vertex 385.6 -83.15528716832868 0
endloop
endfacet
facet normal 0 0 -1
outer loop
vertex 405.7527130000001 -83.06384500000004 0
vertex 385.6 -83.15528716832868 0
vertex 385.6 -83.06384500000004 0
endloop
endfacet
facet normal 0 0 -1
outer loop
vertex 181.1 -83.15528716832868 0
vertex 181.1 -83.22149515423496 0
vertex 160.51237003209698 -83.22149515423496 0
endloop
endfacet
facet normal 0 0 -1
outer loop
vertex 181.1 -83.15528716832868 0
vertex 160.51237003209698 -83.22149515423496 0
vertex 160.73440200138586 -83.15528716832868 0
endloop
endfacet
facet normal 0 0 -1
outer loop
vertex 405.9655979986146 -83.15528716832868 0
vertex 406.187629967903 -83.22149515423496 0
vertex 385.6 -83.22149515423496 0
endloop
endfacet
facet normal 0 0 -1
outer loop
vertex 405.9655979986146 -83.15528716832868 0
vertex 385.6 -83.22149515423496 0
vertex 385.6 -83.15528716832868 0
endloop
endfacet
facet normal 0 0 -1
outer loop
vertex 181.1 -83.22149515423496 0
vertex 181.1 -83.26158041852898 0
vertex 160.28417085512595 -83.26158041852898 0
endloop
endfacet
facet normal 0 0 -1
outer loop
vertex 181.1 -83.22149515423496 0
vertex 160.28417085512595 -83.26158041852898 0
vertex 160.51237003209698 -83.22149515423496 0
endloop
endfacet
facet normal 0 0 -1
outer loop
vertex 406.187629967903 -83.22149515423496 0
vertex 406.41582914487407 -83.26158041852898 0
vertex 385.6 -83.26158041852898 0
endloop
endfacet
facet normal 0 0 -1
outer loop
vertex 406.187629967903 -83.22149515423496 0
vertex 385.6 -83.26158041852898 0
vertex 385.6 -83.22149515423496 0
endloop
endfacet
facet normal 0 0 -1
outer loop
vertex 181.1 -83.26158041852898 0
vertex 181.1 -83.275 0
vertex 160.052864 -83.275 0
endloop
endfacet
facet normal 0 0 -1
outer loop
vertex 181.1 -83.26158041852898 0
vertex 160.052864 -83.275 0
vertex 160.28417085512595 -83.26158041852898 0
endloop
endfacet
facet normal 0 0 -1
outer loop
vertex 406.41582914487407 -83.26158041852898 0
vertex 406.64713600000005 -83.275 0
vertex 385.6 -83.275 0
endloop
endfacet
facet normal 0 0 -1
outer loop
vertex 406.41582914487407 -83.26158041852898 0
vertex 385.6 -83.275 0
vertex 385.6 -83.26158041852898 0
endloop
endfacet
facet normal 0 0 -1
outer loop
vertex 200.15 -77.275 0
vertex 200.15 -86.5125 0
vertex 195.1 -86.5125 0
endloop
endfacet
facet normal 0 0 -1
outer loop
vertex 200.15 -77.275 0
vertex 195.1 -86.5125 0
vertex 195.1 -77.275 0
endloop
endfacet
facet normal 0 0 -1
outer loop
vertex 219.2 -74.89375 0
vertex 219.2 -86.5125 0
vertex 214.15 -86.5125 0
endloop
endfacet
facet normal 0 0 -1
outer loop
vertex 219.2 -74.89375 0
vertex 214.15 -86.5125 0
vertex 214.15 -74.89375 0
endloop
endfacet
facet normal 0 0 -1
outer loop
vertex 352.55 -74.89375 0
vertex 352.55 -86.5125 0
vertex 347.5 -86.5125 0
endloop
endfacet
facet normal 0 0 -1
outer loop
vertex 352.55 -74.89375 0
vertex 347.5 -86.5125 0
vertex 347.5 -74.89375 0
endloop
endfacet
facet normal 0 0 -1
outer loop
vertex 371.6 -77.275 0
vertex 371.6 -86.5125 0
vertex 366.55 -86.5125 0
endloop
endfacet
facet normal 0 0 -1
outer loop
vertex 371.6 -77.275 0
vertex 366.55 -86.5125 0
vertex 366.55 -77.275 0
endloop
endfacet
facet normal 0 0 -1
outer loop
vertex 160.052864 -83.275 0
vertex 181.1 -83.275 0
vertex 181.1 -86.8 0
endloop
endfacet
facet normal 0 0 -1
outer loop
vertex 160.052864 -83.275 0
vertex 181.1 -86.8 0
vertex 176.05 -86.8 0
endloop
endfacet
facet normal 0 0 -1
outer loop
vertex 160.052864 -83.275 0
vertex 176.05 -86.8 0
vertex 162.05 -86.8 0
endloop
endfacet
facet normal 0 0 -1
outer loop
vertex 160.052864 -83.275 0
vertex 162.05 -86.8 0
vertex 157 -86.8 0
endloop
endfacet
facet normal 0 0 -1
outer loop
vertex 160.052864 -83.275 0
vertex 157 -86.8 0
vertex 143 -86.8 0
endloop
endfacet
facet normal 0 0 -1
outer loop
vertex 160.052864 -83.275 0
vertex 143 -86.8 0
vertex 139.475 -86.8 0
endloop
endfacet
facet normal 0 0 -1
outer loop
vertex 160.052864 -83.275 0
vertex 139.475 -86.8 0
vertex 139.475 -85.27499999999968 0
endloop
endfacet
facet normal 0 0 -1
outer loop
vertex 160.052864 -83.275 0
vertex 139.475 -85.27499999999968 0
vertex 139.50538449397558 -84.92770364466598 0
endloop
endfacet
facet normal 0 0 -1
outer loop
vertex 160.052864 -83.275 0
vertex 139.50538449397558 -84.92770364466598 0
vertex 139.59561475842816 -84.59095971334885 0
endloop
endfacet
facet normal 0 0 -1
outer loop
vertex 160.052864 -83.275 0
vertex 139.59561475842816 -84.59095971334885 0
vertex 139.7429491924311 -84.27500000000002 0
endloop
endfacet
facet normal 0 0 -1
outer loop
vertex 160.052864 -83.275 0
vertex 139.7429491924311 -84.27500000000002 0
vertex 139.94291111376208 -83.98942478062732 0
endloop
endfacet
facet normal 0 0 -1
outer loop
vertex 160.052864 -83.275 0
vertex 139.94291111376208 -83.98942478062732 0
vertex 140.189424780627 -83.7429111137621 0
endloop
endfacet
facet normal 0 0 -1
outer loop
vertex 160.052864 -83.275 0
vertex 140.189424780627 -83.7429111137621 0
vertex 140.47500000000005 -83.54294919243095 0
endloop
endfacet
facet normal 0 0 -1
outer loop
vertex 160.052864 -83.275 0
vertex 140.47500000000005 -83.54294919243095 0
vertex 140.79095971334863 -83.39561475842818 0
endloop
endfacet
facet normal 0 0 -1
outer loop
vertex 160.052864 -83.275 0
vertex 140.79095971334863 -83.39561475842818 0
vertex 141.12770364466613 -83.30538449397561 0
endloop
endfacet
facet normal 0 0 -1
outer loop
vertex 160.052864 -83.275 0
vertex 141.12770364466613 -83.30538449397561 0
vertex 141.475 -83.275 0
endloop
endfacet
facet normal 0 0 -1
outer loop
vertex 274.825 -77.275 0
vertex 274.825 -86.8 0
vertex 271.3 -86.8 0
endloop
endfacet
facet normal 0 0 -1
outer loop
vertex 274.825 -77.275 0
vertex 271.3 -86.8 0
vertex 257.3 -86.8 0
endloop
endfacet
facet normal 0 0 -1
outer loop
vertex 274.825 -77.275 0
vertex 257.3 -86.8 0
vertex 252.25 -86.8 0
endloop
endfacet
facet normal 0 0 -1
outer loop
vertex 274.825 -77.275 0
vertex 252.25 -86.8 0
vertex 252.25 -77.275 0
endloop
endfacet
facet normal 0 0 -1
outer loop
vertex 314.45 -77.275 0
vertex 314.45 -86.8 0
vertex 309.4 -86.8 0
endloop
endfacet
facet normal 0 0 -1
outer loop
vertex 314.45 -77.275 0
vertex 309.4 -86.8 0
vertex 295.4 -86.8 0
endloop
endfacet
facet normal 0 0 -1
outer loop
vertex 314.45 -77.275 0
vertex 295.4 -86.8 0
vertex 291.875 -86.8 0
endloop
endfacet
facet normal 0 0 -1
outer loop
vertex 314.45 -77.275 0
vertex 291.875 -86.8 0
vertex 291.875 -77.275 0
endloop
endfacet
facet normal 0 0 -1
outer loop
vertex 406.64713600000005 -83.275 0
vertex 425.22499999999997 -83.275 0
vertex 425.572296355334 -83.30538449397561 0
endloop
endfacet
facet normal 0 0 -1
outer loop
vertex 406.64713600000005 -83.275 0
vertex 425.572296355334 -83.30538449397561 0
vertex 425.90904028665136 -83.39561475842818 0
endloop
endfacet
facet normal 0 0 -1
outer loop
vertex 406.64713600000005 -83.275 0
vertex 425.90904028665136 -83.39561475842818 0
vertex 426.2249999999997 -83.54294919243095 0
endloop
endfacet
facet normal 0 0 -1
outer loop
vertex 406.64713600000005 -83.275 0
vertex 426.2249999999997 -83.54294919243095 0
vertex 426.5105752193731 -83.7429111137621 0
endloop
endfacet
facet normal 0 0 -1
outer loop
vertex 406.64713600000005 -83.275 0
vertex 426.5105752193731 -83.7429111137621 0
vertex 426.7570888862383 -83.98942478062732 0
endloop
endfacet
facet normal 0 0 -1
outer loop
vertex 406.64713600000005 -83.275 0
vertex 426.7570888862383 -83.98942478062732 0
vertex 426.957050807569 -84.27500000000002 0
endloop
endfacet
facet normal 0 0 -1
outer loop
vertex 406.64713600000005 -83.275 0
vertex 426.957050807569 -84.27500000000002 0
vertex 427.10438524157195 -84.59095971334885 0
endloop
endfacet
facet normal 0 0 -1
outer loop
vertex 406.64713600000005 -83.275 0
vertex 427.10438524157195 -84.59095971334885 0
vertex 427.19461550602443 -84.92770364466598 0
endloop
endfacet
facet normal 0 0 -1
outer loop
vertex 406.64713600000005 -83.275 0
vertex 427.19461550602443 -84.92770364466598 0
vertex 427.225 -85.27499999999968 0
endloop
endfacet
facet normal 0 0 -1
outer loop
vertex 406.64713600000005 -83.275 0
vertex 427.225 -85.27499999999968 0
vertex 427.225 -86.8 0
endloop
endfacet
facet normal 0 0 -1
outer loop
vertex 406.64713600000005 -83.275 0
vertex 427.225 -86.8 0
vertex 423.7 -86.8 0
endloop
endfacet
facet normal 0 0 -1
outer loop
vertex 406.64713600000005 -83.275 0
vertex 423.7 -86.8 0
vertex 409.7 -86.8 0
endloop
endfacet
facet normal 0 0 -1
outer loop
vertex 406.64713600000005 -83.275 0
vertex 409.7 -86.8 0
vertex 404.65 -86.8 0
endloop
endfacet
facet normal 0 0 -1
outer loop
vertex 406.64713600000005 -83.275 0
vertex 404.65 -86.8 0
vertex 390.65 -86.8 0
endloop
endfacet
facet normal 0 0 -1
outer loop
vertex 406.64713600000005 -83.275 0
vertex 390.65 -86.8 0
vertex 385.6 -86.8 0
endloop
endfacet
facet normal 0 0 -1
outer loop
vertex 406.64713600000005 -83.275 0
vertex 385.6 -86.8 0
vertex 385.6 -83.275 0
endloop
endfacet
facet normal 0 0 -1
outer loop
vertex 200.15 -86.5125 0
vertex 214.15 -86.5125 0
vertex 219.2 -86.5125 0
endloop
endfacet
facet normal 0 0 -1
outer loop
vertex 200.15 -86.5125 0
vertex 219.2 -86.5125 0
vertex 219.2 -88.89375 0
endloop
endfacet
facet normal 0 0 -1
outer loop
vertex 200.15 -86.5125 0
vertex 219.2 -88.89375 0
vertex 195.1 -88.89375 0
endloop
endfacet
facet normal 0 0 -1
outer loop
vertex 200.15 -86.5125 0
vertex 195.1 -88.89375 0
vertex 195.1 -86.5125 0
endloop
endfacet
facet normal 0 0 -1
outer loop
vertex 238.25 -77.275 0
vertex 238.25 -88.89375 0
vertex 233.2 -88.89375 0
endloop
endfacet
facet normal 0 0 -1
outer loop
vertex 238.25 -77.275 0
vertex 233.2 -88.89375 0
vertex 233.2 -77.275 0
endloop
endfacet
facet normal 0 0 -1
outer loop
vertex 333.5 -77.275 0
vertex 333.5 -88.89375 0
vertex 328.45 -88.89375 0
endloop
endfacet
facet normal 0 0 -1
outer loop
vertex 333.5 -77.275 0
vertex 328.45 -88.89375 0
vertex 328.45 -77.275 0
endloop
endfacet
facet normal 0 0 -1
outer loop
vertex 352.55 -86.5125 0
vertex 366.55 -86.5125 0
vertex 371.6 -86.5125 0
endloop
endfacet
facet normal 0 0 -1
outer loop
vertex 352.55 -86.5125 0
vertex 371.6 -86.5125 0
vertex 371.6 -88.89375 0
endloop
endfacet
facet normal 0 0 -1
outer loop
vertex 352.55 -86.5125 0
vertex 371.6 -88.89375 0
vertex 347.5 -88.89375 0
endloop
endfacet
facet normal 0 0 -1
outer loop
vertex 352.55 -86.5125 0
vertex 347.5 -88.89375 0
vertex 347.5 -86.5125 0
endloop
endfacet
facet normal 0 0 -1
outer loop
vertex 181.1 -86.8 0
vertex 181.1 -91.275 0
vertex 176.05 -91.275 0
endloop
endfacet
facet normal 0 0 -1
outer loop
vertex 181.1 -86.8 0
vertex 176.05 -91.275 0
vertex 176.05 -86.8 0
endloop
endfacet
facet normal 0 0 -1
outer loop
vertex 219.2 -88.89375 0
vertex 233.2 -88.89375 0
vertex 238.25 -88.89375 0
endloop
endfacet
facet normal 0 0 -1
outer loop
vertex 219.2 -88.89375 0
vertex 238.25 -88.89375 0
vertex 238.25 -91.275 0
endloop
endfacet
facet normal 0 0 -1
outer loop
vertex 219.2 -88.89375 0
vertex 238.25 -91.275 0
vertex 195.1 -91.275 0
endloop
endfacet
facet normal 0 0 -1
outer loop
vertex 219.2 -88.89375 0
vertex 195.1 -91.275 0
vertex 195.1 -88.89375 0
endloop
endfacet
facet normal 0 0 -1
outer loop
vertex 257.3 -86.8 0
vertex 257.3 -91.275 0
vertex 252.25 -91.275 0
endloop
endfacet
facet normal 0 0 -1
outer loop
vertex 257.3 -86.8 0
vertex 252.25 -91.275 0
vertex 252.25 -86.8 0
endloop
endfacet
facet normal 0 0 -1
outer loop
vertex 314.45 -86.8 0
vertex 314.45 -91.275 0
vertex 309.4 -91.275 0
endloop
endfacet
facet normal 0 0 -1
outer loop
vertex 314.45 -86.8 0
vertex 309.4 -91.275 0
vertex 309.4 -86.8 0
endloop
endfacet
facet normal 0 0 -1
outer loop
vertex 333.5 -88.89375 0
vertex 347.5 -88.89375 0
vertex 371.6 -88.89375 0
endloop
endfacet
facet normal 0 0 -1
outer loop
vertex 333.5 -88.89375 0
vertex 371.6 -88.89375 0
vertex 371.6 -91.275 0
endloop
endfacet
facet normal 0 0 -1
outer loop
vertex 333.5 -88.89375 0
vertex 371.6 -91.275 0
vertex 328.45 -91.275 0
endloop
endfacet
facet normal 0 0 -1
outer loop
vertex 333.5 -88.89375 0
vertex 328.45 -91.275 0
vertex 328.45 -88.89375 0
endloop
endfacet
facet normal 0 0 -1
outer loop
vertex 390.65 -86.8 0
vertex 390.65 -91.275 0
vertex 385.6 -91.275 0
endloop
endfacet
facet normal 0 0 -1
outer loop
vertex 390.65 -86.8 0
vertex 385.6 -91.275 0
vertex 385.6 -86.8 0
endloop
endfacet
facet normal 0 0 -1
outer loop
vertex 181.1 -91.275 0
vertex 195.1 -91.275 0
vertex 238.25 -91.275 0
endloop
endfacet
facet normal 0 0 -1
outer loop
vertex 181.1 -91.275 0
vertex 238.25 -91.275 0
vertex 252.25 -91.275 0
endloop
endfacet
facet normal 0 0 -1
outer loop
vertex 181.1 -91.275 0
vertex 252.25 -91.275 0
vertex 257.3 -91.275 0
endloop
endfacet
facet normal 0 0 -1
outer loop
vertex 181.1 -91.275 0
vertex 257.3 -91.275 0
vertex 257.3 -91.5625 0
endloop
endfacet
facet normal 0 0 -1
outer loop
vertex 181.1 -91.275 0
vertex 257.3 -91.5625 0
vertex 214.15 -91.5625 0
endloop
endfacet
facet normal 0 0 -1
outer loop
vertex 181.1 -91.275 0
vertex 214.15 -91.5625 0
vertex 200.15 -91.5625 0
endloop
endfacet
facet normal 0 0 -1
outer loop
vertex 181.1 -91.275 0
vertex 200.15 -91.5625 0
vertex 176.05 -91.5625 0
endloop
endfacet
facet normal 0 0 -1
outer loop
vertex 181.1 -91.275 0
vertex 176.05 -91.5625 0
vertex 176.05 -91.275 0
endloop
endfacet
facet normal 0 0 -1
outer loop
vertex 314.45 -91.275 0
vertex 328.45 -91.275 0
vertex 371.6 -91.275 0
endloop
endfacet
facet normal 0 0 -1
outer loop
vertex 314.45 -91.275 0
vertex 371.6 -91.275 0
vertex 385.6 -91.275 0
endloop
endfacet
facet normal 0 0 -1
outer loop
vertex 314.45 -91.275 0
vertex 385.6 -91.275 0
vertex 390.65 -91.275 0
endloop
endfacet
facet normal 0 0 -1
outer loop
vertex 314.45 -91.275 0
vertex 390.65 -91.275 0
vertex 390.65 -91.5625 0
endloop
endfacet
facet normal 0 0 -1
outer loop
vertex 314.45 -91.275 0
vertex 390.65 -91.5625 0
vertex 366.55 -91.5625 0
endloop
endfacet
facet normal 0 0 -1
outer loop
vertex 314.45 -91.275 0
vertex 366.55 -91.5625 0
vertex 352.55 -91.5625 0
endloop
endfacet
facet normal 0 0 -1
outer loop
vertex 314.45 -91.275 0
vertex 352.55 -91.5625 0
vertex 309.4 -91.5625 0
endloop
endfacet
facet normal 0 0 -1
outer loop
vertex 314.45 -91.275 0
vertex 309.4 -91.5625 0
vertex 309.4 -91.275 0
endloop
endfacet
facet normal 0 0 -1
outer loop
vertex 257.3 -91.5625 0
vertex 257.3 -93.94375 0
vertex 233.2 -93.94375 0
endloop
endfacet
facet normal 0 0 -1
outer loop
vertex 257.3 -91.5625 0
vertex 233.2 -93.94375 0
vertex 219.2 -93.94375 0
endloop
endfacet
facet normal 0 0 -1
outer loop
vertex 257.3 -91.5625 0
vertex 219.2 -93.94375 0
vertex 214.15 -93.94375 0
endloop
endfacet
facet normal 0 0 -1
outer loop
vertex 257.3 -91.5625 0
vertex 214.15 -93.94375 0
vertex 214.15 -91.5625 0
endloop
endfacet
facet normal 0 0 -1
outer loop
vertex 352.55 -91.5625 0
vertex 352.55 -93.94375 0
vertex 347.5 -93.94375 0
endloop
endfacet
facet normal 0 0 -1
outer loop
vertex 352.55 -91.5625 0
vertex 347.5 -93.94375 0
vertex 333.5 -93.94375 0
endloop
endfacet
facet normal 0 0 -1
outer loop
vertex 352.55 -91.5625 0
vertex 333.5 -93.94375 0
vertex 309.4 -93.94375 0
endloop
endfacet
facet normal 0 0 -1
outer loop
vertex 352.55 -91.5625 0
vertex 309.4 -93.94375 0
vertex 309.4 -91.5625 0
endloop
endfacet
facet normal 0 0 -1
outer loop
vertex 200.15 -91.5625 0
vertex 200.15 -96.325 0
vertex 195.1 -96.325 0
endloop
endfacet
facet normal 0 0 -1
outer loop
vertex 200.15 -91.5625 0
vertex 195.1 -96.325 0
vertex 181.1 -96.325 0
endloop
endfacet
facet normal 0 0 -1
outer loop
vertex 200.15 -91.5625 0
vertex 181.1 -96.325 0
vertex 176.05 -96.325 0
endloop
endfacet
facet normal 0 0 -1
outer loop
vertex 200.15 -91.5625 0
vertex 176.05 -96.325 0
vertex 176.05 -91.5625 0
endloop
endfacet
facet normal 0 0 -1
outer loop
vertex 257.3 -93.94375 0
vertex 257.3 -96.325 0
vertex 252.25 -96.325 0
endloop
endfacet
facet normal 0 0 -1
outer loop
vertex 257.3 -93.94375 0
vertex 252.25 -96.325 0
vertex 238.25 -96.325 0
endloop
endfacet
facet normal 0 0 -1
outer loop
vertex 257.3 -93.94375 0
vertex 238.25 -96.325 0
vertex 233.2 -96.325 0
endloop
endfacet
facet normal 0 0 -1
outer loop
vertex 257.3 -93.94375 0
vertex 233.2 -96.325 0
vertex 233.2 -93.94375 0
endloop
endfacet
facet normal 0 0 -1
outer loop
vertex 333.5 -93.94375 0
vertex 333.5 -96.325 0
vertex 328.45 -96.325 0
endloop
endfacet
facet normal 0 0 -1
outer loop
vertex 333.5 -93.94375 0
vertex 328.45 -96.325 0
vertex 314.45 -96.325 0
endloop
endfacet
facet normal 0 0 -1
outer loop
vertex 333.5 -93.94375 0
vertex 314.45 -96.325 0
vertex 309.4 -96.325 0
endloop
endfacet
facet normal 0 0 -1
outer loop
vertex 333.5 -93.94375 0
vertex 309.4 -96.325 0
vertex 309.4 -93.94375 0
endloop
endfacet
facet normal 0 0 -1
outer loop
vertex 390.65 -91.5625 0
vertex 390.65 -96.325 0
vertex 385.6 -96.325 0
endloop
endfacet
facet normal 0 0 -1
outer loop
vertex 390.65 -91.5625 0
vertex 385.6 -96.325 0
vertex 371.6 -96.325 0
endloop
endfacet
facet normal 0 0 -1
outer loop
vertex 390.65 -91.5625 0
vertex 371.6 -96.325 0
vertex 366.55 -96.325 0
endloop
endfacet
facet normal 0 0 -1
outer loop
vertex 390.65 -91.5625 0
vertex 366.55 -96.325 0
vertex 366.55 -91.5625 0
endloop
endfacet
facet normal 0 0 -1
outer loop
vertex 143 -86.8 0
vertex 143 -100.8 0
vertex 139.475 -100.8 0
endloop
endfacet
facet normal 0 0 -1
outer loop
vertex 143 -86.8 0
vertex 139.475 -100.8 0
vertex 139.475 -86.8 0
endloop
endfacet
facet normal 0 0 -1
outer loop
vertex 162.05 -86.8 0
vertex 162.05 -100.8 0
vertex 157 -100.8 0
endloop
endfacet
facet normal 0 0 -1
outer loop
vertex 162.05 -86.8 0
vertex 157 -100.8 0
vertex 157 -86.8 0
endloop
endfacet
facet normal 0 0 -1
outer loop
vertex 181.1 -96.325 0
vertex 181.1 -100.8 0
vertex 176.05 -100.8 0
endloop
endfacet
facet normal 0 0 -1
outer loop
vertex 181.1 -96.325 0
vertex 176.05 -100.8 0
vertex 176.05 -96.325 0
endloop
endfacet
facet normal 0 0 -1
outer loop
vertex 257.3 -96.325 0
vertex 257.3 -100.8 0
vertex 252.25 -100.8 0
endloop
endfacet
facet normal 0 0 -1
outer loop
vertex 257.3 -96.325 0
vertex 252.25 -100.8 0
vertex 252.25 -96.325 0
endloop
endfacet
facet normal 0 0 -1
outer loop
vertex 274.825 -86.8 0
vertex 274.825 -100.8 0
vertex 271.3 -100.8 0
endloop
endfacet
facet normal 0 0 -1
outer loop
vertex 274.825 -86.8 0
vertex 271.3 -100.8 0
vertex 271.3 -86.8 0
endloop
endfacet
facet normal 0 0 -1
outer loop
vertex 295.4 -86.8 0
vertex 295.4 -100.8 0
vertex 291.875 -100.8 0
endloop
endfacet
facet normal 0 0 -1
outer loop
vertex 295.4 -86.8 0
vertex 291.875 -100.8 0
vertex 291.875 -86.8 0
endloop
endfacet
facet normal 0 0 -1
outer loop
vertex 314.45 -96.325 0
vertex 314.45 -100.8 0
vertex 309.4 -100.8 0
endloop
endfacet
facet normal 0 0 -1
outer loop
vertex 314.45 -96.325 0
vertex 309.4 -100.8 0
vertex 309.4 -96.325 0
endloop
endfacet
facet normal 0 0 -1
outer loop
vertex 390.65 -96.325 0
vertex 390.65 -100.8 0
vertex 385.6 -100.8 0
endloop
endfacet
facet normal 0 0 -1
outer loop
vertex 390.65 -96.325 0
vertex 385.6 -100.8 0
vertex 385.6 -96.325 0
endloop
endfacet
facet normal 0 0 -1
outer loop
vertex 409.7 -86.8 0
vertex 409.7 -100.8 0
vertex 404.65 -100.8 0
endloop
endfacet
facet normal 0 0 -1
outer loop
vertex 409.7 -86.8 0
vertex 404.65 -100.8 0
vertex 404.65 -86.8 0
endloop
endfacet
facet normal 0 0 -1
outer loop
vertex 427.225 -86.8 0
vertex 427.225 -100.8 0
vertex 423.7 -100.8 0
endloop
endfacet
facet normal 0 0 -1
outer loop
vertex 427.225 -86.8 0
vertex 423.7 -100.8 0
vertex 423.7 -86.8 0
endloop
endfacet
facet normal 0 0 -1
outer loop
vertex 200.15 -96.325 0
vertex 200.15 -105.5625 0
vertex 195.1 -105.5625 0
endloop
endfacet
facet normal 0 0 -1
outer loop
vertex 200.15 -96.325 0
vertex 195.1 -105.5625 0
vertex 195.1 -96.325 0
endloop
endfacet
facet normal 0 0 -1
outer loop
vertex 219.2 -93.94375 0
vertex 219.2 -105.5625 0
vertex 214.15 -105.5625 0
endloop
endfacet
facet normal 0 0 -1
outer loop
vertex 219.2 -93.94375 0
vertex 214.15 -105.5625 0
vertex 214.15 -93.94375 0
endloop
endfacet
facet normal 0 0 -1
outer loop
vertex 352.55 -93.94375 0
vertex 352.55 -105.5625 0
vertex 347.5 -105.5625 0
endloop
endfacet
facet normal 0 0 -1
outer loop
vertex 352.55 -93.94375 0
vertex 347.5 -105.5625 0
vertex 347.5 -93.94375 0
endloop
endfacet
facet normal 0 0 -1
outer loop
vertex 371.6 -96.325 0
vertex 371.6 -105.5625 0
vertex 366.55 -105.5625 0
endloop
endfacet
facet normal 0 0 -1
outer loop
vertex 371.6 -96.325 0
vertex 366.55 -105.5625 0
vertex 366.55 -96.325 0
endloop
endfacet
facet normal 0 0 -1
outer loop
vertex 143 -100.8 0
vertex 157 -100.8 0
vertex 162.05 -100.8 0
endloop
endfacet
facet normal 0 0 -1
outer loop
vertex 143 -100.8 0
vertex 162.05 -100.8 0
vertex 176.05 -100.8 0
endloop
endfacet
facet normal 0 0 -1
outer loop
vertex 143 -100.8 0
vertex 176.05 -100.8 0
vertex 181.1 -100.8 0
endloop
endfacet
facet normal 0 0 -1
outer loop
vertex 143 -100.8 0
vertex 181.1 -100.8 0
vertex 181.1 -105.85 0
endloop
endfacet
facet normal 0 0 -1
outer loop
vertex 143 -100.8 0
vertex 181.1 -105.85 0
vertex 176.05 -105.85 0
endloop
endfacet
facet normal 0 0 -1
outer loop
vertex 143 -100.8 0
vertex 176.05 -105.85 0
vertex 162.05 -105.85 0
endloop
endfacet
facet normal 0 0 -1
outer loop
vertex 143 -100.8 0
vertex 162.05 -105.85 0
vertex 157 -105.85 0
endloop
endfacet
facet normal 0 0 -1
outer loop
vertex 143 -100.8 0
vertex 157 -105.85 0
vertex 143 -105.85 0
endloop
endfacet
facet normal 0 0 -1
outer loop
vertex 143 -100.8 0
vertex 143 -105.85 0
vertex 139.475 -105.85 0
endloop
endfacet
facet normal 0 0 -1
outer loop
vertex 143 -100.8 0
vertex 139.475 -105.85 0
vertex 139.475 -100.8 0
endloop
endfacet
facet normal 0 0 -1
outer loop
vertex 257.3 -100.8 0
vertex 271.3 -100.8 0
vertex 274.825 -100.8 0
endloop
endfacet
facet normal 0 0 -1
outer loop
vertex 257.3 -100.8 0
vertex 274.825 -100.8 0
vertex 274.825 -105.85 0
endloop
endfacet
facet normal 0 0 -1
outer loop
vertex 257.3 -100.8 0
vertex 274.825 -105.85 0
vertex 271.3 -105.85 0
endloop
endfacet
facet normal 0 0 -1
outer loop
vertex 257.3 -100.8 0
vertex 271.3 -105.85 0
vertex 257.3 -105.85 0
endloop
endfacet
facet normal 0 0 -1
outer loop
vertex 257.3 -100.8 0
vertex 257.3 -105.85 0
vertex 252.25 -105.85 0
endloop
endfacet
facet normal 0 0 -1
outer loop
vertex 257.3 -100.8 0
vertex 252.25 -105.85 0
vertex 252.25 -100.8 0
endloop
endfacet
facet normal 0 0 -1
outer loop
vertex 295.4 -100.8 0
vertex 309.4 -100.8 0
vertex 314.45 -100.8 0
endloop
endfacet
facet normal 0 0 -1
outer loop
vertex 295.4 -100.8 0
vertex 314.45 -100.8 0
vertex 314.45 -105.85 0
endloop
endfacet
facet normal 0 0 -1
outer loop
vertex 295.4 -100.8 0
vertex 314.45 -105.85 0
vertex 309.4 -105.85 0
endloop
endfacet
facet normal 0 0 -1
outer loop
vertex 295.4 -100.8 0
vertex 309.4 -105.85 0
vertex 295.4 -105.85 0
endloop
endfacet
facet normal 0 0 -1
outer loop
vertex 295.4 -100.8 0
vertex 295.4 -105.85 0
vertex 291.875 -105.85 0
endloop
endfacet
facet normal 0 0 -1
outer loop
vertex 295.4 -100.8 0
vertex 291.875 -105.85 0
vertex 291.875 -100.8 0
endloop
endfacet
facet normal 0 0 -1
outer loop
vertex 390.65 -100.8 0
vertex 404.65 -100.8 0
vertex 409.7 -100.8 0
endloop
endfacet
facet normal 0 0 -1
outer loop
vertex 390.65 -100.8 0
vertex 409.7 -100.8 0
vertex 423.7 -100.8 0
endloop
endfacet
facet normal 0 0 -1
outer loop
vertex 390.65 -100.8 0
vertex 423.7 -100.8 0
vertex 427.225 -100.8 0
endloop
endfacet
facet normal 0 0 -1
outer loop
vertex 390.65 -100.8 0
vertex 427.225 -100.8 0
vertex 427.225 -105.85 0
endloop
endfacet
facet normal 0 0 -1
outer loop
vertex 390.65 -100.8 0
vertex 427.225 -105.85 0
vertex 423.7 -105.85 0
endloop
endfacet
facet normal 0 0 -1
outer loop
vertex 390.65 -100.8 0
vertex 423.7 -105.85 0
vertex 409.7 -105.85 0
endloop
endfacet
facet normal 0 0 -1
outer loop
vertex 390.65 -100.8 0
vertex 409.7 -105.85 0
vertex 404.65 -105.85 0
endloop
endfacet
facet normal 0 0 -1
outer loop
vertex 390.65 -100.8 0
vertex 404.65 -105.85 0
vertex 390.65 -105.85 0
endloop
endfacet
facet normal 0 0 -1
outer loop
vertex 390.65 -100.8 0
vertex 390.65 -105.85 0
vertex 385.6 -105.85 0
endloop
endfacet
facet normal 0 0 -1
outer loop
vertex 390.65 -100.8 0
vertex 385.6 -105.85 0
vertex 385.6 -100.8 0
endloop
endfacet
facet normal 0 0 -1
outer loop
vertex 200.15 -105.5625 0
vertex 214.15 -105.5625 0
vertex 219.2 -105.5625 0
endloop
endfacet
facet normal 0 0 -1
outer loop
vertex 200.15 -105.5625 0
vertex 219.2 -105.5625 0
vertex 219.2 -107.94375 0
endloop
endfacet
facet normal 0 0 -1
outer loop
vertex 200.15 -105.5625 0
vertex 219.2 -107.94375 0
vertex 195.1 -107.94375 0
endloop
endfacet
facet normal 0 0 -1
outer loop
vertex 200.15 -105.5625 0
vertex 195.1 -107.94375 0
vertex 195.1 -105.5625 0
endloop
endfacet
facet normal 0 0 -1
outer loop
vertex 238.25 -96.325 0
vertex 238.25 -107.94375 0
vertex 233.2 -107.94375 0
endloop
endfacet
facet normal 0 0 -1
outer loop
vertex 238.25 -96.325 0
vertex 233.2 -107.94375 0
vertex 233.2 -96.325 0
endloop
endfacet
facet normal 0 0 -1
outer loop
vertex 333.5 -96.325 0
vertex 333.5 -107.94375 0
vertex 328.45 -107.94375 0
endloop
endfacet
facet normal 0 0 -1
outer loop
vertex 333.5 -96.325 0
vertex 328.45 -107.94375 0
vertex 328.45 -96.325 0
endloop
endfacet
facet normal 0 0 -1
outer loop
vertex 352.55 -105.5625 0
vertex 366.55 -105.5625 0
vertex 371.6 -105.5625 0
endloop
endfacet
facet normal 0 0 -1
outer loop
vertex 352.55 -105.5625 0
vertex 371.6 -105.5625 0
vertex 371.6 -107.94375 0
endloop
endfacet
facet normal 0 0 -1
outer loop
vertex 352.55 -105.5625 0
vertex 371.6 -107.94375 0
vertex 347.5 -107.94375 0
endloop
endfacet
facet normal 0 0 -1
outer loop
vertex 352.55 -105.5625 0
vertex 347.5 -107.94375 0
vertex 347.5 -105.5625 0
endloop
endfacet
facet normal 0 0 -1
outer loop
vertex 181.1 -105.85 0
vertex 181.1 -110.325 0
vertex 176.05 -110.325 0
endloop
endfacet
facet normal 0 0 -1
outer loop
vertex 181.1 -105.85 0
vertex 176.05 -110.325 0
vertex 176.05 -105.85 0
endloop
endfacet
facet normal 0 0 -1
outer loop
vertex 219.2 -107.94375 0
vertex 233.2 -107.94375 0
vertex 238.25 -107.94375 0
endloop
endfacet
facet normal 0 0 -1
outer loop
vertex 219.2 -107.94375 0
vertex 238.25 -107.94375 0
vertex 238.25 -110.325 0
endloop
endfacet
facet normal 0 0 -1
outer loop
vertex 219.2 -107.94375 0
vertex 238.25 -110.325 0
vertex 195.1 -110.325 0
endloop
endfacet
facet normal 0 0 -1
outer loop
vertex 219.2 -107.94375 0
vertex 195.1 -110.325 0
vertex 195.1 -107.94375 0
endloop
endfacet
facet normal 0 0 -1
outer loop
vertex 257.3 -105.85 0
vertex 257.3 -110.325 0
vertex 252.25 -110.325 0
endloop
endfacet
facet normal 0 0 -1
outer loop
vertex 257.3 -105.85 0
vertex 252.25 -110.325 0
vertex 252.25 -105.85 0
endloop
endfacet
facet normal 0 0 -1
outer loop
vertex 314.45 -105.85 0
vertex 314.45 -110.325 0
vertex 309.4 -110.325 0
endloop
endfacet
facet normal 0 0 -1
outer loop
vertex 314.45 -105.85 0
vertex 309.4 -110.325 0
vertex 309.4 -105.85 0
endloop
endfacet
facet normal 0 0 -1
outer loop
vertex 333.5 -107.94375 0
vertex 347.5 -107.94375 0
vertex 371.6 -107.94375 0
endloop
endfacet
facet normal 0 0 -1
outer loop
vertex 333.5 -107.94375 0
vertex 371.6 -107.94375 0
vertex 371.6 -110.325 0
endloop
endfacet
facet normal 0 0 -1
outer loop
vertex 333.5 -107.94375 0
vertex 371.6 -110.325 0
vertex 328.45 -110.325 0
endloop
endfacet
facet normal 0 0 -1
outer loop
vertex 333.5 -107.94375 0
vertex 328.45 -110.325 0
vertex 328.45 -107.94375 0
endloop
endfacet
facet normal 0 0 -1
outer loop
vertex 390.65 -105.85 0
vertex 390.65 -110.325 0
vertex 385.6 -110.325 0
endloop
endfacet
facet normal 0 0 -1
outer loop
vertex 390.65 -105.85 0
vertex 385.6 -110.325 0
vertex 385.6 -105.85 0
endloop
endfacet
facet normal 0 0 -1
outer loop
vertex 181.1 -110.325 0
vertex 195.1 -110.325 0
vertex 238.25 -110.325 0
endloop
endfacet
facet normal 0 0 -1
outer loop
vertex 181.1 -110.325 0
vertex 238.25 -110.325 0
vertex 252.25 -110.325 0
endloop
endfacet
facet normal 0 0 -1
outer loop
vertex 181.1 -110.325 0
vertex 252.25 -110.325 0
vertex 257.3 -110.325 0
endloop
endfacet
facet normal 0 0 -1
outer loop
vertex 181.1 -110.325 0
vertex 257.3 -110.325 0
vertex 257.3 -110.6125 0
endloop
endfacet
facet normal 0 0 -1
outer loop
vertex 181.1 -110.325 0
vertex 257.3 -110.6125 0
vertex 214.15 -110.6125 0
endloop
endfacet
facet normal 0 0 -1
outer loop
vertex 181.1 -110.325 0
vertex 214.15 -110.6125 0
vertex 200.15 -110.6125 0
endloop
endfacet
facet normal 0 0 -1
outer loop
vertex 181.1 -110.325 0
vertex 200.15 -110.6125 0
vertex 176.05 -110.6125 0
endloop
endfacet
facet normal 0 0 -1
outer loop
vertex 181.1 -110.325 0
vertex 176.05 -110.6125 0
vertex 176.05 -110.325 0
endloop
endfacet
facet normal 0 0 -1
outer loop
vertex 314.45 -110.325 0
vertex 328.45 -110.325 0
vertex 371.6 -110.325 0
endloop
endfacet
facet normal 0 0 -1
outer loop
vertex 314.45 -110.325 0
vertex 371.6 -110.325 0
vertex 385.6 -110.325 0
endloop
endfacet
facet normal 0 0 -1
outer loop
vertex 314.45 -110.325 0
vertex 385.6 -110.325 0
vertex 390.65 -110.325 0
endloop
endfacet
facet normal 0 0 -1
outer loop
vertex 314.45 -110.325 0
vertex 390.65 -110.325 0
vertex 390.65 -110.6125 0
endloop
endfacet
facet normal 0 0 -1
outer loop
vertex 314.45 -110.325 0
vertex 390.65 -110.6125 0
vertex 366.55 -110.6125 0
endloop
endfacet
facet normal 0 0 -1
outer loop
vertex 314.45 -110.325 0
vertex 366.55 -110.6125 0
vertex 352.55 -110.6125 0
endloop
endfacet
facet normal 0 0 -1
outer loop
vertex 314.45 -110.325 0
vertex 352.55 -110.6125 0
vertex 309.4 -110.6125 0
endloop
endfacet
facet normal 0 0 -1
outer loop
vertex 314.45 -110.325 0
vertex 309.4 -110.6125 0
vertex 309.4 -110.325 0
endloop
endfacet
facet normal 0 0 -1
outer loop
vertex 257.3 -110.6125 0
vertex 257.3 -112.99375 0
vertex 233.2 -112.99375 0
endloop
endfacet
facet normal 0 0 -1
outer loop
vertex 257.3 -110.6125 0
vertex 233.2 -112.99375 0
vertex 219.2 -112.99375 0
endloop
endfacet
facet normal 0 0 -1
outer loop
vertex 257.3 -110.6125 0
vertex 219.2 -112.99375 0
vertex 214.15 -112.99375 0
endloop
endfacet
facet normal 0 0 -1
outer loop
vertex 257.3 -110.6125 0
vertex 214.15 -112.99375 0
vertex 214.15 -110.6125 0
endloop
endfacet
facet normal 0 0 -1
outer loop
vertex 352.55 -110.6125 0
vertex 352.55 -112.99375 0
vertex 347.5 -112.99375 0
endloop
endfacet
facet normal 0 0 -1
outer loop
vertex 352.55 -110.6125 0
vertex 347.5 -112.99375 0
vertex 333.5 -112.99375 0
endloop
endfacet
facet normal 0 0 -1
outer loop
vertex 352.55 -110.6125 0
vertex 333.5 -112.99375 0
vertex 309.4 -112.99375 0
endloop
endfacet
facet normal 0 0 -1
outer loop
vertex 352.55 -110.6125 0
vertex 309.4 -112.99375 0
vertex 309.4 -110.6125 0
endloop
endfacet
facet normal 0 0 -1
outer loop
vertex 200.15 -110.6125 0
vertex 200.15 -115.375 0
vertex 195.1 -115.375 0
endloop
endfacet
facet normal 0 0 -1
outer loop
vertex 200.15 -110.6125 0
vertex 195.1 -115.375 0
vertex 181.1 -115.375 0
endloop
endfacet
facet normal 0 0 -1
outer loop
vertex 200.15 -110.6125 0
vertex 181.1 -115.375 0
vertex 176.05 -115.375 0
endloop
endfacet
facet normal 0 0 -1
outer loop
vertex 200.15 -110.6125 0
vertex 176.05 -115.375 0
vertex 176.05 -110.6125 0
endloop
endfacet
facet normal 0 0 -1
outer loop
vertex 257.3 -112.99375 0
vertex 257.3 -115.375 0
vertex 252.25 -115.375 0
endloop
endfacet
facet normal 0 0 -1
outer loop
vertex 257.3 -112.99375 0
vertex 252.25 -115.375 0
vertex 238.25 -115.375 0
endloop
endfacet
facet normal 0 0 -1
outer loop
vertex 257.3 -112.99375 0
vertex 238.25 -115.375 0
vertex 233.2 -115.375 0
endloop
endfacet
facet normal 0 0 -1
outer loop
vertex 257.3 -112.99375 0
vertex 233.2 -115.375 0
vertex 233.2 -112.99375 0
endloop
endfacet
facet normal 0 0 -1
outer loop
vertex 333.5 -112.99375 0
vertex 333.5 -115.375 0
vertex 328.45 -115.375 0
endloop
endfacet
facet normal 0 0 -1
outer loop
vertex 333.5 -112.99375 0
vertex 328.45 -115.375 0
vertex 314.45 -115.375 0
endloop
endfacet
facet normal 0 0 -1
outer loop
vertex 333.5 -112.99375 0
vertex 314.45 -115.375 0
vertex 309.4 -115.375 0
endloop
endfacet
facet normal 0 0 -1
outer loop
vertex 333.5 -112.99375 0
vertex 309.4 -115.375 0
vertex 309.4 -112.99375 0
endloop
endfacet
facet normal 0 0 -1
outer loop
vertex 390.65 -110.6125 0
vertex 390.65 -115.375 0
vertex 385.6 -115.375 0
endloop
endfacet
facet normal 0 0 -1
outer loop
vertex 390.65 -110.6125 0
vertex 385.6 -115.375 0
vertex 371.6 -115.375 0
endloop
endfacet
facet normal 0 0 -1
outer loop
vertex 390.65 -110.6125 0
vertex 371.6 -115.375 0
vertex 366.55 -115.375 0
endloop
endfacet
facet normal 0 0 -1
outer loop
vertex 390.65 -110.6125 0
vertex 366.55 -115.375 0
vertex 366.55 -110.6125 0
endloop
endfacet
facet normal 0 0 -1
outer loop
vertex 143 -105.85 0
vertex 143 -119.85 0
vertex 139.475 -119.85 0
endloop
endfacet
facet normal 0 0 -1
outer loop
vertex 143 -105.85 0
vertex 139.475 -119.85 0
vertex 139.475 -105.85 0
endloop
endfacet
facet normal 0 0 -1
outer loop
vertex 162.05 -105.85 0
vertex 162.05 -119.85 0
vertex 157 -119.85 0
endloop
endfacet
facet normal 0 0 -1
outer loop
vertex 162.05 -105.85 0
vertex 157 -119.85 0
vertex 157 -105.85 0
endloop
endfacet
facet normal 0 0 -1
outer loop
vertex 181.1 -115.375 0
vertex 181.1 -119.85 0
vertex 176.05 -119.85 0
endloop
endfacet
facet normal 0 0 -1
outer loop
vertex 181.1 -115.375 0
vertex 176.05 -119.85 0
vertex 176.05 -115.375 0
endloop
endfacet
facet normal 0 0 -1
outer loop
vertex 257.3 -115.375 0
vertex 257.3 -119.85 0
vertex 252.25 -119.85 0
endloop
endfacet
facet normal 0 0 -1
outer loop
vertex 257.3 -115.375 0
vertex 252.25 -119.85 0
vertex 252.25 -115.375 0
endloop
endfacet
facet normal 0 0 -1
outer loop
vertex 274.825 -105.85 0
vertex 274.825 -119.85 0
vertex 271.3 -119.85 0
endloop
endfacet
facet normal 0 0 -1
outer loop
vertex 274.825 -105.85 0
vertex 271.3 -119.85 0
vertex 271.3 -105.85 0
endloop
endfacet
facet normal 0 0 -1
outer loop
vertex 295.4 -105.85 0
vertex 295.4 -119.85 0
vertex 291.875 -119.85 0
endloop
endfacet
facet normal 0 0 -1
outer loop
vertex 295.4 -105.85 0
vertex 291.875 -119.85 0
vertex 291.875 -105.85 0
endloop
endfacet
facet normal 0 0 -1
outer loop
vertex 314.45 -115.375 0
vertex 314.45 -119.85 0
vertex 309.4 -119.85 0
endloop
endfacet
facet normal 0 0 -1
outer loop
vertex 314.45 -115.375 0
vertex 309.4 -119.85 0
vertex 309.4 -115.375 0
endloop
endfacet
facet normal 0 0 -1
outer loop
vertex 390.65 -115.375 0
vertex 390.65 -119.85 0
vertex 385.6 -119.85 0
endloop
endfacet
facet normal 0 0 -1
outer loop
vertex 390.65 -115.375 0
vertex 385.6 -119.85 0
vertex 385.6 -115.375 0
endloop
endfacet
facet normal 0 0 -1
outer loop
vertex 409.7 -105.85 0
vertex 409.7 -119.85 0
vertex 404.65 -119.85 0
endloop
endfacet
facet normal 0 0 -1
outer loop
vertex 409.7 -105.85 0
vertex 404.65 -119.85 0
vertex 404.65 -105.85 0
endloop
endfacet
facet normal 0 0 -1
outer loop
vertex 427.225 -105.85 0
vertex 427.225 -119.85 0
vertex 423.7 -119.85 0
endloop
endfacet
facet normal 0 0 -1
outer loop
vertex 427.225 -105.85 0
vertex 423.7 -119.85 0
vertex 423.7 -105.85 0
endloop
endfacet
facet normal 0 0 -1
outer loop
vertex 200.15 -115.375 0
vertex 200.15 -124.6125 0
vertex 195.1 -124.6125 0
endloop
endfacet
facet normal 0 0 -1
outer loop
vertex 200.15 -115.375 0
vertex 195.1 -124.6125 0
vertex 195.1 -115.375 0
endloop
endfacet
facet normal 0 0 -1
outer loop
vertex 219.2 -112.99375 0
vertex 219.2 -124.6125 0
vertex 214.15 -124.6125 0
endloop
endfacet
facet normal 0 0 -1
outer loop
vertex 219.2 -112.99375 0
vertex 214.15 -124.6125 0
vertex 214.15 -112.99375 0
endloop
endfacet
facet normal 0 0 -1
outer loop
vertex 352.55 -112.99375 0
vertex 352.55 -124.6125 0
vertex 347.5 -124.6125 0
endloop
endfacet
facet normal 0 0 -1
outer loop
vertex 352.55 -112.99375 0
vertex 347.5 -124.6125 0
vertex 347.5 -112.99375 0
endloop
endfacet
facet normal 0 0 -1
outer loop
vertex 371.6 -115.375 0
vertex 371.6 -124.6125 0
vertex 366.55 -124.6125 0
endloop
endfacet
facet normal 0 0 -1
outer loop
vertex 371.6 -115.375 0
vertex 366.55 -124.6125 0
vertex 366.55 -115.375 0
endloop
endfacet
facet normal 0 0 -1
outer loop
vertex 143 -119.85 0
vertex 157 -119.85 0
vertex 162.05 -119.85 0
endloop
endfacet
facet normal 0 0 -1
outer loop
vertex 143 -119.85 0
vertex 162.05 -119.85 0
vertex 176.05 -119.85 0
endloop
endfacet
facet normal 0 0 -1
outer loop
vertex 143 -119.85 0
vertex 176.05 -119.85 0
vertex 181.1 -119.85 0
endloop
endfacet
facet normal 0 0 -1
outer loop
vertex 143 -119.85 0
vertex 181.1 -119.85 0
vertex 181.1 -124.9 0
endloop
endfacet
facet normal 0 0 -1
outer loop
vertex 143 -119.85 0
vertex 181.1 -124.9 0
vertex 176.05 -124.9 0
endloop
endfacet
facet normal 0 0 -1
outer loop
vertex 143 -119.85 0
vertex 176.05 -124.9 0
vertex 162.05 -124.9 0
endloop
endfacet
facet normal 0 0 -1
outer loop
vertex 143 -119.85 0
vertex 162.05 -124.9 0
vertex 157 -124.9 0
endloop
endfacet
facet normal 0 0 -1
outer loop
vertex 143 -119.85 0
vertex 157 -124.9 0
vertex 143 -124.9 0
endloop
endfacet
facet normal 0 0 -1
outer loop
vertex 143 -119.85 0
vertex 143 -124.9 0
vertex 139.475 -124.9 0
endloop
endfacet
facet normal 0 0 -1
outer loop
vertex 143 -119.85 0
vertex 139.475 -124.9 0
vertex 139.475 -119.85 0
endloop
endfacet
facet normal 0 0 -1
outer loop
vertex 257.3 -119.85 0
vertex 271.3 -119.85 0
vertex 274.825 -119.85 0
endloop
endfacet
facet normal 0 0 -1
outer loop
vertex 257.3 -119.85 0
vertex 274.825 -119.85 0
vertex 274.825 -124.9 0
endloop
endfacet
facet normal 0 0 -1
outer loop
vertex 257.3 -119.85 0
vertex 274.825 -124.9 0
vertex 271.3 -124.9 0
endloop
endfacet
facet normal 0 0 -1
outer loop
vertex 257.3 -119.85 0
vertex 271.3 -124.9 0
vertex 257.3 -124.9 0
endloop
endfacet
facet normal 0 0 -1
outer loop
vertex 257.3 -119.85 0
vertex 257.3 -124.9 0
vertex 252.25 -124.9 0
endloop
endfacet
facet normal 0 0 -1
outer loop
vertex 257.3 -119.85 0
vertex 252.25 -124.9 0
vertex 252.25 -119.85 0
endloop
endfacet
facet normal 0 0 -1
outer loop
vertex 295.4 -119.85 0
vertex 309.4 -119.85 0
vertex 314.45 -119.85 0
endloop
endfacet
facet normal 0 0 -1
outer loop
vertex 295.4 -119.85 0
vertex 314.45 -119.85 0
vertex 314.45 -124.9 0
endloop
endfacet
facet normal 0 0 -1
outer loop
vertex 295.4 -119.85 0
vertex 314.45 -124.9 0
vertex 309.4 -124.9 0
endloop
endfacet
facet normal 0 0 -1
outer loop
vertex 295.4 -119.85 0
vertex 309.4 -124.9 0
vertex 295.4 -124.9 0
endloop
endfacet
facet normal 0 0 -1
outer loop
vertex 295.4 -119.85 0
vertex 295.4 -124.9 0
vertex 291.875 -124.9 0
endloop
endfacet
facet normal 0 0 -1
outer loop
vertex 295.4 -119.85 0
vertex 291.875 -124.9 0
vertex 291.875 -119.85 0
endloop
endfacet
facet normal 0 0 -1
outer loop
vertex 390.65 -119.85 0
vertex 404.65 -119.85 0
vertex 409.7 -119.85 0
endloop
endfacet
facet normal 0 0 -1
outer loop
vertex 390.65 -119.85 0
vertex 409.7 -119.85 0
vertex 423.7 -119.85 0
endloop
endfacet
facet normal 0 0 -1
outer loop
vertex 390.65 -119.85 0
vertex 423.7 -119.85 0
vertex 427.225 -119.85 0
endloop
endfacet
facet normal 0 0 -1
outer loop
vertex 390.65 -119.85 0
vertex 427.225 -119.85 0
vertex 427.225 -124.9 0
endloop
endfacet
facet normal 0 0 -1
outer loop
vertex 390.65 -119.85 0
vertex 427.225 -124.9 0
vertex 423.7 -124.9 0
endloop
endfacet
facet normal 0 0 -1
outer loop
vertex 390.65 -119.85 0
vertex 423.7 -124.9 0
vertex 409.7 -124.9 0
endloop
endfacet
facet normal 0 0 -1
outer loop
vertex 390.65 -119.85 0
vertex 409.7 -124.9 0
vertex 404.65 -124.9 0
endloop
endfacet
facet normal 0 0 -1
outer loop
vertex 390.65 -119.85 0
vertex 404.65 -124.9 0
vertex 390.65 -124.9 0
endloop
endfacet
facet normal 0 0 -1
outer loop
vertex 390.65 -119.85 0
vertex 390.65 -124.9 0
vertex 385.6 -124.9 0
endloop
endfacet
facet normal 0 0 -1
outer loop
vertex 390.65 -119.85 0
vertex 385.6 -124.9 0
vertex 385.6 -119.85 0
endloop
endfacet
facet normal 0 0 -1
outer loop
vertex 200.15 -124.6125 0
vertex 214.15 -124.6125 0
vertex 219.2 -124.6125 0
endloop
endfacet
facet normal 0 0 -1
outer loop
vertex 200.15 -124.6125 0
vertex 219.2 -124.6125 0
vertex 219.2 -126.99375 0
endloop
endfacet
facet normal 0 0 -1
outer loop
vertex 200.15 -124.6125 0
vertex 219.2 -126.99375 0
vertex 195.1 -126.99375 0
endloop
endfacet
facet normal 0 0 -1
outer loop
vertex 200.15 -124.6125 0
vertex 195.1 -126.99375 0
vertex 195.1 -124.6125 0
endloop
endfacet
facet normal 0 0 -1
outer loop
vertex 238.25 -115.375 0
vertex 238.25 -126.99375 0
vertex 233.2 -126.99375 0
endloop
endfacet
facet normal 0 0 -1
outer loop
vertex 238.25 -115.375 0
vertex 233.2 -126.99375 0
vertex 233.2 -115.375 0
endloop
endfacet
facet normal 0 0 -1
outer loop
vertex 333.5 -115.375 0
vertex 333.5 -126.99375 0
vertex 328.45 -126.99375 0
endloop
endfacet
facet normal 0 0 -1
outer loop
vertex 333.5 -115.375 0
vertex 328.45 -126.99375 0
vertex 328.45 -115.375 0
endloop
endfacet
facet normal 0 0 -1
outer loop
vertex 352.55 -124.6125 0
vertex 366.55 -124.6125 0
vertex 371.6 -124.6125 0
endloop
endfacet
facet normal 0 0 -1
outer loop
vertex 352.55 -124.6125 0
vertex 371.6 -124.6125 0
vertex 371.6 -126.99375 0
endloop
endfacet
facet normal 0 0 -1
outer loop
vertex 352.55 -124.6125 0
vertex 371.6 -126.99375 0
vertex 347.5 -126.99375 0
endloop
endfacet
facet normal 0 0 -1
outer loop
vertex 352.55 -124.6125 0
vertex 347.5 -126.99375 0
vertex 347.5 -124.6125 0
endloop
endfacet
facet normal 0 0 -1
outer loop
vertex 181.1 -124.9 0
vertex 181.1 -129.375 0
vertex 176.05 -129.375 0
endloop
endfacet
facet normal 0 0 -1
outer loop
vertex 181.1 -124.9 0
vertex 176.05 -129.375 0
vertex 176.05 -124.9 0
endloop
endfacet
facet normal 0 0 -1
outer loop
vertex 219.2 -126.99375 0
vertex 233.2 -126.99375 0
vertex 238.25 -126.99375 0
endloop
endfacet
facet normal 0 0 -1
outer loop
vertex 219.2 -126.99375 0
vertex 238.25 -126.99375 0
vertex 238.25 -129.375 0
endloop
endfacet
facet normal 0 0 -1
outer loop
vertex 219.2 -126.99375 0
vertex 238.25 -129.375 0
vertex 195.1 -129.375 0
endloop
endfacet
facet normal 0 0 -1
outer loop
vertex 219.2 -126.99375 0
vertex 195.1 -129.375 0
vertex 195.1 -126.99375 0
endloop
endfacet
facet normal 0 0 -1
outer loop
vertex 257.3 -124.9 0
vertex 257.3 -129.375 0
vertex 252.25 -129.375 0
endloop
endfacet
facet normal 0 0 -1
outer loop
vertex 257.3 -124.9 0
vertex 252.25 -129.375 0
vertex 252.25 -124.9 0
endloop
endfacet
facet normal 0 0 -1
outer loop
vertex 314.45 -124.9 0
vertex 314.45 -129.375 0
vertex 309.4 -129.375 0
endloop
endfacet
facet normal 0 0 -1
outer loop
vertex 314.45 -124.9 0
vertex 309.4 -129.375 0
vertex 309.4 -124.9 0
endloop
endfacet
facet normal 0 0 -1
outer loop
vertex 333.5 -126.99375 0
vertex 347.5 -126.99375 0
vertex 371.6 -126.99375 0
endloop
endfacet
facet normal 0 0 -1
outer loop
vertex 333.5 -126.99375 0
vertex 371.6 -126.99375 0
vertex 371.6 -129.375 0
endloop
endfacet
facet normal 0 0 -1
outer loop
vertex 333.5 -126.99375 0
vertex 371.6 -129.375 0
vertex 328.45 -129.375 0
endloop
endfacet
facet normal 0 0 -1
outer loop
vertex 333.5 -126.99375 0
vertex 328.45 -129.375 0
vertex 328.45 -126.99375 0
endloop
endfacet
facet normal 0 0 -1
outer loop
vertex 390.65 -124.9 0
vertex 390.65 -129.375 0
vertex 385.6 -129.375 0
endloop
endfacet
facet normal 0 0 -1
outer loop
vertex 390.65 -124.9 0
vertex 385.6 -129.375 0
vertex 385.6 -124.9 0
endloop
endfacet
facet normal 0 0 -1
outer loop
vertex 181.1 -129.375 0
vertex 195.1 -129.375 0
vertex 238.25 -129.375 0
endloop
endfacet
facet normal 0 0 -1
outer loop
vertex 181.1 -129.375 0
vertex 238.25 -129.375 0
vertex 252.25 -129.375 0
endloop
endfacet
facet normal 0 0 -1
outer loop
vertex 181.1 -129.375 0
vertex 252.25 -129.375 0
vertex 257.3 -129.375 0
endloop
endfacet
facet normal 0 0 -1
outer loop
vertex 181.1 -129.375 0
vertex 257.3 -129.375 0
vertex 257.3 -129.6625 0
endloop
endfacet
facet normal 0 0 -1
outer loop
vertex 181.1 -129.375 0
vertex 257.3 -129.6625 0
vertex 214.15 -129.6625 0
endloop
endfacet
facet normal 0 0 -1
outer loop
vertex 181.1 -129.375 0
vertex 214.15 -129.6625 0
vertex 200.15 -129.6625 0
endloop
endfacet
facet normal 0 0 -1
outer loop
vertex 181.1 -129.375 0
vertex 200.15 -129.6625 0
vertex 176.05 -129.6625 0
endloop
endfacet
facet normal 0 0 -1
outer loop
vertex 181.1 -129.375 0
vertex 176.05 -129.6625 0
vertex 176.05 -129.375 0
endloop
endfacet
facet normal 0 0 -1
outer loop
vertex 314.45 -129.375 0
vertex 328.45 -129.375 0
vertex 371.6 -129.375 0
endloop
endfacet
facet normal 0 0 -1
outer loop
vertex 314.45 -129.375 0
vertex 371.6 -129.375 0
vertex 385.6 -129.375 0
endloop
endfacet
facet normal 0 0 -1
outer loop
vertex 314.45 -129.375 0
vertex 385.6 -129.375 0
vertex 390.65 -129.375 0
endloop
endfacet
facet normal 0 0 -1
outer loop
vertex 314.45 -129.375 0
vertex 390.65 -129.375 0
vertex 390.65 -129.6625 0
endloop
endfacet
facet normal 0 0 -1
outer loop
vertex 314.45 -129.375 0
vertex 390.65 -129.6625 0
vertex 366.55 -129.6625 0
endloop
endfacet
facet normal 0 0 -1
outer loop
vertex 314.45 -129.375 0
vertex 366.55 -129.6625 0
vertex 352.55 -129.6625 0
endloop
endfacet
facet normal 0 0 -1
outer loop
vertex 314.45 -129.375 0
vertex 352.55 -129.6625 0
vertex 309.4 -129.6625 0
endloop
endfacet
facet normal 0 0 -1
outer loop
vertex 314.45 -129.375 0
vertex 309.4 -129.6625 0
vertex 309.4 -129.375 0
endloop
endfacet
facet normal 0 0 -1
outer loop
vertex 257.3 -129.6625 0
vertex 257.3 -132.04375 0
vertex 233.2 -132.04375 0
endloop
endfacet
facet normal 0 0 -1
outer loop
vertex 257.3 -129.6625 0
vertex 233.2 -132.04375 0
vertex 219.2 -132.04375 0
endloop
endfacet
facet normal 0 0 -1
outer loop
vertex 257.3 -129.6625 0
vertex 219.2 -132.04375 0
vertex 214.15 -132.04375 0
endloop
endfacet
facet normal 0 0 -1
outer loop
vertex 257.3 -129.6625 0
vertex 214.15 -132.04375 0
vertex 214.15 -129.6625 0
endloop
endfacet
facet normal 0 0 -1
outer loop
vertex 352.55 -129.6625 0
vertex 352.55 -132.04375 0
vertex 347.5 -132.04375 0
endloop
endfacet
facet normal 0 0 -1
outer loop
vertex 352.55 -129.6625 0
vertex 347.5 -132.04375 0
vertex 333.5 -132.04375 0
endloop
endfacet
facet normal 0 0 -1
outer loop
vertex 352.55 -129.6625 0
vertex 333.5 -132.04375 0
vertex 309.4 -132.04375 0
endloop
endfacet
facet normal 0 0 -1
outer loop
vertex 352.55 -129.6625 0
vertex 309.4 -132.04375 0
vertex 309.4 -129.6625 0
endloop
endfacet
facet normal 0 0 -1
outer loop
vertex 200.15 -129.6625 0
vertex 200.15 -134.425 0
vertex 195.1 -134.425 0
endloop
endfacet
facet normal 0 0 -1
outer loop
vertex 200.15 -129.6625 0
vertex 195.1 -134.425 0
vertex 181.1 -134.425 0
endloop
endfacet
facet normal 0 0 -1
outer loop
vertex 200.15 -129.6625 0
vertex 181.1 -134.425 0
vertex 176.05 -134.425 0
endloop
endfacet
facet normal 0 0 -1
outer loop
vertex 200.15 -129.6625 0
vertex 176.05 -134.425 0
vertex 176.05 -129.6625 0
endloop
endfacet
facet normal 0 0 -1
outer loop
vertex 257.3 -132.04375 0
vertex 257.3 -134.425 0
vertex 252.25 -134.425 0
endloop
endfacet
facet normal 0 0 -1
outer loop
vertex 257.3 -132.04375 0
vertex 252.25 -134.425 0
vertex 238.25 -134.425 0
endloop
endfacet
facet normal 0 0 -1
outer loop
vertex 257.3 -132.04375 0
vertex 238.25 -134.425 0
vertex 233.2 -134.425 0
endloop
endfacet
facet normal 0 0 -1
outer loop
vertex 257.3 -132.04375 0
vertex 233.2 -134.425 0
vertex 233.2 -132.04375 0
endloop
endfacet
facet normal 0 0 -1
outer loop
vertex 333.5 -132.04375 0
vertex 333.5 -134.425 0
vertex 328.45 -134.425 0
endloop
endfacet
facet normal 0 0 -1
outer loop
vertex 333.5 -132.04375 0
vertex 328.45 -134.425 0
vertex 314.45 -134.425 0
endloop
endfacet
facet normal 0 0 -1
outer loop
vertex 333.5 -132.04375 0
vertex 314.45 -134.425 0
vertex 309.4 -134.425 0
endloop
endfacet
facet normal 0 0 -1
outer loop
vertex 333.5 -132.04375 0
vertex 309.4 -134.425 0
vertex 309.4 -132.04375 0
endloop
endfacet
facet normal 0 0 -1
outer loop
vertex 390.65 -129.6625 0
vertex 390.65 -134.425 0
vertex 385.6 -134.425 0
endloop
endfacet
facet normal 0 0 -1
outer loop
vertex 390.65 -129.6625 0
vertex 385.6 -134.425 0
vertex 371.6 -134.425 0
endloop
endfacet
facet normal 0 0 -1
outer loop
vertex 390.65 -129.6625 0
vertex 371.6 -134.425 0
vertex 366.55 -134.425 0
endloop
endfacet
facet normal 0 0 -1
outer loop
vertex 390.65 -129.6625 0
vertex 366.55 -134.425 0
vertex 366.55 -129.6625 0
endloop
endfacet
facet normal 0 0 -1
outer loop
vertex 143 -124.9 0
vertex 143 -138.9 0
vertex 139.475 -138.9 0
endloop
endfacet
facet normal 0 0 -1
outer loop
vertex 143 -124.9 0
vertex 139.475 -138.9 0
vertex 139.475 -124.9 0
endloop
endfacet
facet normal 0 0 -1
outer loop
vertex 162.05 -124.9 0
vertex 162.05 -138.9 0
vertex 157 -138.9 0
endloop
endfacet
facet normal 0 0 -1
outer loop
vertex 162.05 -124.9 0
vertex 157 -138.9 0
vertex 157 -124.9 0
endloop
endfacet
facet normal 0 0 -1
outer loop
vertex 181.1 -134.425 0
vertex 181.1 -138.9 0
vertex 176.05 -138.9 0
endloop
endfacet
facet normal 0 0 -1
outer loop
vertex 181.1 -134.425 0
vertex 176.05 -138.9 0
vertex 176.05 -134.425 0
endloop
endfacet
facet normal 0 0 -1
outer loop
vertex 257.3 -134.425 0
vertex 257.3 -138.9 0
vertex 252.25 -138.9 0
endloop
endfacet
facet normal 0 0 -1
outer loop
vertex 257.3 -134.425 0
vertex 252.25 -138.9 0
vertex 252.25 -134.425 0
endloop
endfacet
facet normal 0 0 -1
outer loop
vertex 274.825 -124.9 0
vertex 274.825 -138.9 0
vertex 271.3 -138.9 0
endloop
endfacet
facet normal 0 0 -1
outer loop
vertex 274.825 -124.9 0
vertex 271.3 -138.9 0
vertex 271.3 -124.9 0
endloop
endfacet
facet normal 0 0 -1
outer loop
vertex 295.4 -124.9 0
vertex 295.4 -138.9 0
vertex 291.875 -138.9 0
endloop
endfacet
facet normal 0 0 -1
outer loop
vertex 295.4 -124.9 0
vertex 291.875 -138.9 0
vertex 291.875 -124.9 0
endloop
endfacet
facet normal 0 0 -1
outer loop
vertex 314.45 -134.425 0
vertex 314.45 -138.9 0
vertex 309.4 -138.9 0
endloop
endfacet
facet normal 0 0 -1
outer loop
vertex 314.45 -134.425 0
vertex 309.4 -138.9 0
vertex 309.4 -134.425 0
endloop
endfacet
facet normal 0 0 -1
outer loop
vertex 390.65 -134.425 0
vertex 390.65 -138.9 0
vertex 385.6 -138.9 0
endloop
endfacet
facet normal 0 0 -1
outer loop
vertex 390.65 -134.425 0
vertex 385.6 -138.9 0
vertex 385.6 -134.425 0
endloop
endfacet
facet normal 0 0 -1
outer loop
vertex 409.7 -124.9 0
vertex 409.7 -138.9 0
vertex 404.65 -138.9 0
endloop
endfacet
facet normal 0 0 -1
outer loop
vertex 409.7 -124.9 0
vertex 404.65 -138.9 0
vertex 404.65 -124.9 0
endloop
endfacet
facet normal 0 0 -1
outer loop
vertex 427.225 -124.9 0
vertex 427.225 -138.9 0
vertex 423.7 -138.9 0
endloop
endfacet
facet normal 0 0 -1
outer loop
vertex 427.225 -124.9 0
vertex 423.7 -138.9 0
vertex 423.7 -124.9 0
endloop
endfacet
facet normal 0 0 -1
outer loop
vertex 200.15 -134.425 0
vertex 200.15 -143.6625 0
vertex 195.1 -143.6625 0
endloop
endfacet
facet normal 0 0 -1
outer loop
vertex 200.15 -134.425 0
vertex 195.1 -143.6625 0
vertex 195.1 -134.425 0
endloop
endfacet
facet normal 0 0 -1
outer loop
vertex 219.2 -132.04375 0
vertex 219.2 -143.6625 0
vertex 214.15 -143.6625 0
endloop
endfacet
facet normal 0 0 -1
outer loop
vertex 219.2 -132.04375 0
vertex 214.15 -143.6625 0
vertex 214.15 -132.04375 0
endloop
endfacet
facet normal 0 0 -1
outer loop
vertex 352.55 -132.04375 0
vertex 352.55 -143.6625 0
vertex 347.5 -143.6625 0
endloop
endfacet
facet normal 0 0 -1
outer loop
vertex 352.55 -132.04375 0
vertex 347.5 -143.6625 0
vertex 347.5 -132.04375 0
endloop
endfacet
facet normal 0 0 -1
outer loop
vertex 371.6 -134.425 0
vertex 371.6 -143.6625 0
vertex 366.55 -143.6625 0
endloop
endfacet
facet normal 0 0 -1
outer loop
vertex 371.6 -134.425 0
vertex 366.55 -143.6625 0
vertex 366.55 -134.425 0
endloop
endfacet
facet normal 0 0 -1
outer loop
vertex 143 -138.9 0
vertex 157 -138.9 0
vertex 162.05 -138.9 0
endloop
endfacet
facet normal 0 0 -1
outer loop
vertex 143 -138.9 0
vertex 162.05 -138.9 0
vertex 176.05 -138.9 0
endloop
endfacet
facet normal 0 0 -1
outer loop
vertex 143 -138.9 0
vertex 176.05 -138.9 0
vertex 181.1 -138.9 0
endloop
endfacet
facet normal 0 0 -1
outer loop
vertex 143 -138.9 0
vertex 181.1 -138.9 0
vertex 181.1 -143.95 0
endloop
endfacet
facet normal 0 0 -1
outer loop
vertex 143 -138.9 0
vertex 181.1 -143.95 0
vertex 176.05 -143.95 0
endloop
endfacet
facet normal 0 0 -1
outer loop
vertex 143 -138.9 0
vertex 176.05 -143.95 0
vertex 162.05 -143.95 0
endloop
endfacet
facet normal 0 0 -1
outer loop
vertex 143 -138.9 0
vertex 162.05 -143.95 0
vertex 157 -143.95 0
endloop
endfacet
facet normal 0 0 -1
outer loop
vertex 143 -138.9 0
vertex 157 -143.95 0
vertex 143 -143.95 0
endloop
endfacet
facet normal 0 0 -1
outer loop
vertex 143 -138.9 0
vertex 143 -143.95 0
vertex 139.475 -143.95 0
endloop
endfacet
facet normal 0 0 -1
outer loop
vertex 143 -138.9 0
vertex 139.475 -143.95 0
vertex 139.475 -138.9 0
endloop
endfacet
facet normal 0 0 -1
outer loop
vertex 390.65 -138.9 0
vertex 404.65 -138.9 0
vertex 409.7 -138.9 0
endloop
endfacet
facet normal 0 0 -1
outer loop
vertex 390.65 -138.9 0
vertex 409.7 -138.9 0
vertex 423.7 -138.9 0
endloop
endfacet
facet normal 0 0 -1
outer loop
vertex 390.65 -138.9 0
vertex 423.7 -138.9 0
vertex 427.225 -138.9 0
endloop
endfacet
facet normal 0 0 -1
outer loop
vertex 390.65 -138.9 0
vertex 427.225 -138.9 0
vertex 427.225 -143.95 0
endloop
endfacet
facet normal 0 0 -1
outer loop
vertex 390.65 -138.9 0
vertex 427.225 -143.95 0
vertex 423.7 -143.95 0
endloop
endfacet
facet normal 0 0 -1
outer loop
vertex 390.65 -138.9 0
vertex 423.7 -143.95 0
vertex 409.7 -143.95 0
endloop
endfacet
facet normal 0 0 -1
outer loop
vertex 390.65 -138.9 0
vertex 409.7 -143.95 0
vertex 404.65 -143.95 0
endloop
endfacet
facet normal 0 0 -1
outer loop
vertex 390.65 -138.9 0
vertex 404.65 -143.95 0
vertex 390.65 -143.95 0
endloop
endfacet
facet normal 0 0 -1
outer loop
vertex 390.65 -138.9 0
vertex 390.65 -143.95 0
vertex 385.6 -143.95 0
endloop
endfacet
facet normal 0 0 -1
outer loop
vertex 390.65 -138.9 0
vertex 385.6 -143.95 0
vertex 385.6 -138.9 0
endloop
endfacet
facet normal 0 0 -1
outer loop
vertex 200.15 -143.6625 0
vertex 214.15 -143.6625 0
vertex 219.2 -143.6625 0
endloop
endfacet
facet normal 0 0 -1
outer loop
vertex 200.15 -143.6625 0
vertex 219.2 -143.6625 0
vertex 219.2 -146.04375 0
endloop
endfacet
facet normal 0 0 -1
outer loop
vertex 200.15 -143.6625 0
vertex 219.2 -146.04375 0
vertex 195.1 -146.04375 0
endloop
endfacet
facet normal 0 0 -1
outer loop
vertex 200.15 -143.6625 0
vertex 195.1 -146.04375 0
vertex 195.1 -143.6625 0
endloop
endfacet
facet normal 0 0 -1
outer loop
vertex 238.25 -134.425 0
vertex 238.25 -146.04375 0
vertex 233.2 -146.04375 0
endloop
endfacet
facet normal 0 0 -1
outer loop
vertex 238.25 -134.425 0
vertex 233.2 -146.04375 0
vertex 233.2 -134.425 0
endloop
endfacet
facet normal 0 0 -1
outer loop
vertex 333.5 -134.425 0
vertex 333.5 -146.04375 0
vertex 328.45 -146.04375 0
endloop
endfacet
facet normal 0 0 -1
outer loop
vertex 333.5 -134.425 0
vertex 328.45 -146.04375 0
vertex 328.45 -134.425 0
endloop
endfacet
facet normal 0 0 -1
outer loop
vertex 352.55 -143.6625 0
vertex 366.55 -143.6625 0
vertex 371.6 -143.6625 0
endloop
endfacet
facet normal 0 0 -1
outer loop
vertex 352.55 -143.6625 0
vertex 371.6 -143.6625 0
vertex 371.6 -146.04375 0
endloop
endfacet
facet normal 0 0 -1
outer loop
vertex 352.55 -143.6625 0
vertex 371.6 -146.04375 0
vertex 347.5 -146.04375 0
endloop
endfacet
facet normal 0 0 -1
outer loop
vertex 352.55 -143.6625 0
vertex 347.5 -146.04375 0
vertex 347.5 -143.6625 0
endloop
endfacet
facet normal 0 0 -1
outer loop
vertex 181.1 -143.95 0
vertex 181.1 -148.425 0
vertex 176.05 -148.425 0
endloop
endfacet
facet normal 0 0 -1
outer loop
vertex 181.1 -143.95 0
vertex 176.05 -148.425 0
vertex 176.05 -143.95 0
endloop
endfacet
facet normal 0 0 -1
outer loop
vertex 219.2 -146.04375 0
vertex 233.2 -146.04375 0
vertex 238.25 -146.04375 0
endloop
endfacet
facet normal 0 0 -1
outer loop
vertex 219.2 -146.04375 0
vertex 238.25 -146.04375 0
vertex 238.25 -148.425 0
endloop
endfacet
facet normal 0 0 -1
outer loop
vertex 219.2 -146.04375 0
vertex 238.25 -148.425 0
vertex 195.1 -148.425 0
endloop
endfacet
facet normal 0 0 -1
outer loop
vertex 219.2 -146.04375 0
vertex 195.1 -148.425 0
vertex 195.1 -146.04375 0
endloop
endfacet
facet normal 0 0 -1
outer loop
vertex 257.3 -138.9 0
vertex 271.3 -138.9 0
vertex 274.825 -138.9 0
endloop
endfacet
facet normal 0 0 -1
outer loop
vertex 257.3 -138.9 0
vertex 274.825 -138.9 0
vertex 274.825 -148.425 0
endloop
endfacet
facet normal 0 0 -1
outer loop
vertex 257.3 -138.9 0
vertex 274.825 -148.425 0
vertex 252.25 -148.425 0
endloop
endfacet
facet normal 0 0 -1
outer loop
vertex 257.3 -138.9 0
vertex 252.25 -148.425 0
vertex 252.25 -138.9 0
endloop
endfacet
facet normal 0 0 -1
outer loop
vertex 295.4 -138.9 0
vertex 309.4 -138.9 0
vertex 314.45 -138.9 0
endloop
endfacet
facet normal 0 0 -1
outer loop
vertex 295.4 -138.9 0
vertex 314.45 -138.9 0
vertex 314.45 -148.425 0
endloop
endfacet
facet normal 0 0 -1
outer loop
vertex 295.4 -138.9 0
vertex 314.45 -148.425 0
vertex 291.875 -148.425 0
endloop
endfacet
facet normal 0 0 -1
outer loop
vertex 295.4 -138.9 0
vertex 291.875 -148.425 0
vertex 291.875 -138.9 0
endloop
endfacet
facet normal 0 0 -1
outer loop
vertex 333.5 -146.04375 0
vertex 347.5 -146.04375 0
vertex 371.6 -146.04375 0
endloop
endfacet
facet normal 0 0 -1
outer loop
vertex 333.5 -146.04375 0
vertex 371.6 -146.04375 0
vertex 371.6 -148.425 0
endloop
endfacet
facet normal 0 0 -1
outer loop
vertex 333.5 -146.04375 0
vertex 371.6 -148.425 0
vertex 328.45 -148.425 0
endloop
endfacet
facet normal 0 0 -1
outer loop
vertex 333.5 -146.04375 0
vertex 328.45 -148.425 0
vertex 328.45 -146.04375 0
endloop
endfacet
facet normal 0 0 -1
outer loop
vertex 390.65 -143.95 0
vertex 390.65 -148.425 0
vertex 385.6 -148.425 0
endloop
endfacet
facet normal 0 0 -1
outer loop
vertex 390.65 -143.95 0
vertex 385.6 -148.425 0
vertex 385.6 -143.95 0
endloop
endfacet
facet normal 0 0 -1
outer loop
vertex 181.1 -148.425 0
vertex 195.1 -148.425 0
vertex 238.25 -148.425 0
endloop
endfacet
facet normal 0 0 -1
outer loop
vertex 181.1 -148.425 0
vertex 238.25 -148.425 0
vertex 252.25 -148.425 0
endloop
endfacet
facet normal 0 0 -1
outer loop
vertex 181.1 -148.425 0
vertex 252.25 -148.425 0
vertex 274.825 -148.425 0
endloop
endfacet
facet normal 0 0 -1
outer loop
vertex 181.1 -148.425 0
vertex 274.825 -148.425 0
vertex 274.825 -148.7125 0
endloop
endfacet
facet normal 0 0 -1
outer loop
vertex 181.1 -148.425 0
vertex 274.825 -148.7125 0
vertex 214.15 -148.7125 0
endloop
endfacet
facet normal 0 0 -1
outer loop
vertex 181.1 -148.425 0
vertex 214.15 -148.7125 0
vertex 200.15 -148.7125 0
endloop
endfacet
facet normal 0 0 -1
outer loop
vertex 181.1 -148.425 0
vertex 200.15 -148.7125 0
vertex 176.05 -148.7125 0
endloop
endfacet
facet normal 0 0 -1
outer loop
vertex 181.1 -148.425 0
vertex 176.05 -148.7125 0
vertex 176.05 -148.425 0
endloop
endfacet
facet normal 0 0 -1
outer loop
vertex 314.45 -148.425 0
vertex 328.45 -148.425 0
vertex 371.6 -148.425 0
endloop
endfacet
facet normal 0 0 -1
outer loop
vertex 314.45 -148.425 0
vertex 371.6 -148.425 0
vertex 385.6 -148.425 0
endloop
endfacet
facet normal 0 0 -1
outer loop
vertex 314.45 -148.425 0
vertex 385.6 -148.425 0
vertex 390.65 -148.425 0
endloop
endfacet
facet normal 0 0 -1
outer loop
vertex 314.45 -148.425 0
vertex 390.65 -148.425 0
vertex 390.65 -148.7125 0
endloop
endfacet
facet normal 0 0 -1
outer loop
vertex 314.45 -148.425 0
vertex 390.65 -148.7125 0
vertex 366.55 -148.7125 0
endloop
endfacet
facet normal 0 0 -1
outer loop
vertex 314.45 -148.425 0
vertex 366.55 -148.7125 0
vertex 352.55 -148.7125 0
endloop
endfacet
facet normal 0 0 -1
outer loop
vertex 314.45 -148.425 0
vertex 352.55 -148.7125 0
vertex 291.875 -148.7125 0
endloop
endfacet
facet normal 0 0 -1
outer loop
vertex 314.45 -148.425 0
vertex 291.875 -148.7125 0
vertex 291.875 -148.425 0
endloop
endfacet
facet normal 0 0 -1
outer loop
vertex 200.15 -148.7125 0
vertex 200.15 -153.475 0
vertex 195.1 -153.475 0
endloop
endfacet
facet normal 0 0 -1
outer loop
vertex 200.15 -148.7125 0
vertex 195.1 -153.475 0
vertex 181.1 -153.475 0
endloop
endfacet
facet normal 0 0 -1
outer loop
vertex 200.15 -148.7125 0
vertex 181.1 -153.475 0
vertex 176.05 -153.475 0
endloop
endfacet
facet normal 0 0 -1
outer loop
vertex 200.15 -148.7125 0
vertex 176.05 -153.475 0
vertex 176.05 -148.7125 0
endloop
endfacet
facet normal 0 0 -1
outer loop
vertex 390.65 -148.7125 0
vertex 390.65 -153.475 0
vertex 385.6 -153.475 0
endloop
endfacet
facet normal 0 0 -1
outer loop
vertex 390.65 -148.7125 0
vertex 385.6 -153.475 0
vertex 371.6 -153.475 0
endloop
endfacet
facet normal 0 0 -1
outer loop
vertex 390.65 -148.7125 0
vertex 371.6 -153.475 0
vertex 366.55 -153.475 0
endloop
endfacet
facet normal 0 0 -1
outer loop
vertex 390.65 -148.7125 0
vertex 366.55 -153.475 0
vertex 366.55 -148.7125 0
endloop
endfacet
facet normal 0 0 -1
outer loop
vertex 274.825 -148.7125 0
vertex 274.825 -153.7312169 0
vertex 231.85695920000006 -153.7312169 0
endloop
endfacet
facet normal 0 0 -1
outer loop
vertex 274.825 -148.7125 0
vertex 231.85695920000006 -153.7312169 0
vertex 214.15 -153.7312169 0
endloop
endfacet
facet normal 0 0 -1
outer loop
vertex 274.825 -148.7125 0
vertex 214.15 -153.7312169 0
vertex 214.15 -148.7125 0
endloop
endfacet
facet normal 0 0 -1
outer loop
vertex 352.55 -148.7125 0
vertex 352.55 -153.7312169 0
vertex 334.8430408 -153.7312169 0
endloop
endfacet
facet normal 0 0 -1
outer loop
vertex 352.55 -148.7125 0
vertex 334.8430408 -153.7312169 0
vertex 291.875 -153.7312169 0
endloop
endfacet
facet normal 0 0 -1
outer loop
vertex 352.55 -148.7125 0
vertex 291.875 -153.7312169 0
vertex 291.875 -148.7125 0
endloop
endfacet
facet normal 0 0 -1
outer loop
vertex 143 -143.95 0
vertex 143 -157.95 0
vertex 139.475 -157.95 0
endloop
endfacet
facet normal 0 0 -1
outer loop
vertex 143 -143.95 0
vertex 139.475 -157.95 0
vertex 139.475 -143.95 0
endloop
endfacet
facet normal 0 0 -1
outer loop
vertex 162.05 -143.95 0
vertex 162.05 -157.95 0
vertex 157 -157.95 0
endloop
endfacet
facet normal 0 0 -1
outer loop
vertex 162.05 -143.95 0
vertex 157 -157.95 0
vertex 157 -143.95 0
endloop
endfacet
facet normal 0 0 -1
outer loop
vertex 181.1 -153.475 0
vertex 181.1 -157.95 0
vertex 176.05 -157.95 0
endloop
endfacet
facet normal 0 0 -1
outer loop
vertex 181.1 -153.475 0
vertex 176.05 -157.95 0
vertex 176.05 -153.475 0
endloop
endfacet
facet normal 0 0 -1
outer loop
vertex 390.65 -153.475 0
vertex 390.65 -157.95 0
vertex 385.6 -157.95 0
endloop
endfacet
facet normal 0 0 -1
outer loop
vertex 390.65 -153.475 0
vertex 385.6 -157.95 0
vertex 385.6 -153.475 0
endloop
endfacet
facet normal 0 0 -1
outer loop
vertex 409.7 -143.95 0
vertex 409.7 -157.95 0
vertex 404.65 -157.95 0
endloop
endfacet
facet normal 0 0 -1
outer loop
vertex 409.7 -143.95 0
vertex 404.65 -157.95 0
vertex 404.65 -143.95 0
endloop
endfacet
facet normal 0 0 -1
outer loop
vertex 427.225 -143.95 0
vertex 427.225 -157.95 0
vertex 423.7 -157.95 0
endloop
endfacet
facet normal 0 0 -1
outer loop
vertex 427.225 -143.95 0
vertex 423.7 -157.95 0
vertex 423.7 -143.95 0
endloop
endfacet
facet normal 0 0 -1
outer loop
vertex 274.825 -153.7312169 0
vertex 274.825 -157.0891294999989 0
vertex 274.80887904586075 -157.34256977563345 0
endloop
endfacet
facet normal 0 0 -1
outer loop
vertex 274.825 -153.7312169 0
vertex 274.80887904586075 -157.34256977563345 0
vertex 274.7607671435563 -157.59192321524498 0
endloop
endfacet
facet normal 0 0 -1
outer loop
vertex 274.825 -153.7312169 0
vertex 274.7607671435563 -157.59192321524498 0
vertex 274.68144499999977 -157.8331697500007 0
endloop
endfacet
facet normal 0 0 -1
outer loop
vertex 274.825 -153.7312169 0
vertex 274.68144499999977 -157.8331697500007 0
vertex 274.52194250932837 -158.2311407 0
endloop
endfacet
facet normal 0 0 -1
outer loop
vertex 274.825 -153.7312169 0
vertex 274.52194250932837 -158.2311407 0
vertex 255.70799880000004 -158.2311407 0
endloop
endfacet
facet normal 0 0 -1
outer loop
vertex 274.825 -153.7312169 0
vertex 255.70799880000004 -158.2311407 0
vertex 242.99466140051018 -158.2311407 0
endloop
endfacet
facet normal 0 0 -1
outer loop
vertex 274.825 -153.7312169 0
vertex 242.99466140051018 -158.2311407 0
vertex 231.85695920000006 -153.7312169 0
endloop
endfacet
facet normal 0 0 -1
outer loop
vertex 334.8430408 -153.7312169 0
vertex 323.7053385994898 -158.2311407 0
vertex 310.99200119999995 -158.2311407 0
endloop
endfacet
facet normal 0 0 -1
outer loop
vertex 334.8430408 -153.7312169 0
vertex 310.99200119999995 -158.2311407 0
vertex 292.17805749067145 -158.2311407 0
endloop
endfacet
facet normal 0 0 -1
outer loop
vertex 334.8430408 -153.7312169 0
vertex 292.17805749067145 -158.2311407 0
vertex 292.0185550000001 -157.8331697500007 0
endloop
endfacet
facet normal 0 0 -1
outer loop
vertex 334.8430408 -153.7312169 0
vertex 292.0185550000001 -157.8331697500007 0
vertex 291.9392328564437 -157.59192321524498 0
endloop
endfacet
facet normal 0 0 -1
outer loop
vertex 334.8430408 -153.7312169 0
vertex 291.9392328564437 -157.59192321524498 0
vertex 291.8911209541392 -157.34256977563345 0
endloop
endfacet
facet normal 0 0 -1
outer loop
vertex 334.8430408 -153.7312169 0
vertex 291.8911209541392 -157.34256977563345 0
vertex 291.875 -157.0891294999989 0
endloop
endfacet
facet normal 0 0 -1
outer loop
vertex 334.8430408 -153.7312169 0
vertex 291.875 -157.0891294999989 0
vertex 291.875 -153.7312169 0
endloop
endfacet
facet normal 0 0 -1
outer loop
vertex 255.70799880000004 -158.2311407 0
vertex 255.4071735980363 -158.9757092 0
vertex 244.8375331 -158.9757092 0
endloop
endfacet
facet normal 0 0 -1
outer loop
vertex 255.70799880000004 -158.2311407 0
vertex 244.8375331 -158.9757092 0
vertex 242.99466140051018 -158.2311407 0
endloop
endfacet
facet normal 0 0 -1
outer loop
vertex 323.7053385994898 -158.2311407 0
vertex 321.86246689999996 -158.9757092 0
vertex 311.2928264019637 -158.9757092 0
endloop
endfacet
facet normal 0 0 -1
outer loop
vertex 323.7053385994898 -158.2311407 0
vertex 311.2928264019637 -158.9757092 0
vertex 310.99200119999995 -158.2311407 0
endloop
endfacet
facet normal 0 0 -1
outer loop
vertex 200.15 -153.475 0
vertex 200.15 -162.7125 0
vertex 195.1 -162.7125 0
endloop
endfacet
facet normal 0 0 -1
outer loop
vertex 200.15 -153.475 0
vertex 195.1 -162.7125 0
vertex 195.1 -153.475 0
endloop
endfacet
facet normal 0 0 -1
outer loop
vertex 231.85695920000006 -153.7312169 0
vertex 228.2282852734897 -162.7125 0
vertex 214.15 -162.7125 0
endloop
endfacet
facet normal 0 0 -1
outer loop
vertex 231.85695920000006 -153.7312169 0
vertex 214.15 -162.7125 0
vertex 214.15 -153.7312169 0
endloop
endfacet
facet normal 0 0 -1
outer loop
vertex 352.55 -153.7312169 0
vertex 352.55 -162.7125 0
vertex 338.47171472651024 -162.7125 0
endloop
endfacet
facet normal 0 0 -1
outer loop
vertex 352.55 -153.7312169 0
vertex 338.47171472651024 -162.7125 0
vertex 334.8430408 -153.7312169 0
endloop
endfacet
facet normal 0 0 -1
outer loop
vertex 371.6 -153.475 0
vertex 371.6 -162.7125 0
vertex 366.55 -162.7125 0
endloop
endfacet
facet normal 0 0 -1
outer loop
vertex 371.6 -153.475 0
vertex 366.55 -162.7125 0
vertex 366.55 -153.475 0
endloop
endfacet
facet normal 0 0 -1
outer loop
vertex 143 -157.95 0
vertex 157 -157.95 0
vertex 162.05 -157.95 0
endloop
endfacet
facet normal 0 0 -1
outer loop
vertex 143 -157.95 0
vertex 162.05 -157.95 0
vertex 176.05 -157.95 0
endloop
endfacet
facet normal 0 0 -1
outer loop
vertex 143 -157.95 0
vertex 176.05 -157.95 0
vertex 181.1 -157.95 0
endloop
endfacet
facet normal 0 0 -1
outer loop
vertex 143 -157.95 0
vertex 181.1 -157.95 0
vertex 181.1 -163 0
endloop
endfacet
facet normal 0 0 -1
outer loop
vertex 143 -157.95 0
vertex 181.1 -163 0
vertex 176.05 -163 0
endloop
endfacet
facet normal 0 0 -1
outer loop
vertex 143 -157.95 0
vertex 176.05 -163 0
vertex 162.05 -163 0
endloop
endfacet
facet normal 0 0 -1
outer loop
vertex 143 -157.95 0
vertex 162.05 -163 0
vertex 157 -163 0
endloop
endfacet
facet normal 0 0 -1
outer loop
vertex 143 -157.95 0
vertex 157 -163 0
vertex 143 -163 0
endloop
endfacet
facet normal 0 0 -1
outer loop
vertex 143 -157.95 0
vertex 143 -163 0
vertex 139.475 -163 0
endloop
endfacet
facet normal 0 0 -1
outer loop
vertex 143 -157.95 0
vertex 139.475 -163 0
vertex 139.475 -157.95 0
endloop
endfacet
facet normal 0 0 -1
outer loop
vertex 390.65 -157.95 0
vertex 404.65 -157.95 0
vertex 409.7 -157.95 0
endloop
endfacet
facet normal 0 0 -1
outer loop
vertex 390.65 -157.95 0
vertex 409.7 -157.95 0
vertex 423.7 -157.95 0
endloop
endfacet
facet normal 0 0 -1
outer loop
vertex 390.65 -157.95 0
vertex 423.7 -157.95 0
vertex 427.225 -157.95 0
endloop
endfacet
facet normal 0 0 -1
outer loop
vertex 390.65 -157.95 0
vertex 427.225 -157.95 0
vertex 427.225 -163 0
endloop
endfacet
facet normal 0 0 -1
outer loop
vertex 390.65 -157.95 0
vertex 427.225 -163 0
vertex 423.7 -163 0
endloop
endfacet
facet normal 0 0 -1
outer loop
vertex 390.65 -157.95 0
vertex 423.7 -163 0
vertex 409.7 -163 0
endloop
endfacet
facet normal 0 0 -1
outer loop
vertex 390.65 -157.95 0
vertex 409.7 -163 0
vertex 404.65 -163 0
endloop
endfacet
facet normal 0 0 -1
outer loop
vertex 390.65 -157.95 0
vertex 404.65 -163 0
vertex 390.65 -163 0
endloop
endfacet
facet normal 0 0 -1
outer loop
vertex 390.65 -157.95 0
vertex 390.65 -163 0
vertex 385.6 -163 0
endloop
endfacet
facet normal 0 0 -1
outer loop
vertex 390.65 -157.95 0
vertex 385.6 -163 0
vertex 385.6 -157.95 0
endloop
endfacet
facet normal 0 0 -1
outer loop
vertex 274.52194250932837 -158.2311407 0
vertex 272.4200062143348 -163.475633 0
vertex 268.6885727 -163.475633 0
endloop
endfacet
facet normal 0 0 -1
outer loop
vertex 274.52194250932837 -158.2311407 0
vertex 268.6885727 -163.475633 0
vertex 255.70799880000004 -158.2311407 0
endloop
endfacet
facet normal 0 0 -1
outer loop
vertex 310.99200119999995 -158.2311407 0
vertex 298.0114272999999 -163.475633 0
vertex 294.27999378566517 -163.475633 0
endloop
endfacet
facet normal 0 0 -1
outer loop
vertex 310.99200119999995 -158.2311407 0
vertex 294.27999378566517 -163.475633 0
vertex 292.17805749067145 -158.2311407 0
endloop
endfacet
facet normal 0 0 -1
outer loop
vertex 200.15 -162.7125 0
vertex 214.15 -162.7125 0
vertex 228.2282852734897 -162.7125 0
endloop
endfacet
facet normal 0 0 -1
outer loop
vertex 200.15 -162.7125 0
vertex 228.2282852734897 -162.7125 0
vertex 226.61246689999993 -166.7117908 0
endloop
endfacet
facet normal 0 0 -1
outer loop
vertex 200.15 -162.7125 0
vertex 226.61246689999993 -166.7117908 0
vertex 195.1 -166.7117908 0
endloop
endfacet
facet normal 0 0 -1
outer loop
vertex 200.15 -162.7125 0
vertex 195.1 -166.7117908 0
vertex 195.1 -162.7125 0
endloop
endfacet
facet normal 0 0 -1
outer loop
vertex 352.55 -162.7125 0
vertex 366.55 -162.7125 0
vertex 371.6 -162.7125 0
endloop
endfacet
facet normal 0 0 -1
outer loop
vertex 352.55 -162.7125 0
vertex 371.6 -162.7125 0
vertex 371.6 -166.7117908 0
endloop
endfacet
facet normal 0 0 -1
outer loop
vertex 352.55 -162.7125 0
vertex 371.6 -166.7117908 0
vertex 340.0875331 -166.7117908 0
endloop
endfacet
facet normal 0 0 -1
outer loop
vertex 352.55 -162.7125 0
vertex 340.0875331 -166.7117908 0
vertex 338.47171472651024 -162.7125 0
endloop
endfacet
facet normal 0 0 -1
outer loop
vertex 226.61246689999993 -166.7117908 0
vertex 226.72912085327215 -166.75892205663115 0
vertex 216.85874156272092 -166.75892205663115 0
endloop
endfacet
facet normal 0 0 -1
outer loop
vertex 226.61246689999993 -166.7117908 0
vertex 216.85874156272092 -166.75892205663115 0
vertex 195.1 -166.75892205663115 0
endloop
endfacet
facet normal 0 0 -1
outer loop
vertex 226.61246689999993 -166.7117908 0
vertex 195.1 -166.75892205663115 0
vertex 195.1 -166.7117908 0
endloop
endfacet
facet normal 0 0 -1
outer loop
vertex 371.6 -166.7117908 0
vertex 371.6 -166.75892205663115 0
vertex 349.84125843727907 -166.75892205663115 0
endloop
endfacet
facet normal 0 0 -1
outer loop
vertex 371.6 -166.7117908 0
vertex 349.84125843727907 -166.75892205663115 0
vertex 339.97087914672784 -166.75892205663115 0
endloop
endfacet
facet normal 0 0 -1
outer loop
vertex 371.6 -166.7117908 0
vertex 339.97087914672784 -166.75892205663115 0
vertex 340.0875331 -166.7117908 0
endloop
endfacet
facet normal 0 0 -1
outer loop
vertex 226.72912085327215 -166.75892205663115 0
vertex 226.75075965751958 -166.76766470107285 0
vertex 217.13630686789986 -166.76766470107285 0
endloop
endfacet
facet normal 0 0 -1
outer loop
vertex 226.72912085327215 -166.75892205663115 0
vertex 217.13630686789986 -166.76766470107285 0
vertex 216.85874156272092 -166.75892205663115 0
endloop
endfacet
facet normal 0 0 -1
outer loop
vertex 349.84125843727907 -166.75892205663115 0
vertex 349.5636931321001 -166.76766470107285 0
vertex 339.94924034248044 -166.76766470107285 0
endloop
endfacet
facet normal 0 0 -1
outer loop
vertex 349.84125843727907 -166.75892205663115 0
vertex 339.94924034248044 -166.76766470107285 0
vertex 339.97087914672784 -166.75892205663115 0
endloop
endfacet
facet normal 0 0 -1
outer loop
vertex 216.85874156272092 -166.75892205663115 0
vertex 216.58264094999961 -166.78871105000005 0
vertex 195.1 -166.78871105000005 0
endloop
endfacet
facet normal 0 0 -1
outer loop
vertex 216.85874156272092 -166.75892205663115 0
vertex 195.1 -166.78871105000005 0
vertex 195.1 -166.75892205663115 0
endloop
endfacet
facet normal 0 0 -1
outer loop
vertex 371.6 -166.75892205663115 0
vertex 371.6 -166.78871105000005 0
vertex 350.1173590500006 -166.78871105000005 0
endloop
endfacet
facet normal 0 0 -1
outer loop
vertex 371.6 -166.75892205663115 0
vertex 350.1173590500006 -166.78871105000005 0
vertex 349.84125843727907 -166.75892205663115 0
endloop
endfacet
facet normal 0 0 -1
outer loop
vertex 226.75075965751958 -166.76766470107285 0
vertex 226.86735042125437 -166.8147704274736 0
vertex 217.4099854805303 -166.8147704274736 0
endloop
endfacet
facet normal 0 0 -1
outer loop
vertex 226.75075965751958 -166.76766470107285 0
vertex 217.4099854805303 -166.8147704274736 0
vertex 217.13630686789986 -166.76766470107285 0
endloop
endfacet
facet normal 0 0 -1
outer loop
vertex 349.5636931321001 -166.76766470107285 0
vertex 349.2900145194696 -166.8147704274736 0
vertex 339.83264957874565 -166.8147704274736 0
endloop
endfacet
facet normal 0 0 -1
outer loop
vertex 349.5636931321001 -166.76766470107285 0
vertex 339.83264957874565 -166.8147704274736 0
vertex 339.94924034248044 -166.76766470107285 0
endloop
endfacet
facet normal 0 0 -1
outer loop
vertex 226.86735042125437 -166.8147704274736 0
vertex 227.07664790450895 -166.89933210000012 0
vertex 217.67450190000037 -166.89933210000012 0
endloop
endfacet
facet normal 0 0 -1
outer loop
vertex 226.86735042125437 -166.8147704274736 0
vertex 217.67450190000037 -166.89933210000012 0
vertex 217.4099854805303 -166.8147704274736 0
endloop
endfacet
facet normal 0 0 -1
outer loop
vertex 349.2900145194696 -166.8147704274736 0
vertex 349.02549810000056 -166.89933210000012 0
vertex 339.62335209549104 -166.89933210000012 0
endloop
endfacet
facet normal 0 0 -1
outer loop
vertex 349.2900145194696 -166.8147704274736 0
vertex 339.62335209549104 -166.89933210000012 0
vertex 339.83264957874565 -166.8147704274736 0
endloop
endfacet
facet normal 0 0 -1
outer loop
vertex 181.1 -163 0
vertex 181.1 -167.475 0
vertex 176.05 -167.475 0
endloop
endfacet
facet normal 0 0 -1
outer loop
vertex 181.1 -163 0
vertex 176.05 -167.475 0
vertex 176.05 -163 0
endloop
endfacet
facet normal 0 0 -1
outer loop
vertex 216.58264094999961 -166.78871105000005 0
vertex 212.7448888961216 -167.475 0
vertex 195.1 -167.475 0
endloop
endfacet
facet normal 0 0 -1
outer loop
vertex 216.58264094999961 -166.78871105000005 0
vertex 195.1 -167.475 0
vertex 195.1 -166.78871105000005 0
endloop
endfacet
facet normal 0 0 -1
outer loop
vertex 371.6 -166.78871105000005 0
vertex 371.6 -167.475 0
vertex 353.95511110387787 -167.475 0
endloop
endfacet
facet normal 0 0 -1
outer loop
vertex 371.6 -166.78871105000005 0
vertex 353.95511110387787 -167.475 0
vertex 350.1173590500006 -166.78871105000005 0
endloop
endfacet
facet normal 0 0 -1
outer loop
vertex 390.65 -163 0
vertex 390.65 -167.475 0
vertex 385.6 -167.475 0
endloop
endfacet
facet normal 0 0 -1
outer loop
vertex 390.65 -163 0
vertex 385.6 -167.475 0
vertex 385.6 -163 0
endloop
endfacet
facet normal 0 0 -1
outer loop
vertex 181.1 -167.475 0
vertex 195.1 -167.475 0
vertex 212.7448888961216 -167.475 0
endloop
endfacet
facet normal 0 0 -1
outer loop
vertex 181.1 -167.475 0
vertex 212.7448888961216 -167.475 0
vertex 198.90916400000046 -169.9491840999999 0
endloop
endfacet
facet normal 0 0 -1
outer loop
vertex 181.1 -167.475 0
vertex 198.90916400000046 -169.9491840999999 0
vertex 176.05 -169.9491840999999 0
endloop
endfacet
facet normal 0 0 -1
outer loop
vertex 181.1 -167.475 0
vertex 176.05 -169.9491840999999 0
vertex 176.05 -167.475 0
endloop
endfacet
facet normal 0 0 -1
outer loop
vertex 371.6 -167.475 0
vertex 385.6 -167.475 0
vertex 390.65 -167.475 0
endloop
endfacet
facet normal 0 0 -1
outer loop
vertex 371.6 -167.475 0
vertex 390.65 -167.475 0
vertex 390.65 -169.9491840999999 0
endloop
endfacet
facet normal 0 0 -1
outer loop
vertex 371.6 -167.475 0
vertex 390.65 -169.9491840999999 0
vertex 367.7908359999995 -169.9491840999999 0
endloop
endfacet
facet normal 0 0 -1
outer loop
vertex 371.6 -167.475 0
vertex 367.7908359999995 -169.9491840999999 0
vertex 353.95511110387787 -167.475 0
endloop
endfacet
facet normal 0 0 -1
outer loop
vertex 198.90916400000046 -169.9491840999999 0
vertex 198.7229110856816 -169.99176078884963 0
vertex 176.05 -169.99176078884963 0
endloop
endfacet
facet normal 0 0 -1
outer loop
vertex 198.90916400000046 -169.9491840999999 0
vertex 176.05 -169.99176078884963 0
vertex 176.05 -169.9491840999999 0
endloop
endfacet
facet normal 0 0 -1
outer loop
vertex 390.65 -169.9491840999999 0
vertex 390.65 -169.99176078884963 0
vertex 367.9770889143193 -169.99176078884963 0
endloop
endfacet
facet normal 0 0 -1
outer loop
vertex 390.65 -169.9491840999999 0
vertex 367.9770889143193 -169.99176078884963 0
vertex 367.7908359999995 -169.9491840999999 0
endloop
endfacet
facet normal 0 0 -1
outer loop
vertex 198.7229110856816 -169.99176078884963 0
vertex 198.54157281289136 -170.05191710944928 0
vertex 176.05 -170.05191710944928 0
endloop
endfacet
facet normal 0 0 -1
outer loop
vertex 198.7229110856816 -169.99176078884963 0
vertex 176.05 -170.05191710944928 0
vertex 176.05 -169.99176078884963 0
endloop
endfacet
facet normal 0 0 -1
outer loop
vertex 390.65 -169.99176078884963 0
vertex 390.65 -170.05191710944928 0
vertex 368.1584271871088 -170.05191710944928 0
endloop
endfacet
facet normal 0 0 -1
outer loop
vertex 390.65 -169.99176078884963 0
vertex 368.1584271871088 -170.05191710944928 0
vertex 367.9770889143193 -169.99176078884963 0
endloop
endfacet
facet normal 0 0 -1
outer loop
vertex 198.54157281289136 -170.05191710944928 0
vertex 198.36680199999955 -170.12910205000023 0
vertex 176.05 -170.12910205000023 0
endloop
endfacet
facet normal 0 0 -1
outer loop
vertex 198.54157281289136 -170.05191710944928 0
vertex 176.05 -170.12910205000023 0
vertex 176.05 -170.05191710944928 0
endloop
endfacet
facet normal 0 0 -1
outer loop
vertex 390.65 -170.05191710944928 0
vertex 390.65 -170.12910205000023 0
vertex 368.3331980000004 -170.12910205000023 0
endloop
endfacet
facet normal 0 0 -1
outer loop
vertex 390.65 -170.05191710944928 0
vertex 368.3331980000004 -170.12910205000023 0
vertex 368.1584271871088 -170.05191710944928 0
endloop
endfacet
facet normal 0 0 -1
outer loop
vertex 255.4071735980363 -158.9757092 0
vertex 250.4635065 -171.2117146 0
vertex 239.89386600196374 -171.2117146 0
endloop
endfacet
facet normal 0 0 -1
outer loop
vertex 255.4071735980363 -158.9757092 0
vertex 239.89386600196374 -171.2117146 0
vertex 244.8375331 -158.9757092 0
endloop
endfacet
facet normal 0 0 -1
outer loop
vertex 321.86246689999996 -158.9757092 0
vertex 326.8061339980363 -171.2117146 0
vertex 316.2364935 -171.2117146 0
endloop
endfacet
facet normal 0 0 -1
outer loop
vertex 321.86246689999996 -158.9757092 0
vertex 316.2364935 -171.2117146 0
vertex 311.2928264019637 -158.9757092 0
endloop
endfacet
facet normal 0 0 -1
outer loop
vertex 227.07664790450895 -166.89933210000012 0
vertex 239.59304079999998 -171.9562831 0
vertex 230.37599196781593 -171.9562831 0
endloop
endfacet
facet normal 0 0 -1
outer loop
vertex 227.07664790450895 -166.89933210000012 0
vertex 230.37599196781593 -171.9562831 0
vertex 217.67450190000037 -166.89933210000012 0
endloop
endfacet
facet normal 0 0 -1
outer loop
vertex 250.4635065 -171.2117146 0
vertex 252.3063781994898 -171.9562831 0
vertex 239.59304079999998 -171.9562831 0
endloop
endfacet
facet normal 0 0 -1
outer loop
vertex 250.4635065 -171.2117146 0
vertex 239.59304079999998 -171.9562831 0
vertex 239.89386600196374 -171.2117146 0
endloop
endfacet
facet normal 0 0 -1
outer loop
vertex 326.8061339980363 -171.2117146 0
vertex 327.1069592 -171.9562831 0
vertex 314.3936218005102 -171.9562831 0
endloop
endfacet
facet normal 0 0 -1
outer loop
vertex 326.8061339980363 -171.2117146 0
vertex 314.3936218005102 -171.9562831 0
vertex 316.2364935 -171.2117146 0
endloop
endfacet
facet normal 0 0 -1
outer loop
vertex 349.02549810000056 -166.89933210000012 0
vertex 336.32400803218434 -171.9562831 0
vertex 327.1069592 -171.9562831 0
endloop
endfacet
facet normal 0 0 -1
outer loop
vertex 349.02549810000056 -166.89933210000012 0
vertex 327.1069592 -171.9562831 0
vertex 339.62335209549104 -166.89933210000012 0
endloop
endfacet
facet normal 0 0 -1
outer loop
vertex 239.59304079999998 -171.9562831 0
vertex 252.3063781994898 -171.9562831 0
vertex 263.4440804 -176.4562069 0
endloop
endfacet
facet normal 0 0 -1
outer loop
vertex 239.59304079999998 -171.9562831 0
vertex 263.4440804 -176.4562069 0
vertex 241.67840273897593 -176.4562069 0
endloop
endfacet
facet normal 0 0 -1
outer loop
vertex 239.59304079999998 -171.9562831 0
vertex 241.67840273897593 -176.4562069 0
vertex 230.37599196781593 -171.9562831 0
endloop
endfacet
facet normal 0 0 -1
outer loop
vertex 272.4200062143348 -163.475633 0
vertex 267.21753134174213 -176.4562069 0
vertex 263.4440804 -176.4562069 0
endloop
endfacet
facet normal 0 0 -1
outer loop
vertex 272.4200062143348 -163.475633 0
vertex 263.4440804 -176.4562069 0
vertex 268.6885727 -163.475633 0
endloop
endfacet
facet normal 0 0 -1
outer loop
vertex 298.0114272999999 -163.475633 0
vertex 303.25591959999997 -176.4562069 0
vertex 299.48246865825786 -176.4562069 0
endloop
endfacet
facet normal 0 0 -1
outer loop
vertex 298.0114272999999 -163.475633 0
vertex 299.48246865825786 -176.4562069 0
vertex 294.27999378566517 -163.475633 0
endloop
endfacet
facet normal 0 0 -1
outer loop
vertex 327.1069592 -171.9562831 0
vertex 336.32400803218434 -171.9562831 0
vertex 325.02159726102434 -176.4562069 0
endloop
endfacet
facet normal 0 0 -1
outer loop
vertex 327.1069592 -171.9562831 0
vertex 325.02159726102434 -176.4562069 0
vertex 303.25591959999997 -176.4562069 0
endloop
endfacet
facet normal 0 0 -1
outer loop
vertex 327.1069592 -171.9562831 0
vertex 303.25591959999997 -176.4562069 0
vertex 314.3936218005102 -171.9562831 0
endloop
endfacet
facet normal 0 0 -1
outer loop
vertex 143 -163 0
vertex 143 -177 0
vertex 139.475 -177 0
endloop
endfacet
facet normal 0 0 -1
outer loop
vertex 143 -163 0
vertex 139.475 -177 0
vertex 139.475 -163 0
endloop
endfacet
facet normal 0 0 -1
outer loop
vertex 162.05 -163 0
vertex 162.05 -177 0
vertex 157 -177 0
endloop
endfacet
facet normal 0 0 -1
outer loop
vertex 162.05 -163 0
vertex 157 -177 0
vertex 157 -163 0
endloop
endfacet
facet normal 0 0 -1
outer loop
vertex 198.36680199999955 -170.12910205000023 0
vertex 184.62500198478187 -177 0
vertex 176.05 -177 0
endloop
endfacet
facet normal 0 0 -1
outer loop
vertex 198.36680199999955 -170.12910205000023 0
vertex 176.05 -177 0
vertex 176.05 -170.12910205000023 0
endloop
endfacet
facet normal 0 0 -1
outer loop
vertex 390.65 -170.12910205000023 0
vertex 390.65 -177 0
vertex 382.0749980152181 -177 0
endloop
endfacet
facet normal 0 0 -1
outer loop
vertex 390.65 -170.12910205000023 0
vertex 382.0749980152181 -177 0
vertex 368.3331980000004 -170.12910205000023 0
endloop
endfacet
facet normal 0 0 -1
outer loop
vertex 409.7 -163 0
vertex 409.7 -177 0
vertex 404.65 -177 0
endloop
endfacet
facet normal 0 0 -1
outer loop
vertex 409.7 -163 0
vertex 404.65 -177 0
vertex 404.65 -163 0
endloop
endfacet
facet normal 0 0 -1
outer loop
vertex 427.225 -163 0
vertex 427.225 -177 0
vertex 423.7 -177 0
endloop
endfacet
facet normal 0 0 -1
outer loop
vertex 427.225 -163 0
vertex 423.7 -177 0
vertex 423.7 -163 0
endloop
endfacet
facet normal 0 0 -1
outer loop
vertex 143 -177 0
vertex 157 -177 0
vertex 162.05 -177 0
endloop
endfacet
facet normal 0 0 -1
outer loop
vertex 143 -177 0
vertex 162.05 -177 0
vertex 176.05 -177 0
endloop
endfacet
facet normal 0 0 -1
outer loop
vertex 143 -177 0
vertex 176.05 -177 0
vertex 184.62500198478187 -177 0
endloop
endfacet
facet normal 0 0 -1
outer loop
vertex 143 -177 0
vertex 184.62500198478187 -177 0
vertex 177.99729119999964 -180.31385440000017 0
endloop
endfacet
facet normal 0 0 -1
outer loop
vertex 143 -177 0
vertex 177.99729119999964 -180.31385440000017 0
vertex 177.7844049657037 -180.40529590964965 0
endloop
endfacet
facet normal 0 0 -1
outer loop
vertex 143 -177 0
vertex 177.7844049657037 -180.40529590964965 0
vertex 177.5623676721166 -180.4714993842564 0
endloop
endfacet
facet normal 0 0 -1
outer loop
vertex 143 -177 0
vertex 177.5623676721166 -180.4714993842564 0
vertex 177.33416365176933 -180.51157911592853 0
endloop
endfacet
facet normal 0 0 -1
outer loop
vertex 143 -177 0
vertex 177.33416365176933 -180.51157911592853 0
vertex 177.1028556 -180.5249972 0
endloop
endfacet
facet normal 0 0 -1
outer loop
vertex 143 -177 0
vertex 177.1028556 -180.5249972 0
vertex 141.47500000000014 -180.525 0
endloop
endfacet
facet normal 0 0 -1
outer loop
vertex 143 -177 0
vertex 141.47500000000014 -180.525 0
vertex 141.12770364466604 -180.4946155060244 0
endloop
endfacet
facet normal 0 0 -1
outer loop
vertex 143 -177 0
vertex 141.12770364466604 -180.4946155060244 0
vertex 140.79095971334857 -180.4043852415718 0
endloop
endfacet
facet normal 0 0 -1
outer loop
vertex 143 -177 0
vertex 140.79095971334857 -180.4043852415718 0
vertex 140.47500000000008 -180.25705080756893 0
endloop
endfacet
facet normal 0 0 -1
outer loop
vertex 143 -177 0
vertex 140.47500000000008 -180.25705080756893 0
vertex 140.1894247806269 -180.05708888623792 0
endloop
endfacet
facet normal 0 0 -1
outer loop
vertex 143 -177 0
vertex 140.1894247806269 -180.05708888623792 0
vertex 139.942911113762 -179.81057521937302 0
endloop
endfacet
facet normal 0 0 -1
outer loop
vertex 143 -177 0
vertex 139.942911113762 -179.81057521937302 0
vertex 139.74294919243118 -179.52500000000012 0
endloop
endfacet
facet normal 0 0 -1
outer loop
vertex 143 -177 0
vertex 139.74294919243118 -179.52500000000012 0
vertex 139.59561475842816 -179.20904028665126 0
endloop
endfacet
facet normal 0 0 -1
outer loop
vertex 143 -177 0
vertex 139.59561475842816 -179.20904028665126 0
vertex 139.50538449397555 -178.87229635533382 0
endloop
endfacet
facet normal 0 0 -1
outer loop
vertex 143 -177 0
vertex 139.50538449397555 -178.87229635533382 0
vertex 139.475 -178.5250000000003 0
endloop
endfacet
facet normal 0 0 -1
outer loop
vertex 143 -177 0
vertex 139.475 -178.5250000000003 0
vertex 139.475 -177 0
endloop
endfacet
facet normal 0 0 -1
outer loop
vertex 390.65 -177 0
vertex 404.65 -177 0
vertex 409.7 -177 0
endloop
endfacet
facet normal 0 0 -1
outer loop
vertex 390.65 -177 0
vertex 409.7 -177 0
vertex 423.7 -177 0
endloop
endfacet
facet normal 0 0 -1
outer loop
vertex 390.65 -177 0
vertex 423.7 -177 0
vertex 427.225 -177 0
endloop
endfacet
facet normal 0 0 -1
outer loop
vertex 390.65 -177 0
vertex 427.225 -177 0
vertex 427.225 -178.5250000000003 0
endloop
endfacet
facet normal 0 0 -1
outer loop
vertex 390.65 -177 0
vertex 427.225 -178.5250000000003 0
vertex 427.1946155060244 -178.87229635533382 0
endloop
endfacet
facet normal 0 0 -1
outer loop
vertex 390.65 -177 0
vertex 427.1946155060244 -178.87229635533382 0
vertex 427.1043852415718 -179.20904028665126 0
endloop
endfacet
facet normal 0 0 -1
outer loop
vertex 390.65 -177 0
vertex 427.1043852415718 -179.20904028665126 0
vertex 426.95705080756863 -179.52500000000012 0
endloop
endfacet
facet normal 0 0 -1
outer loop
vertex 390.65 -177 0
vertex 426.95705080756863 -179.52500000000012 0
vertex 426.75708888623797 -179.81057521937302 0
endloop
endfacet
facet normal 0 0 -1
outer loop
vertex 390.65 -177 0
vertex 426.75708888623797 -179.81057521937302 0
vertex 426.51057521937287 -180.05708888623792 0
endloop
endfacet
facet normal 0 0 -1
outer loop
vertex 390.65 -177 0
vertex 426.51057521937287 -180.05708888623792 0
vertex 426.2250000000002 -180.25705080756893 0
endloop
endfacet
facet normal 0 0 -1
outer loop
vertex 390.65 -177 0
vertex 426.2250000000002 -180.25705080756893 0
vertex 425.9090402866514 -180.4043852415718 0
endloop
endfacet
facet normal 0 0 -1
outer loop
vertex 390.65 -177 0
vertex 425.9090402866514 -180.4043852415718 0
vertex 425.57229635533383 -180.4946155060244 0
endloop
endfacet
facet normal 0 0 -1
outer loop
vertex 390.65 -177 0
vertex 425.57229635533383 -180.4946155060244 0
vertex 425.22499999999985 -180.525 0
endloop
endfacet
facet normal 0 0 -1
outer loop
vertex 390.65 -177 0
vertex 425.22499999999985 -180.525 0
vertex 389.59714439999965 -180.5249972 0
endloop
endfacet
facet normal 0 0 -1
outer loop
vertex 390.65 -177 0
vertex 389.59714439999965 -180.5249972 0
vertex 389.36583634823046 -180.51157911592853 0
endloop
endfacet
facet normal 0 0 -1
outer loop
vertex 390.65 -177 0
vertex 389.36583634823046 -180.51157911592853 0
vertex 389.1376323278835 -180.4714993842564 0
endloop
endfacet
facet normal 0 0 -1
outer loop
vertex 390.65 -177 0
vertex 389.1376323278835 -180.4714993842564 0
vertex 388.9155950342964 -180.40529590964965 0
endloop
endfacet
facet normal 0 0 -1
outer loop
vertex 390.65 -177 0
vertex 388.9155950342964 -180.40529590964965 0
vertex 388.7027088000002 -180.31385440000017 0
endloop
endfacet
facet normal 0 0 -1
outer loop
vertex 390.65 -177 0
vertex 388.7027088000002 -180.31385440000017 0
vertex 382.0749980152181 -177 0
endloop
endfacet
facet normal 0 0 -1
outer loop
vertex 263.4440804 -176.4562069 0
vertex 267.21753134174213 -176.4562069 0
vertex 264.4454093999999 -183.37286380000032 0
endloop
endfacet
facet normal 0 0 -1
outer loop
vertex 263.4440804 -176.4562069 0
vertex 264.4454093999999 -183.37286380000032 0
vertex 264.2882672727583 -183.68349449219735 0
endloop
endfacet
facet normal 0 0 -1
outer loop
vertex 263.4440804 -176.4562069 0
vertex 264.2882672727583 -183.68349449219735 0
vertex 264.07964723074264 -183.96217433797878 0
endloop
endfacet
facet normal 0 0 -1
outer loop
vertex 263.4440804 -176.4562069 0
vertex 264.07964723074264 -183.96217433797878 0
vertex 263.82586496734234 -184.2004584985071 0
endloop
endfacet
facet normal 0 0 -1
outer loop
vertex 263.4440804 -176.4562069 0
vertex 263.82586496734234 -184.2004584985071 0
vertex 263.5346091193933 -184.39112787048668 0
endloop
endfacet
facet normal 0 0 -1
outer loop
vertex 263.4440804 -176.4562069 0
vertex 263.5346091193933 -184.39112787048668 0
vertex 263.2147036307426 -184.5284058975203 0
endloop
endfacet
facet normal 0 0 -1
outer loop
vertex 263.4440804 -176.4562069 0
vertex 263.2147036307426 -184.5284058975203 0
vertex 262.87584042032455 -184.6081335777881 0
endloop
endfacet
facet normal 0 0 -1
outer loop
vertex 263.4440804 -176.4562069 0
vertex 262.87584042032455 -184.6081335777881 0
vertex 262.5282857539044 -184.62789546597378 0
endloop
endfacet
facet normal 0 0 -1
outer loop
vertex 263.4440804 -176.4562069 0
vertex 262.5282857539044 -184.62789546597378 0
vertex 262.1825692152864 -184.58709285206743 0
endloop
endfacet
facet normal 0 0 -1
outer loop
vertex 263.4440804 -176.4562069 0
vertex 262.1825692152864 -184.58709285206743 0
vertex 261.8491647000005 -184.48696190000015 0
endloop
endfacet
facet normal 0 0 -1
outer loop
vertex 263.4440804 -176.4562069 0
vertex 261.8491647000005 -184.48696190000015 0
vertex 241.67840273897593 -176.4562069 0
endloop
endfacet
facet normal 0 0 -1
outer loop
vertex 303.25591959999997 -176.4562069 0
vertex 325.02159726102434 -176.4562069 0
vertex 304.8508353 -184.48696190000015 0
endloop
endfacet
facet normal 0 0 -1
outer loop
vertex 303.25591959999997 -176.4562069 0
vertex 304.8508353 -184.48696190000015 0
vertex 304.5174307847135 -184.58709285206743 0
endloop
endfacet
facet normal 0 0 -1
outer loop
vertex 303.25591959999997 -176.4562069 0
vertex 304.5174307847135 -184.58709285206743 0
vertex 304.1717142460958 -184.62789546597378 0
endloop
endfacet
facet normal 0 0 -1
outer loop
vertex 303.25591959999997 -176.4562069 0
vertex 304.1717142460958 -184.62789546597378 0
vertex 303.8241595796752 -184.6081335777881 0
endloop
endfacet
facet normal 0 0 -1
outer loop
vertex 303.25591959999997 -176.4562069 0
vertex 303.8241595796752 -184.6081335777881 0
vertex 303.4852963692576 -184.5284058975203 0
endloop
endfacet
facet normal 0 0 -1
outer loop
vertex 303.25591959999997 -176.4562069 0
vertex 303.4852963692576 -184.5284058975203 0
vertex 303.16539088060654 -184.39112787048668 0
endloop
endfacet
facet normal 0 0 -1
outer loop
vertex 303.25591959999997 -176.4562069 0
vertex 303.16539088060654 -184.39112787048668 0
vertex 302.87413503265765 -184.2004584985071 0
endloop
endfacet
facet normal 0 0 -1
outer loop
vertex 303.25591959999997 -176.4562069 0
vertex 302.87413503265765 -184.2004584985071 0
vertex 302.62035276925735 -183.96217433797878 0
endloop
endfacet
facet normal 0 0 -1
outer loop
vertex 303.25591959999997 -176.4562069 0
vertex 302.62035276925735 -183.96217433797878 0
vertex 302.4117327272418 -183.68349449219735 0
endloop
endfacet
facet normal 0 0 -1
outer loop
vertex 303.25591959999997 -176.4562069 0
vertex 302.4117327272418 -183.68349449219735 0
vertex 302.2545906 -183.37286380000032 0
endloop
endfacet
facet normal 0 0 -1
outer loop
vertex 303.25591959999997 -176.4562069 0
vertex 302.2545906 -183.37286380000032 0
vertex 299.48246865825786 -176.4562069 0
endloop
endfacet
facet normal 0 0 1
outer loop
vertex 177.10285559999997 -180.5249972 1.5
vertex 177.33416365176964 -180.51157911592853 1.5
vertex 177.56236767211624 -180.4714993842565 1.5
endloop
endfacet
facet normal 0 0 1
outer loop
vertex 177.10285559999997 -180.5249972 1.5
vertex 177.56236767211624 -180.4714993842565 1.5
vertex 177.7844049657037 -180.40529590964965 1.5
endloop
endfacet
facet normal 0 0 1
outer loop
vertex 177.10285559999997 -180.5249972 1.5
vertex 177.7844049657037 -180.40529590964965 1.5
vertex 177.99729119999972 -180.31385440000014 1.5
endloop
endfacet
facet normal 0 0 1
outer loop
vertex 177.10285559999997 -180.5249972 1.5
vertex 177.99729119999972 -180.31385440000014 1.5
vertex 184.6250019847819 -177 1.5
endloop
endfacet
facet normal 0 0 1
outer loop
vertex 177.10285559999997 -180.5249972 1.5
vertex 184.6250019847819 -177 1.5
vertex 176.05 -177 1.5
endloop
endfacet
facet normal 0 0 1
outer loop
vertex 177.10285559999997 -180.5249972 1.5
vertex 176.05 -177 1.5
vertex 162.05 -177 1.5
endloop
endfacet
facet normal 0 0 1
outer loop
vertex 177.10285559999997 -180.5249972 1.5
vertex 162.05 -177 1.5
vertex 157 -177 1.5
endloop
endfacet
facet normal 0 0 1
outer loop
vertex 177.10285559999997 -180.5249972 1.5
vertex 157 -177 1.5
vertex 143 -177 1.5
endloop
endfacet
facet normal 0 0 1
outer loop
vertex 177.10285559999997 -180.5249972 1.5
vertex 143 -177 1.5
vertex 139.475 -177 1.5
endloop
endfacet
facet normal 0 0 1
outer loop
vertex 177.10285559999997 -180.5249972 1.5
vertex 139.475 -177 1.5
vertex 139.475 -178.52500000000003 1.5
endloop
endfacet
facet normal 0 0 1
outer loop
vertex 177.10285559999997 -180.5249972 1.5
vertex 139.475 -178.52500000000003 1.5
vertex 139.50538449397558 -178.8722963553339 1.5
endloop
endfacet
facet normal 0 0 1
outer loop
vertex 177.10285559999997 -180.5249972 1.5
vertex 139.50538449397558 -178.8722963553339 1.5
vertex 139.59561475842816 -179.2090402866513 1.5
endloop
endfacet
facet normal 0 0 1
outer loop
vertex 177.10285559999997 -180.5249972 1.5
vertex 139.59561475842816 -179.2090402866513 1.5
vertex 139.74294919243113 -179.525 1.5
endloop
endfacet
facet normal 0 0 1
outer loop
vertex 177.10285559999997 -180.5249972 1.5
vertex 139.74294919243113 -179.525 1.5
vertex 139.94291111376205 -179.81057521937308 1.5
endloop
endfacet
facet normal 0 0 1
outer loop
vertex 177.10285559999997 -180.5249972 1.5
vertex 139.94291111376205 -179.81057521937308 1.5
vertex 140.18942478062698 -180.057088886238 1.5
endloop
endfacet
facet normal 0 0 1
outer loop
vertex 177.10285559999997 -180.5249972 1.5
vertex 140.18942478062698 -180.057088886238 1.5
vertex 140.47500000000002 -180.2570508075689 1.5
endloop
endfacet
facet normal 0 0 1
outer loop
vertex 177.10285559999997 -180.5249972 1.5
vertex 140.47500000000002 -180.2570508075689 1.5
vertex 140.79095971334866 -180.40438524157184 1.5
endloop
endfacet
facet normal 0 0 1
outer loop
vertex 177.10285559999997 -180.5249972 1.5
vertex 140.79095971334866 -180.40438524157184 1.5
vertex 141.12770364466576 -180.49461550602436 1.5
endloop
endfacet
facet normal 0 0 1
outer loop
vertex 177.10285559999997 -180.5249972 1.5
vertex 141.12770364466576 -180.49461550602436 1.5
vertex 141.4750000000004 -180.525 1.5
endloop
endfacet
facet normal 0 0 1
outer loop
vertex 425.57229635533366 -180.49461550602436 1.5
vertex 425.90904028665165 -180.40438524157184 1.5
vertex 426.22500000000014 -180.2570508075689 1.5
endloop
endfacet
facet normal 0 0 1
outer loop
vertex 425.57229635533366 -180.49461550602436 1.5
vertex 426.22500000000014 -180.2570508075689 1.5
vertex 426.5105752193729 -180.057088886238 1.5
endloop
endfacet
facet normal 0 0 1
outer loop
vertex 425.57229635533366 -180.49461550602436 1.5
vertex 426.5105752193729 -180.057088886238 1.5
vertex 426.75708888623785 -179.81057521937308 1.5
endloop
endfacet
facet normal 0 0 1
outer loop
vertex 425.57229635533366 -180.49461550602436 1.5
vertex 426.75708888623785 -179.81057521937308 1.5
vertex 426.95705080756886 -179.525 1.5
endloop
endfacet
facet normal 0 0 1
outer loop
vertex 425.57229635533366 -180.49461550602436 1.5
vertex 426.95705080756886 -179.525 1.5
vertex 427.1043852415717 -179.2090402866513 1.5
endloop
endfacet
facet normal 0 0 1
outer loop
vertex 425.57229635533366 -180.49461550602436 1.5
vertex 427.1043852415717 -179.2090402866513 1.5
vertex 427.1946155060245 -178.8722963553339 1.5
endloop
endfacet
facet normal 0 0 1
outer loop
vertex 425.57229635533366 -180.49461550602436 1.5
vertex 427.1946155060245 -178.8722963553339 1.5
vertex 427.225 -178.52500000000003 1.5
endloop
endfacet
facet normal 0 0 1
outer loop
vertex 425.57229635533366 -180.49461550602436 1.5
vertex 427.225 -178.52500000000003 1.5
vertex 427.225 -177 1.5
endloop
endfacet
facet normal 0 0 1
outer loop
vertex 425.57229635533366 -180.49461550602436 1.5
vertex 427.225 -177 1.5
vertex 423.7 -177 1.5
endloop
endfacet
facet normal 0 0 1
outer loop
vertex 425.57229635533366 -180.49461550602436 1.5
vertex 423.7 -177 1.5
vertex 409.7 -177 1.5
endloop
endfacet
facet normal 0 0 1
outer loop
vertex 425.57229635533366 -180.49461550602436 1.5
vertex 409.7 -177 1.5
vertex 404.65 -177 1.5
endloop
endfacet
facet normal 0 0 1
outer loop
vertex 425.57229635533366 -180.49461550602436 1.5
vertex 404.65 -177 1.5
vertex 390.65 -177 1.5
endloop
endfacet
facet normal 0 0 1
outer loop
vertex 425.57229635533366 -180.49461550602436 1.5
vertex 390.65 -177 1.5
vertex 382.0749980152181 -177 1.5
endloop
endfacet
facet normal 0 0 1
outer loop
vertex 425.57229635533366 -180.49461550602436 1.5
vertex 382.0749980152181 -177 1.5
vertex 388.7027088 -180.31385440000014 1.5
endloop
endfacet
facet normal 0 0 1
outer loop
vertex 425.57229635533366 -180.49461550602436 1.5
vertex 388.7027088 -180.31385440000014 1.5
vertex 388.9155950342964 -180.40529590964965 1.5
endloop
endfacet
facet normal 0 0 1
outer loop
vertex 425.57229635533366 -180.49461550602436 1.5
vertex 388.9155950342964 -180.40529590964965 1.5
vertex 389.1376323278834 -180.4714993842565 1.5
endloop
endfacet
facet normal 0 0 1
outer loop
vertex 425.57229635533366 -180.49461550602436 1.5
vertex 389.1376323278834 -180.4714993842565 1.5
vertex 389.36583634823046 -180.51157911592853 1.5
endloop
endfacet
facet normal 0 0 1
outer loop
vertex 425.57229635533366 -180.49461550602436 1.5
vertex 389.36583634823046 -180.51157911592853 1.5
vertex 389.59714440000016 -180.5249972 1.5
endloop
endfacet
facet normal 0 0 1
outer loop
vertex 425.57229635533366 -180.49461550602436 1.5
vertex 389.59714440000016 -180.5249972 1.5
vertex 425.2250000000003 -180.525 1.5
endloop
endfacet
facet normal 0 0 1
outer loop
vertex 262.8758404203246 -184.6081335777881 1.5
vertex 263.21470363074263 -184.5284058975203 1.5
vertex 263.53460911939317 -184.39112787048677 1.5
endloop
endfacet
facet normal 0 0 1
outer loop
vertex 262.8758404203246 -184.6081335777881 1.5
vertex 263.53460911939317 -184.39112787048677 1.5
vertex 263.82586496734234 -184.2004584985071 1.5
endloop
endfacet
facet normal 0 0 1
outer loop
vertex 262.8758404203246 -184.6081335777881 1.5
vertex 263.82586496734234 -184.2004584985071 1.5
vertex 264.0796472307425 -183.96217433797887 1.5
endloop
endfacet
facet normal 0 0 1
outer loop
vertex 262.8758404203246 -184.6081335777881 1.5
vertex 264.0796472307425 -183.96217433797887 1.5
vertex 264.2882672727583 -183.68349449219727 1.5
endloop
endfacet
facet normal 0 0 1
outer loop
vertex 262.8758404203246 -184.6081335777881 1.5
vertex 264.2882672727583 -183.68349449219727 1.5
vertex 264.4454094000002 -183.37286379999966 1.5
endloop
endfacet
facet normal 0 0 1
outer loop
vertex 262.8758404203246 -184.6081335777881 1.5
vertex 264.4454094000002 -183.37286379999966 1.5
vertex 267.2175313417422 -176.4562069 1.5
endloop
endfacet
facet normal 0 0 1
outer loop
vertex 262.8758404203246 -184.6081335777881 1.5
vertex 267.2175313417422 -176.4562069 1.5
vertex 263.4440804 -176.4562069 1.5
endloop
endfacet
facet normal 0 0 1
outer loop
vertex 262.8758404203246 -184.6081335777881 1.5
vertex 263.4440804 -176.4562069 1.5
vertex 241.67840273897593 -176.4562069 1.5
endloop
endfacet
facet normal 0 0 1
outer loop
vertex 262.8758404203246 -184.6081335777881 1.5
vertex 241.67840273897593 -176.4562069 1.5
vertex 261.8491647000002 -184.48696190000007 1.5
endloop
endfacet
facet normal 0 0 1
outer loop
vertex 262.8758404203246 -184.6081335777881 1.5
vertex 261.8491647000002 -184.48696190000007 1.5
vertex 262.18256921528643 -184.58709285206746 1.5
endloop
endfacet
facet normal 0 0 1
outer loop
vertex 262.8758404203246 -184.6081335777881 1.5
vertex 262.18256921528643 -184.58709285206746 1.5
vertex 262.5282857539043 -184.62789546597378 1.5
endloop
endfacet
facet normal 0 0 1
outer loop
vertex 304.5174307847137 -184.58709285206746 1.5
vertex 304.8508352999994 -184.48696190000007 1.5
vertex 325.0215972610238 -176.4562069 1.5
endloop
endfacet
facet normal 0 0 1
outer loop
vertex 304.5174307847137 -184.58709285206746 1.5
vertex 325.0215972610238 -176.4562069 1.5
vertex 303.2559196000001 -176.4562069 1.5
endloop
endfacet
facet normal 0 0 1
outer loop
vertex 304.5174307847137 -184.58709285206746 1.5
vertex 303.2559196000001 -176.4562069 1.5
vertex 299.48246865825786 -176.4562069 1.5
endloop
endfacet
facet normal 0 0 1
outer loop
vertex 304.5174307847137 -184.58709285206746 1.5
vertex 299.48246865825786 -176.4562069 1.5
vertex 302.2545905999998 -183.37286379999966 1.5
endloop
endfacet
facet normal 0 0 1
outer loop
vertex 304.5174307847137 -184.58709285206746 1.5
vertex 302.2545905999998 -183.37286379999966 1.5
vertex 302.41173272724177 -183.68349449219727 1.5
endloop
endfacet
facet normal 0 0 1
outer loop
vertex 304.5174307847137 -184.58709285206746 1.5
vertex 302.41173272724177 -183.68349449219727 1.5
vertex 302.6203527692575 -183.96217433797887 1.5
endloop
endfacet
facet normal 0 0 1
outer loop
vertex 304.5174307847137 -184.58709285206746 1.5
vertex 302.6203527692575 -183.96217433797887 1.5
vertex 302.87413503265776 -184.2004584985071 1.5
endloop
endfacet
facet normal 0 0 1
outer loop
vertex 304.5174307847137 -184.58709285206746 1.5
vertex 302.87413503265776 -184.2004584985071 1.5
vertex 303.1653908806065 -184.39112787048677 1.5
endloop
endfacet
facet normal 0 0 1
outer loop
vertex 304.5174307847137 -184.58709285206746 1.5
vertex 303.1653908806065 -184.39112787048677 1.5
vertex 303.4852963692578 -184.5284058975203 1.5
endloop
endfacet
facet normal 0 0 1
outer loop
vertex 304.5174307847137 -184.58709285206746 1.5
vertex 303.4852963692578 -184.5284058975203 1.5
vertex 303.82415957967504 -184.6081335777881 1.5
endloop
endfacet
facet normal 0 0 1
outer loop
vertex 304.5174307847137 -184.58709285206746 1.5
vertex 303.82415957967504 -184.6081335777881 1.5
vertex 304.17171424609586 -184.62789546597378 1.5
endloop
endfacet
facet normal 0 0 1
outer loop
vertex 263.4440804 -176.4562069 1.5
vertex 252.3063781994898 -171.9562831 1.5
vertex 239.5930408 -171.9562831 1.5
endloop
endfacet
facet normal 0 0 1
outer loop
vertex 263.4440804 -176.4562069 1.5
vertex 239.5930408 -171.9562831 1.5
vertex 230.37599196781593 -171.9562831 1.5
endloop
endfacet
facet normal 0 0 1
outer loop
vertex 263.4440804 -176.4562069 1.5
vertex 230.37599196781593 -171.9562831 1.5
vertex 241.67840273897593 -176.4562069 1.5
endloop
endfacet
facet normal 0 0 1
outer loop
vertex 325.0215972610238 -176.4562069 1.5
vertex 336.32400803218394 -171.9562831 1.5
vertex 327.1069592 -171.9562831 1.5
endloop
endfacet
facet normal 0 0 1
outer loop
vertex 325.0215972610238 -176.4562069 1.5
vertex 327.1069592 -171.9562831 1.5
vertex 314.39362180051023 -171.9562831 1.5
endloop
endfacet
facet normal 0 0 1
outer loop
vertex 325.0215972610238 -176.4562069 1.5
vertex 314.39362180051023 -171.9562831 1.5
vertex 303.2559196000001 -176.4562069 1.5
endloop
endfacet
facet normal 0 0 1
outer loop
vertex 252.3063781994898 -171.9562831 1.5
vertex 250.46350650000005 -171.21171460000002 1.5
vertex 239.89386600196374 -171.21171460000002 1.5
endloop
endfacet
facet normal 0 0 1
outer loop
vertex 252.3063781994898 -171.9562831 1.5
vertex 239.89386600196374 -171.21171460000002 1.5
vertex 239.5930408 -171.9562831 1.5
endloop
endfacet
facet normal 0 0 1
outer loop
vertex 327.1069592 -171.9562831 1.5
vertex 326.8061339980363 -171.21171460000002 1.5
vertex 316.2364935 -171.21171460000002 1.5
endloop
endfacet
facet normal 0 0 1
outer loop
vertex 327.1069592 -171.9562831 1.5
vertex 316.2364935 -171.21171460000002 1.5
vertex 314.39362180051023 -171.9562831 1.5
endloop
endfacet
facet normal 0 0 1
outer loop
vertex 184.6250019847819 -177 1.5
vertex 198.36680199999967 -170.12910205000017 1.5
vertex 176.05 -170.12910205000017 1.5
endloop
endfacet
facet normal 0 0 1
outer loop
vertex 184.6250019847819 -177 1.5
vertex 176.05 -170.12910205000017 1.5
vertex 176.05 -177 1.5
endloop
endfacet
facet normal 0 0 1
outer loop
vertex 390.65 -177 1.5
vertex 390.65 -170.12910205000017 1.5
vertex 368.3331979999993 -170.12910205000017 1.5
endloop
endfacet
facet normal 0 0 1
outer loop
vertex 390.65 -177 1.5
vertex 368.3331979999993 -170.12910205000017 1.5
vertex 382.0749980152181 -177 1.5
endloop
endfacet
facet normal 0 0 1
outer loop
vertex 198.36680199999967 -170.12910205000017 1.5
vertex 198.54157281289173 -170.0519171094491 1.5
vertex 176.05 -170.0519171094491 1.5
endloop
endfacet
facet normal 0 0 1
outer loop
vertex 198.36680199999967 -170.12910205000017 1.5
vertex 176.05 -170.0519171094491 1.5
vertex 176.05 -170.12910205000017 1.5
endloop
endfacet
facet normal 0 0 1
outer loop
vertex 390.65 -170.12910205000017 1.5
vertex 390.65 -170.0519171094491 1.5
vertex 368.1584271871087 -170.0519171094491 1.5
endloop
endfacet
facet normal 0 0 1
outer loop
vertex 390.65 -170.12910205000017 1.5
vertex 368.1584271871087 -170.0519171094491 1.5
vertex 368.3331979999993 -170.12910205000017 1.5
endloop
endfacet
facet normal 0 0 1
outer loop
vertex 198.54157281289173 -170.0519171094491 1.5
vertex 198.7229110856813 -169.9917607888497 1.5
vertex 176.05 -169.9917607888497 1.5
endloop
endfacet
facet normal 0 0 1
outer loop
vertex 198.54157281289173 -170.0519171094491 1.5
vertex 176.05 -169.9917607888497 1.5
vertex 176.05 -170.0519171094491 1.5
endloop
endfacet
facet normal 0 0 1
outer loop
vertex 390.65 -170.0519171094491 1.5
vertex 390.65 -169.9917607888497 1.5
vertex 367.97708891431836 -169.9917607888497 1.5
endloop
endfacet
facet normal 0 0 1
outer loop
vertex 390.65 -170.0519171094491 1.5
vertex 367.97708891431836 -169.9917607888497 1.5
vertex 368.1584271871087 -170.0519171094491 1.5
endloop
endfacet
facet normal 0 0 1
outer loop
vertex 198.7229110856813 -169.9917607888497 1.5
vertex 198.90916399999995 -169.9491841 1.5
vertex 176.05 -169.9491841 1.5
endloop
endfacet
facet normal 0 0 1
outer loop
vertex 198.7229110856813 -169.9917607888497 1.5
vertex 176.05 -169.9491841 1.5
vertex 176.05 -169.9917607888497 1.5
endloop
endfacet
facet normal 0 0 1
outer loop
vertex 390.65 -169.9917607888497 1.5
vertex 390.65 -169.9491841 1.5
vertex 367.7908360000006 -169.9491841 1.5
endloop
endfacet
facet normal 0 0 1
outer loop
vertex 390.65 -169.9917607888497 1.5
vertex 367.7908360000006 -169.9491841 1.5
vertex 367.97708891431836 -169.9917607888497 1.5
endloop
endfacet
facet normal 0 0 1
outer loop
vertex 198.90916399999995 -169.9491841 1.5
vertex 212.7448888961216 -167.475 1.5
vertex 195.1 -167.475 1.5
endloop
endfacet
facet normal 0 0 1
outer loop
vertex 198.90916399999995 -169.9491841 1.5
vertex 195.1 -167.475 1.5
vertex 181.1 -167.475 1.5
endloop
endfacet
facet normal 0 0 1
outer loop
vertex 198.90916399999995 -169.9491841 1.5
vertex 181.1 -167.475 1.5
vertex 176.05 -167.475 1.5
endloop
endfacet
facet normal 0 0 1
outer loop
vertex 198.90916399999995 -169.9491841 1.5
vertex 176.05 -167.475 1.5
vertex 176.05 -169.9491841 1.5
endloop
endfacet
facet normal 0 0 1
outer loop
vertex 390.65 -169.9491841 1.5
vertex 390.65 -167.475 1.5
vertex 385.6 -167.475 1.5
endloop
endfacet
facet normal 0 0 1
outer loop
vertex 390.65 -169.9491841 1.5
vertex 385.6 -167.475 1.5
vertex 371.6 -167.475 1.5
endloop
endfacet
facet normal 0 0 1
outer loop
vertex 390.65 -169.9491841 1.5
vertex 371.6 -167.475 1.5
vertex 353.955111103878 -167.475 1.5
endloop
endfacet
facet normal 0 0 1
outer loop
vertex 390.65 -169.9491841 1.5
vertex 353.955111103878 -167.475 1.5
vertex 367.7908360000006 -169.9491841 1.5
endloop
endfacet
facet normal 0 0 1
outer loop
vertex 239.5930408 -171.9562831 1.5
vertex 227.07664790450863 -166.89933209999998 1.5
vertex 217.6745019 -166.89933209999998 1.5
endloop
endfacet
facet normal 0 0 1
outer loop
vertex 239.5930408 -171.9562831 1.5
vertex 217.6745019 -166.89933209999998 1.5
vertex 230.37599196781593 -171.9562831 1.5
endloop
endfacet
facet normal 0 0 1
outer loop
vertex 336.32400803218394 -171.9562831 1.5
vertex 349.0254981 -166.89933209999998 1.5
vertex 339.6233520954913 -166.89933209999998 1.5
endloop
endfacet
facet normal 0 0 1
outer loop
vertex 336.32400803218394 -171.9562831 1.5
vertex 339.6233520954913 -166.89933209999998 1.5
vertex 327.1069592 -171.9562831 1.5
endloop
endfacet
facet normal 0 0 1
outer loop
vertex 227.07664790450863 -166.89933209999998 1.5
vertex 226.86735042125432 -166.81477042747358 1.5
vertex 217.40998548053022 -166.81477042747358 1.5
endloop
endfacet
facet normal 0 0 1
outer loop
vertex 227.07664790450863 -166.89933209999998 1.5
vertex 217.40998548053022 -166.81477042747358 1.5
vertex 217.6745019 -166.89933209999998 1.5
endloop
endfacet
facet normal 0 0 1
outer loop
vertex 349.0254981 -166.89933209999998 1.5
vertex 349.29001451947033 -166.81477042747358 1.5
vertex 339.83264957874565 -166.81477042747358 1.5
endloop
endfacet
facet normal 0 0 1
outer loop
vertex 349.0254981 -166.89933209999998 1.5
vertex 339.83264957874565 -166.81477042747358 1.5
vertex 339.6233520954913 -166.89933209999998 1.5
endloop
endfacet
facet normal 0 0 1
outer loop
vertex 212.7448888961216 -167.475 1.5
vertex 216.58264094999956 -166.78871105000007 1.5
vertex 195.1 -166.78871105000007 1.5
endloop
endfacet
facet normal 0 0 1
outer loop
vertex 212.7448888961216 -167.475 1.5
vertex 195.1 -166.78871105000007 1.5
vertex 195.1 -167.475 1.5
endloop
endfacet
facet normal 0 0 1
outer loop
vertex 371.6 -167.475 1.5
vertex 371.6 -166.78871105000007 1.5
vertex 350.1173590499999 -166.78871105000007 1.5
endloop
endfacet
facet normal 0 0 1
outer loop
vertex 371.6 -167.475 1.5
vertex 350.1173590499999 -166.78871105000007 1.5
vertex 353.955111103878 -167.475 1.5
endloop
endfacet
facet normal 0 0 1
outer loop
vertex 226.86735042125432 -166.81477042747358 1.5
vertex 226.75075965751958 -166.76766470107285 1.5
vertex 217.13630686790003 -166.76766470107285 1.5
endloop
endfacet
facet normal 0 0 1
outer loop
vertex 226.86735042125432 -166.81477042747358 1.5
vertex 217.13630686790003 -166.76766470107285 1.5
vertex 217.40998548053022 -166.81477042747358 1.5
endloop
endfacet
facet normal 0 0 1
outer loop
vertex 349.29001451947033 -166.81477042747358 1.5
vertex 349.5636931320995 -166.76766470107285 1.5
vertex 339.9492403424803 -166.76766470107285 1.5
endloop
endfacet
facet normal 0 0 1
outer loop
vertex 349.29001451947033 -166.81477042747358 1.5
vertex 339.9492403424803 -166.76766470107285 1.5
vertex 339.83264957874565 -166.81477042747358 1.5
endloop
endfacet
facet normal 0 0 1
outer loop
vertex 216.58264094999956 -166.78871105000007 1.5
vertex 216.8587415627212 -166.75892205663115 1.5
vertex 195.1 -166.75892205663115 1.5
endloop
endfacet
facet normal 0 0 1
outer loop
vertex 216.58264094999956 -166.78871105000007 1.5
vertex 195.1 -166.75892205663115 1.5
vertex 195.1 -166.78871105000007 1.5
endloop
endfacet
facet normal 0 0 1
outer loop
vertex 226.75075965751958 -166.76766470107285 1.5
vertex 226.72912085327215 -166.75892205663115 1.5
vertex 216.8587415627212 -166.75892205663115 1.5
endloop
endfacet
facet normal 0 0 1
outer loop
vertex 226.75075965751958 -166.76766470107285 1.5
vertex 216.8587415627212 -166.75892205663115 1.5
vertex 217.13630686790003 -166.76766470107285 1.5
endloop
endfacet
facet normal 0 0 1
outer loop
vertex 349.5636931320995 -166.76766470107285 1.5
vertex 349.841258437279 -166.75892205663115 1.5
vertex 339.9708791467278 -166.75892205663115 1.5
endloop
endfacet
facet normal 0 0 1
outer loop
vertex 349.5636931320995 -166.76766470107285 1.5
vertex 339.9708791467278 -166.75892205663115 1.5
vertex 339.9492403424803 -166.76766470107285 1.5
endloop
endfacet
facet normal 0 0 1
outer loop
vertex 371.6 -166.78871105000007 1.5
vertex 371.6 -166.75892205663115 1.5
vertex 349.841258437279 -166.75892205663115 1.5
endloop
endfacet
facet normal 0 0 1
outer loop
vertex 371.6 -166.78871105000007 1.5
vertex 349.841258437279 -166.75892205663115 1.5
vertex 350.1173590499999 -166.78871105000007 1.5
endloop
endfacet
facet normal 0 0 1
outer loop
vertex 216.8587415627212 -166.75892205663115 1.5
vertex 226.72912085327215 -166.75892205663115 1.5
vertex 226.61246689999996 -166.7117908 1.5
endloop
endfacet
facet normal 0 0 1
outer loop
vertex 216.8587415627212 -166.75892205663115 1.5
vertex 226.61246689999996 -166.7117908 1.5
vertex 195.1 -166.7117908 1.5
endloop
endfacet
facet normal 0 0 1
outer loop
vertex 216.8587415627212 -166.75892205663115 1.5
vertex 195.1 -166.7117908 1.5
vertex 195.1 -166.75892205663115 1.5
endloop
endfacet
facet normal 0 0 1
outer loop
vertex 349.841258437279 -166.75892205663115 1.5
vertex 371.6 -166.75892205663115 1.5
vertex 371.6 -166.7117908 1.5
endloop
endfacet
facet normal 0 0 1
outer loop
vertex 349.841258437279 -166.75892205663115 1.5
vertex 371.6 -166.7117908 1.5
vertex 340.0875331 -166.7117908 1.5
endloop
endfacet
facet normal 0 0 1
outer loop
vertex 349.841258437279 -166.75892205663115 1.5
vertex 340.0875331 -166.7117908 1.5
vertex 339.9708791467278 -166.75892205663115 1.5
endloop
endfacet
facet normal 0 0 1
outer loop
vertex 267.2175313417422 -176.4562069 1.5
vertex 272.4200062143348 -163.475633 1.5
vertex 268.6885727 -163.475633 1.5
endloop
endfacet
facet normal 0 0 1
outer loop
vertex 267.2175313417422 -176.4562069 1.5
vertex 268.6885727 -163.475633 1.5
vertex 263.4440804 -176.4562069 1.5
endloop
endfacet
facet normal 0 0 1
outer loop
vertex 303.2559196000001 -176.4562069 1.5
vertex 298.0114273 -163.475633 1.5
vertex 294.2799937856651 -163.475633 1.5
endloop
endfacet
facet normal 0 0 1
outer loop
vertex 303.2559196000001 -176.4562069 1.5
vertex 294.2799937856651 -163.475633 1.5
vertex 299.48246865825786 -176.4562069 1.5
endloop
endfacet
facet normal 0 0 1
outer loop
vertex 143 -177 1.5
vertex 143 -163 1.5
vertex 139.475 -163 1.5
endloop
endfacet
facet normal 0 0 1
outer loop
vertex 143 -177 1.5
vertex 139.475 -163 1.5
vertex 139.475 -177 1.5
endloop
endfacet
facet normal 0 0 1
outer loop
vertex 162.05 -177 1.5
vertex 162.05 -163 1.5
vertex 157 -163 1.5
endloop
endfacet
facet normal 0 0 1
outer loop
vertex 162.05 -177 1.5
vertex 157 -163 1.5
vertex 157 -177 1.5
endloop
endfacet
facet normal 0 0 1
outer loop
vertex 181.1 -167.475 1.5
vertex 181.1 -163 1.5
vertex 176.05 -163 1.5
endloop
endfacet
facet normal 0 0 1
outer loop
vertex 181.1 -167.475 1.5
vertex 176.05 -163 1.5
vertex 176.05 -167.475 1.5
endloop
endfacet
facet normal 0 0 1
outer loop
vertex 390.65 -167.475 1.5
vertex 390.65 -163 1.5
vertex 385.6 -163 1.5
endloop
endfacet
facet normal 0 0 1
outer loop
vertex 390.65 -167.475 1.5
vertex 385.6 -163 1.5
vertex 385.6 -167.475 1.5
endloop
endfacet
facet normal 0 0 1
outer loop
vertex 409.7 -177 1.5
vertex 409.7 -163 1.5
vertex 404.65 -163 1.5
endloop
endfacet
facet normal 0 0 1
outer loop
vertex 409.7 -177 1.5
vertex 404.65 -163 1.5
vertex 404.65 -177 1.5
endloop
endfacet
facet normal 0 0 1
outer loop
vertex 427.225 -177 1.5
vertex 427.225 -163 1.5
vertex 423.7 -163 1.5
endloop
endfacet
facet normal 0 0 1
outer loop
vertex 427.225 -177 1.5
vertex 423.7 -163 1.5
vertex 423.7 -177 1.5
endloop
endfacet
facet normal 0 0 1
outer loop
vertex 226.61246689999996 -166.7117908 1.5
vertex 228.2282852734897 -162.7125 1.5
vertex 214.15 -162.7125 1.5
endloop
endfacet
facet normal 0 0 1
outer loop
vertex 226.61246689999996 -166.7117908 1.5
vertex 214.15 -162.7125 1.5
vertex 200.15 -162.7125 1.5
endloop
endfacet
facet normal 0 0 1
outer loop
vertex 226.61246689999996 -166.7117908 1.5
vertex 200.15 -162.7125 1.5
vertex 195.1 -162.7125 1.5
endloop
endfacet
facet normal 0 0 1
outer loop
vertex 226.61246689999996 -166.7117908 1.5
vertex 195.1 -162.7125 1.5
vertex 195.1 -166.7117908 1.5
endloop
endfacet
facet normal 0 0 1
outer loop
vertex 371.6 -166.7117908 1.5
vertex 371.6 -162.7125 1.5
vertex 366.55 -162.7125 1.5
endloop
endfacet
facet normal 0 0 1
outer loop
vertex 371.6 -166.7117908 1.5
vertex 366.55 -162.7125 1.5
vertex 352.55 -162.7125 1.5
endloop
endfacet
facet normal 0 0 1
outer loop
vertex 371.6 -166.7117908 1.5
vertex 352.55 -162.7125 1.5
vertex 338.47171472651024 -162.7125 1.5
endloop
endfacet
facet normal 0 0 1
outer loop
vertex 371.6 -166.7117908 1.5
vertex 338.47171472651024 -162.7125 1.5
vertex 340.0875331 -166.7117908 1.5
endloop
endfacet
facet normal 0 0 1
outer loop
vertex 250.46350650000005 -171.21171460000002 1.5
vertex 255.40717359803628 -158.9757092 1.5
vertex 244.83753309999997 -158.9757092 1.5
endloop
endfacet
facet normal 0 0 1
outer loop
vertex 250.46350650000005 -171.21171460000002 1.5
vertex 244.83753309999997 -158.9757092 1.5
vertex 239.89386600196374 -171.21171460000002 1.5
endloop
endfacet
facet normal 0 0 1
outer loop
vertex 326.8061339980363 -171.21171460000002 1.5
vertex 321.86246689999996 -158.9757092 1.5
vertex 311.29282640196374 -158.9757092 1.5
endloop
endfacet
facet normal 0 0 1
outer loop
vertex 326.8061339980363 -171.21171460000002 1.5
vertex 311.29282640196374 -158.9757092 1.5
vertex 316.2364935 -171.21171460000002 1.5
endloop
endfacet
facet normal 0 0 1
outer loop
vertex 255.40717359803628 -158.9757092 1.5
vertex 255.7079988 -158.23114069999997 1.5
vertex 242.99466140051013 -158.23114069999997 1.5
endloop
endfacet
facet normal 0 0 1
outer loop
vertex 255.40717359803628 -158.9757092 1.5
vertex 242.99466140051013 -158.23114069999997 1.5
vertex 244.83753309999997 -158.9757092 1.5
endloop
endfacet
facet normal 0 0 1
outer loop
vertex 272.4200062143348 -163.475633 1.5
vertex 274.5219425093284 -158.23114069999997 1.5
vertex 255.7079988 -158.23114069999997 1.5
endloop
endfacet
facet normal 0 0 1
outer loop
vertex 272.4200062143348 -163.475633 1.5
vertex 255.7079988 -158.23114069999997 1.5
vertex 268.6885727 -163.475633 1.5
endloop
endfacet
facet normal 0 0 1
outer loop
vertex 298.0114273 -163.475633 1.5
vertex 310.9920012 -158.23114069999997 1.5
vertex 292.1780574906719 -158.23114069999997 1.5
endloop
endfacet
facet normal 0 0 1
outer loop
vertex 298.0114273 -163.475633 1.5
vertex 292.1780574906719 -158.23114069999997 1.5
vertex 294.2799937856651 -163.475633 1.5
endloop
endfacet
facet normal 0 0 1
outer loop
vertex 321.86246689999996 -158.9757092 1.5
vertex 323.70533859948983 -158.23114069999997 1.5
vertex 310.9920012 -158.23114069999997 1.5
endloop
endfacet
facet normal 0 0 1
outer loop
vertex 321.86246689999996 -158.9757092 1.5
vertex 310.9920012 -158.23114069999997 1.5
vertex 311.29282640196374 -158.9757092 1.5
endloop
endfacet
facet normal 0 0 1
outer loop
vertex 143 -163 1.5
vertex 157 -163 1.5
vertex 162.05 -163 1.5
endloop
endfacet
facet normal 0 0 1
outer loop
vertex 143 -163 1.5
vertex 162.05 -163 1.5
vertex 176.05 -163 1.5
endloop
endfacet
facet normal 0 0 1
outer loop
vertex 143 -163 1.5
vertex 176.05 -163 1.5
vertex 181.1 -163 1.5
endloop
endfacet
facet normal 0 0 1
outer loop
vertex 143 -163 1.5
vertex 181.1 -163 1.5
vertex 181.1 -157.95 1.5
endloop
endfacet
facet normal 0 0 1
outer loop
vertex 143 -163 1.5
vertex 181.1 -157.95 1.5
vertex 176.05 -157.95 1.5
endloop
endfacet
facet normal 0 0 1
outer loop
vertex 143 -163 1.5
vertex 176.05 -157.95 1.5
vertex 162.05 -157.95 1.5
endloop
endfacet
facet normal 0 0 1
outer loop
vertex 143 -163 1.5
vertex 162.05 -157.95 1.5
vertex 157 -157.95 1.5
endloop
endfacet
facet normal 0 0 1
outer loop
vertex 143 -163 1.5
vertex 157 -157.95 1.5
vertex 143 -157.95 1.5
endloop
endfacet
facet normal 0 0 1
outer loop
vertex 143 -163 1.5
vertex 143 -157.95 1.5
vertex 139.475 -157.95 1.5
endloop
endfacet
facet normal 0 0 1
outer loop
vertex 143 -163 1.5
vertex 139.475 -157.95 1.5
vertex 139.475 -163 1.5
endloop
endfacet
facet normal 0 0 1
outer loop
vertex 390.65 -163 1.5
vertex 404.65 -163 1.5
vertex 409.7 -163 1.5
endloop
endfacet
facet normal 0 0 1
outer loop
vertex 390.65 -163 1.5
vertex 409.7 -163 1.5
vertex 423.7 -163 1.5
endloop
endfacet
facet normal 0 0 1
outer loop
vertex 390.65 -163 1.5
vertex 423.7 -163 1.5
vertex 427.225 -163 1.5
endloop
endfacet
facet normal 0 0 1
outer loop
vertex 390.65 -163 1.5
vertex 427.225 -163 1.5
vertex 427.225 -157.95 1.5
endloop
endfacet
facet normal 0 0 1
outer loop
vertex 390.65 -163 1.5
vertex 427.225 -157.95 1.5
vertex 423.7 -157.95 1.5
endloop
endfacet
facet normal 0 0 1
outer loop
vertex 390.65 -163 1.5
vertex 423.7 -157.95 1.5
vertex 409.7 -157.95 1.5
endloop
endfacet
facet normal 0 0 1
outer loop
vertex 390.65 -163 1.5
vertex 409.7 -157.95 1.5
vertex 404.65 -157.95 1.5
endloop
endfacet
facet normal 0 0 1
outer loop
vertex 390.65 -163 1.5
vertex 404.65 -157.95 1.5
vertex 390.65 -157.95 1.5
endloop
endfacet
facet normal 0 0 1
outer loop
vertex 390.65 -163 1.5
vertex 390.65 -157.95 1.5
vertex 385.6 -157.95 1.5
endloop
endfacet
facet normal 0 0 1
outer loop
vertex 390.65 -163 1.5
vertex 385.6 -157.95 1.5
vertex 385.6 -163 1.5
endloop
endfacet
facet normal 0 0 1
outer loop
vertex 228.2282852734897 -162.7125 1.5
vertex 231.8569592 -153.7312169 1.5
vertex 214.15 -153.7312169 1.5
endloop
endfacet
facet normal 0 0 1
outer loop
vertex 228.2282852734897 -162.7125 1.5
vertex 214.15 -153.7312169 1.5
vertex 214.15 -162.7125 1.5
endloop
endfacet
facet normal 0 0 1
outer loop
vertex 255.7079988 -158.23114069999997 1.5
vertex 274.5219425093284 -158.23114069999997 1.5
vertex 274.68144500000005 -157.8331697499998 1.5
endloop
endfacet
facet normal 0 0 1
outer loop
vertex 255.7079988 -158.23114069999997 1.5
vertex 274.68144500000005 -157.8331697499998 1.5
vertex 274.7607671435564 -157.59192321524452 1.5
endloop
endfacet
facet normal 0 0 1
outer loop
vertex 255.7079988 -158.23114069999997 1.5
vertex 274.7607671435564 -157.59192321524452 1.5
vertex 274.80887904586086 -157.342569775633 1.5
endloop
endfacet
facet normal 0 0 1
outer loop
vertex 255.7079988 -158.23114069999997 1.5
vertex 274.80887904586086 -157.342569775633 1.5
vertex 274.825 -157.08912950000007 1.5
endloop
endfacet
facet normal 0 0 1
outer loop
vertex 255.7079988 -158.23114069999997 1.5
vertex 274.825 -157.08912950000007 1.5
vertex 274.825 -153.7312169 1.5
endloop
endfacet
facet normal 0 0 1
outer loop
vertex 255.7079988 -158.23114069999997 1.5
vertex 274.825 -153.7312169 1.5
vertex 231.8569592 -153.7312169 1.5
endloop
endfacet
facet normal 0 0 1
outer loop
vertex 255.7079988 -158.23114069999997 1.5
vertex 231.8569592 -153.7312169 1.5
vertex 242.99466140051013 -158.23114069999997 1.5
endloop
endfacet
facet normal 0 0 1
outer loop
vertex 310.9920012 -158.23114069999997 1.5
vertex 323.70533859948983 -158.23114069999997 1.5
vertex 334.8430407999999 -153.7312169 1.5
endloop
endfacet
facet normal 0 0 1
outer loop
vertex 310.9920012 -158.23114069999997 1.5
vertex 334.8430407999999 -153.7312169 1.5
vertex 291.875 -153.7312169 1.5
endloop
endfacet
facet normal 0 0 1
outer loop
vertex 310.9920012 -158.23114069999997 1.5
vertex 291.875 -153.7312169 1.5
vertex 291.875 -157.08912950000007 1.5
endloop
endfacet
facet normal 0 0 1
outer loop
vertex 310.9920012 -158.23114069999997 1.5
vertex 291.875 -157.08912950000007 1.5
vertex 291.89112095413907 -157.342569775633 1.5
endloop
endfacet
facet normal 0 0 1
outer loop
vertex 310.9920012 -158.23114069999997 1.5
vertex 291.89112095413907 -157.342569775633 1.5
vertex 291.9392328564436 -157.59192321524452 1.5
endloop
endfacet
facet normal 0 0 1
outer loop
vertex 310.9920012 -158.23114069999997 1.5
vertex 291.9392328564436 -157.59192321524452 1.5
vertex 292.0185550000003 -157.8331697499998 1.5
endloop
endfacet
facet normal 0 0 1
outer loop
vertex 310.9920012 -158.23114069999997 1.5
vertex 292.0185550000003 -157.8331697499998 1.5
vertex 292.1780574906719 -158.23114069999997 1.5
endloop
endfacet
facet normal 0 0 1
outer loop
vertex 352.55 -162.7125 1.5
vertex 352.55 -153.7312169 1.5
vertex 334.8430407999999 -153.7312169 1.5
endloop
endfacet
facet normal 0 0 1
outer loop
vertex 352.55 -162.7125 1.5
vertex 334.8430407999999 -153.7312169 1.5
vertex 338.47171472651024 -162.7125 1.5
endloop
endfacet
facet normal 0 0 1
outer loop
vertex 181.1 -157.95 1.5
vertex 181.1 -153.475 1.5
vertex 176.05 -153.475 1.5
endloop
endfacet
facet normal 0 0 1
outer loop
vertex 181.1 -157.95 1.5
vertex 176.05 -153.475 1.5
vertex 176.05 -157.95 1.5
endloop
endfacet
facet normal 0 0 1
outer loop
vertex 200.15 -162.7125 1.5
vertex 200.15 -153.475 1.5
vertex 195.1 -153.475 1.5
endloop
endfacet
facet normal 0 0 1
outer loop
vertex 200.15 -162.7125 1.5
vertex 195.1 -153.475 1.5
vertex 195.1 -162.7125 1.5
endloop
endfacet
facet normal 0 0 1
outer loop
vertex 371.6 -162.7125 1.5
vertex 371.6 -153.475 1.5
vertex 366.55 -153.475 1.5
endloop
endfacet
facet normal 0 0 1
outer loop
vertex 371.6 -162.7125 1.5
vertex 366.55 -153.475 1.5
vertex 366.55 -162.7125 1.5
endloop
endfacet
facet normal 0 0 1
outer loop
vertex 390.65 -157.95 1.5
vertex 390.65 -153.475 1.5
vertex 385.6 -153.475 1.5
endloop
endfacet
facet normal 0 0 1
outer loop
vertex 390.65 -157.95 1.5
vertex 385.6 -153.475 1.5
vertex 385.6 -157.95 1.5
endloop
endfacet
facet normal 0 0 1
outer loop
vertex 181.1 -153.475 1.5
vertex 195.1 -153.475 1.5
vertex 200.15 -153.475 1.5
endloop
endfacet
facet normal 0 0 1
outer loop
vertex 181.1 -153.475 1.5
vertex 200.15 -153.475 1.5
vertex 200.15 -148.7125 1.5
endloop
endfacet
facet normal 0 0 1
outer loop
vertex 181.1 -153.475 1.5
vertex 200.15 -148.7125 1.5
vertex 176.05 -148.7125 1.5
endloop
endfacet
facet normal 0 0 1
outer loop
vertex 181.1 -153.475 1.5
vertex 176.05 -148.7125 1.5
vertex 176.05 -153.475 1.5
endloop
endfacet
facet normal 0 0 1
outer loop
vertex 231.8569592 -153.7312169 1.5
vertex 274.825 -153.7312169 1.5
vertex 274.825 -148.7125 1.5
endloop
endfacet
facet normal 0 0 1
outer loop
vertex 231.8569592 -153.7312169 1.5
vertex 274.825 -148.7125 1.5
vertex 214.15 -148.7125 1.5
endloop
endfacet
facet normal 0 0 1
outer loop
vertex 231.8569592 -153.7312169 1.5
vertex 214.15 -148.7125 1.5
vertex 214.15 -153.7312169 1.5
endloop
endfacet
facet normal 0 0 1
outer loop
vertex 334.8430407999999 -153.7312169 1.5
vertex 352.55 -153.7312169 1.5
vertex 352.55 -148.7125 1.5
endloop
endfacet
facet normal 0 0 1
outer loop
vertex 334.8430407999999 -153.7312169 1.5
vertex 352.55 -148.7125 1.5
vertex 291.875 -148.7125 1.5
endloop
endfacet
facet normal 0 0 1
outer loop
vertex 334.8430407999999 -153.7312169 1.5
vertex 291.875 -148.7125 1.5
vertex 291.875 -153.7312169 1.5
endloop
endfacet
facet normal 0 0 1
outer loop
vertex 371.6 -153.475 1.5
vertex 385.6 -153.475 1.5
vertex 390.65 -153.475 1.5
endloop
endfacet
facet normal 0 0 1
outer loop
vertex 371.6 -153.475 1.5
vertex 390.65 -153.475 1.5
vertex 390.65 -148.7125 1.5
endloop
endfacet
facet normal 0 0 1
outer loop
vertex 371.6 -153.475 1.5
vertex 390.65 -148.7125 1.5
vertex 366.55 -148.7125 1.5
endloop
endfacet
facet normal 0 0 1
outer loop
vertex 371.6 -153.475 1.5
vertex 366.55 -148.7125 1.5
vertex 366.55 -153.475 1.5
endloop
endfacet
facet normal 0 0 1
outer loop
vertex 200.15 -148.7125 1.5
vertex 214.15 -148.7125 1.5
vertex 274.825 -148.7125 1.5
endloop
endfacet
facet normal 0 0 1
outer loop
vertex 200.15 -148.7125 1.5
vertex 274.825 -148.7125 1.5
vertex 274.825 -148.425 1.5
endloop
endfacet
facet normal 0 0 1
outer loop
vertex 200.15 -148.7125 1.5
vertex 274.825 -148.425 1.5
vertex 252.25 -148.425 1.5
endloop
endfacet
facet normal 0 0 1
outer loop
vertex 200.15 -148.7125 1.5
vertex 252.25 -148.425 1.5
vertex 238.25 -148.425 1.5
endloop
endfacet
facet normal 0 0 1
outer loop
vertex 200.15 -148.7125 1.5
vertex 238.25 -148.425 1.5
vertex 195.1 -148.425 1.5
endloop
endfacet
facet normal 0 0 1
outer loop
vertex 200.15 -148.7125 1.5
vertex 195.1 -148.425 1.5
vertex 181.1 -148.425 1.5
endloop
endfacet
facet normal 0 0 1
outer loop
vertex 200.15 -148.7125 1.5
vertex 181.1 -148.425 1.5
vertex 176.05 -148.425 1.5
endloop
endfacet
facet normal 0 0 1
outer loop
vertex 200.15 -148.7125 1.5
vertex 176.05 -148.425 1.5
vertex 176.05 -148.7125 1.5
endloop
endfacet
facet normal 0 0 1
outer loop
vertex 352.55 -148.7125 1.5
vertex 366.55 -148.7125 1.5
vertex 390.65 -148.7125 1.5
endloop
endfacet
facet normal 0 0 1
outer loop
vertex 352.55 -148.7125 1.5
vertex 390.65 -148.7125 1.5
vertex 390.65 -148.425 1.5
endloop
endfacet
facet normal 0 0 1
outer loop
vertex 352.55 -148.7125 1.5
vertex 390.65 -148.425 1.5
vertex 385.6 -148.425 1.5
endloop
endfacet
facet normal 0 0 1
outer loop
vertex 352.55 -148.7125 1.5
vertex 385.6 -148.425 1.5
vertex 371.6 -148.425 1.5
endloop
endfacet
facet normal 0 0 1
outer loop
vertex 352.55 -148.7125 1.5
vertex 371.6 -148.425 1.5
vertex 328.45 -148.425 1.5
endloop
endfacet
facet normal 0 0 1
outer loop
vertex 352.55 -148.7125 1.5
vertex 328.45 -148.425 1.5
vertex 314.45 -148.425 1.5
endloop
endfacet
facet normal 0 0 1
outer loop
vertex 352.55 -148.7125 1.5
vertex 314.45 -148.425 1.5
vertex 291.875 -148.425 1.5
endloop
endfacet
facet normal 0 0 1
outer loop
vertex 352.55 -148.7125 1.5
vertex 291.875 -148.425 1.5
vertex 291.875 -148.7125 1.5
endloop
endfacet
facet normal 0 0 1
outer loop
vertex 238.25 -148.425 1.5
vertex 238.25 -146.04375 1.5
vertex 233.2 -146.04375 1.5
endloop
endfacet
facet normal 0 0 1
outer loop
vertex 238.25 -148.425 1.5
vertex 233.2 -146.04375 1.5
vertex 219.2 -146.04375 1.5
endloop
endfacet
facet normal 0 0 1
outer loop
vertex 238.25 -148.425 1.5
vertex 219.2 -146.04375 1.5
vertex 195.1 -146.04375 1.5
endloop
endfacet
facet normal 0 0 1
outer loop
vertex 238.25 -148.425 1.5
vertex 195.1 -146.04375 1.5
vertex 195.1 -148.425 1.5
endloop
endfacet
facet normal 0 0 1
outer loop
vertex 371.6 -148.425 1.5
vertex 371.6 -146.04375 1.5
vertex 347.5 -146.04375 1.5
endloop
endfacet
facet normal 0 0 1
outer loop
vertex 371.6 -148.425 1.5
vertex 347.5 -146.04375 1.5
vertex 333.5 -146.04375 1.5
endloop
endfacet
facet normal 0 0 1
outer loop
vertex 371.6 -148.425 1.5
vertex 333.5 -146.04375 1.5
vertex 328.45 -146.04375 1.5
endloop
endfacet
facet normal 0 0 1
outer loop
vertex 371.6 -148.425 1.5
vertex 328.45 -146.04375 1.5
vertex 328.45 -148.425 1.5
endloop
endfacet
facet normal 0 0 1
outer loop
vertex 143 -157.95 1.5
vertex 143 -143.95 1.5
vertex 139.475 -143.95 1.5
endloop
endfacet
facet normal 0 0 1
outer loop
vertex 143 -157.95 1.5
vertex 139.475 -143.95 1.5
vertex 139.475 -157.95 1.5
endloop
endfacet
facet normal 0 0 1
outer loop
vertex 162.05 -157.95 1.5
vertex 162.05 -143.95 1.5
vertex 157 -143.95 1.5
endloop
endfacet
facet normal 0 0 1
outer loop
vertex 162.05 -157.95 1.5
vertex 157 -143.95 1.5
vertex 157 -157.95 1.5
endloop
endfacet
facet normal 0 0 1
outer loop
vertex 181.1 -148.425 1.5
vertex 181.1 -143.95 1.5
vertex 176.05 -143.95 1.5
endloop
endfacet
facet normal 0 0 1
outer loop
vertex 181.1 -148.425 1.5
vertex 176.05 -143.95 1.5
vertex 176.05 -148.425 1.5
endloop
endfacet
facet normal 0 0 1
outer loop
vertex 390.65 -148.425 1.5
vertex 390.65 -143.95 1.5
vertex 385.6 -143.95 1.5
endloop
endfacet
facet normal 0 0 1
outer loop
vertex 390.65 -148.425 1.5
vertex 385.6 -143.95 1.5
vertex 385.6 -148.425 1.5
endloop
endfacet
facet normal 0 0 1
outer loop
vertex 409.7 -157.95 1.5
vertex 409.7 -143.95 1.5
vertex 404.65 -143.95 1.5
endloop
endfacet
facet normal 0 0 1
outer loop
vertex 409.7 -157.95 1.5
vertex 404.65 -143.95 1.5
vertex 404.65 -157.95 1.5
endloop
endfacet
facet normal 0 0 1
outer loop
vertex 427.225 -157.95 1.5
vertex 427.225 -143.95 1.5
vertex 423.7 -143.95 1.5
endloop
endfacet
facet normal 0 0 1
outer loop
vertex 427.225 -157.95 1.5
vertex 423.7 -143.95 1.5
vertex 423.7 -157.95 1.5
endloop
endfacet
facet normal 0 0 1
outer loop
vertex 219.2 -146.04375 1.5
vertex 219.2 -143.6625 1.5
vertex 214.15 -143.6625 1.5
endloop
endfacet
facet normal 0 0 1
outer loop
vertex 219.2 -146.04375 1.5
vertex 214.15 -143.6625 1.5
vertex 200.15 -143.6625 1.5
endloop
endfacet
facet normal 0 0 1
outer loop
vertex 219.2 -146.04375 1.5
vertex 200.15 -143.6625 1.5
vertex 195.1 -143.6625 1.5
endloop
endfacet
facet normal 0 0 1
outer loop
vertex 219.2 -146.04375 1.5
vertex 195.1 -143.6625 1.5
vertex 195.1 -146.04375 1.5
endloop
endfacet
facet normal 0 0 1
outer loop
vertex 371.6 -146.04375 1.5
vertex 371.6 -143.6625 1.5
vertex 366.55 -143.6625 1.5
endloop
endfacet
facet normal 0 0 1
outer loop
vertex 371.6 -146.04375 1.5
vertex 366.55 -143.6625 1.5
vertex 352.55 -143.6625 1.5
endloop
endfacet
facet normal 0 0 1
outer loop
vertex 371.6 -146.04375 1.5
vertex 352.55 -143.6625 1.5
vertex 347.5 -143.6625 1.5
endloop
endfacet
facet normal 0 0 1
outer loop
vertex 371.6 -146.04375 1.5
vertex 347.5 -143.6625 1.5
vertex 347.5 -146.04375 1.5
endloop
endfacet
facet normal 0 0 1
outer loop
vertex 143 -143.95 1.5
vertex 157 -143.95 1.5
vertex 162.05 -143.95 1.5
endloop
endfacet
facet normal 0 0 1
outer loop
vertex 143 -143.95 1.5
vertex 162.05 -143.95 1.5
vertex 176.05 -143.95 1.5
endloop
endfacet
facet normal 0 0 1
outer loop
vertex 143 -143.95 1.5
vertex 176.05 -143.95 1.5
vertex 181.1 -143.95 1.5
endloop
endfacet
facet normal 0 0 1
outer loop
vertex 143 -143.95 1.5
vertex 181.1 -143.95 1.5
vertex 181.1 -138.9 1.5
endloop
endfacet
facet normal 0 0 1
outer loop
vertex 143 -143.95 1.5
vertex 181.1 -138.9 1.5
vertex 176.05 -138.9 1.5
endloop
endfacet
facet normal 0 0 1
outer loop
vertex 143 -143.95 1.5
vertex 176.05 -138.9 1.5
vertex 162.05 -138.9 1.5
endloop
endfacet
facet normal 0 0 1
outer loop
vertex 143 -143.95 1.5
vertex 162.05 -138.9 1.5
vertex 157 -138.9 1.5
endloop
endfacet
facet normal 0 0 1
outer loop
vertex 143 -143.95 1.5
vertex 157 -138.9 1.5
vertex 143 -138.9 1.5
endloop
endfacet
facet normal 0 0 1
outer loop
vertex 143 -143.95 1.5
vertex 143 -138.9 1.5
vertex 139.475 -138.9 1.5
endloop
endfacet
facet normal 0 0 1
outer loop
vertex 143 -143.95 1.5
vertex 139.475 -138.9 1.5
vertex 139.475 -143.95 1.5
endloop
endfacet
facet normal 0 0 1
outer loop
vertex 274.825 -148.425 1.5
vertex 274.825 -138.9 1.5
vertex 271.3 -138.9 1.5
endloop
endfacet
facet normal 0 0 1
outer loop
vertex 274.825 -148.425 1.5
vertex 271.3 -138.9 1.5
vertex 257.3 -138.9 1.5
endloop
endfacet
facet normal 0 0 1
outer loop
vertex 274.825 -148.425 1.5
vertex 257.3 -138.9 1.5
vertex 252.25 -138.9 1.5
endloop
endfacet
facet normal 0 0 1
outer loop
vertex 274.825 -148.425 1.5
vertex 252.25 -138.9 1.5
vertex 252.25 -148.425 1.5
endloop
endfacet
facet normal 0 0 1
outer loop
vertex 314.45 -148.425 1.5
vertex 314.45 -138.9 1.5
vertex 309.4 -138.9 1.5
endloop
endfacet
facet normal 0 0 1
outer loop
vertex 314.45 -148.425 1.5
vertex 309.4 -138.9 1.5
vertex 295.4 -138.9 1.5
endloop
endfacet
facet normal 0 0 1
outer loop
vertex 314.45 -148.425 1.5
vertex 295.4 -138.9 1.5
vertex 291.875 -138.9 1.5
endloop
endfacet
facet normal 0 0 1
outer loop
vertex 314.45 -148.425 1.5
vertex 291.875 -138.9 1.5
vertex 291.875 -148.425 1.5
endloop
endfacet
facet normal 0 0 1
outer loop
vertex 390.65 -143.95 1.5
vertex 404.65 -143.95 1.5
vertex 409.7 -143.95 1.5
endloop
endfacet
facet normal 0 0 1
outer loop
vertex 390.65 -143.95 1.5
vertex 409.7 -143.95 1.5
vertex 423.7 -143.95 1.5
endloop
endfacet
facet normal 0 0 1
outer loop
vertex 390.65 -143.95 1.5
vertex 423.7 -143.95 1.5
vertex 427.225 -143.95 1.5
endloop
endfacet
facet normal 0 0 1
outer loop
vertex 390.65 -143.95 1.5
vertex 427.225 -143.95 1.5
vertex 427.225 -138.9 1.5
endloop
endfacet
facet normal 0 0 1
outer loop
vertex 390.65 -143.95 1.5
vertex 427.225 -138.9 1.5
vertex 423.7 -138.9 1.5
endloop
endfacet
facet normal 0 0 1
outer loop
vertex 390.65 -143.95 1.5
vertex 423.7 -138.9 1.5
vertex 409.7 -138.9 1.5
endloop
endfacet
facet normal 0 0 1
outer loop
vertex 390.65 -143.95 1.5
vertex 409.7 -138.9 1.5
vertex 404.65 -138.9 1.5
endloop
endfacet
facet normal 0 0 1
outer loop
vertex 390.65 -143.95 1.5
vertex 404.65 -138.9 1.5
vertex 390.65 -138.9 1.5
endloop
endfacet
facet normal 0 0 1
outer loop
vertex 390.65 -143.95 1.5
vertex 390.65 -138.9 1.5
vertex 385.6 -138.9 1.5
endloop
endfacet
facet normal 0 0 1
outer loop
vertex 390.65 -143.95 1.5
vertex 385.6 -138.9 1.5
vertex 385.6 -143.95 1.5
endloop
endfacet
facet normal 0 0 1
outer loop
vertex 181.1 -138.9 1.5
vertex 181.1 -134.425 1.5
vertex 176.05 -134.425 1.5
endloop
endfacet
facet normal 0 0 1
outer loop
vertex 181.1 -138.9 1.5
vertex 176.05 -134.425 1.5
vertex 176.05 -138.9 1.5
endloop
endfacet
facet normal 0 0 1
outer loop
vertex 200.15 -143.6625 1.5
vertex 200.15 -134.425 1.5
vertex 195.1 -134.425 1.5
endloop
endfacet
facet normal 0 0 1
outer loop
vertex 200.15 -143.6625 1.5
vertex 195.1 -134.425 1.5
vertex 195.1 -143.6625 1.5
endloop
endfacet
facet normal 0 0 1
outer loop
vertex 238.25 -146.04375 1.5
vertex 238.25 -134.425 1.5
vertex 233.2 -134.425 1.5
endloop
endfacet
facet normal 0 0 1
outer loop
vertex 238.25 -146.04375 1.5
vertex 233.2 -134.425 1.5
vertex 233.2 -146.04375 1.5
endloop
endfacet
facet normal 0 0 1
outer loop
vertex 257.3 -138.9 1.5
vertex 257.3 -134.425 1.5
vertex 252.25 -134.425 1.5
endloop
endfacet
facet normal 0 0 1
outer loop
vertex 257.3 -138.9 1.5
vertex 252.25 -134.425 1.5
vertex 252.25 -138.9 1.5
endloop
endfacet
facet normal 0 0 1
outer loop
vertex 314.45 -138.9 1.5
vertex 314.45 -134.425 1.5
vertex 309.4 -134.425 1.5
endloop
endfacet
facet normal 0 0 1
outer loop
vertex 314.45 -138.9 1.5
vertex 309.4 -134.425 1.5
vertex 309.4 -138.9 1.5
endloop
endfacet
facet normal 0 0 1
outer loop
vertex 333.5 -146.04375 1.5
vertex 333.5 -134.425 1.5
vertex 328.45 -134.425 1.5
endloop
endfacet
facet normal 0 0 1
outer loop
vertex 333.5 -146.04375 1.5
vertex 328.45 -134.425 1.5
vertex 328.45 -146.04375 1.5
endloop
endfacet
facet normal 0 0 1
outer loop
vertex 371.6 -143.6625 1.5
vertex 371.6 -134.425 1.5
vertex 366.55 -134.425 1.5
endloop
endfacet
facet normal 0 0 1
outer loop
vertex 371.6 -143.6625 1.5
vertex 366.55 -134.425 1.5
vertex 366.55 -143.6625 1.5
endloop
endfacet
facet normal 0 0 1
outer loop
vertex 390.65 -138.9 1.5
vertex 390.65 -134.425 1.5
vertex 385.6 -134.425 1.5
endloop
endfacet
facet normal 0 0 1
outer loop
vertex 390.65 -138.9 1.5
vertex 385.6 -134.425 1.5
vertex 385.6 -138.9 1.5
endloop
endfacet
facet normal 0 0 1
outer loop
vertex 219.2 -143.6625 1.5
vertex 219.2 -132.04375 1.5
vertex 214.15 -132.04375 1.5
endloop
endfacet
facet normal 0 0 1
outer loop
vertex 219.2 -143.6625 1.5
vertex 214.15 -132.04375 1.5
vertex 214.15 -143.6625 1.5
endloop
endfacet
facet normal 0 0 1
outer loop
vertex 238.25 -134.425 1.5
vertex 252.25 -134.425 1.5
vertex 257.3 -134.425 1.5
endloop
endfacet
facet normal 0 0 1
outer loop
vertex 238.25 -134.425 1.5
vertex 257.3 -134.425 1.5
vertex 257.3 -132.04375 1.5
endloop
endfacet
facet normal 0 0 1
outer loop
vertex 238.25 -134.425 1.5
vertex 257.3 -132.04375 1.5
vertex 233.2 -132.04375 1.5
endloop
endfacet
facet normal 0 0 1
outer loop
vertex 238.25 -134.425 1.5
vertex 233.2 -132.04375 1.5
vertex 233.2 -134.425 1.5
endloop
endfacet
facet normal 0 0 1
outer loop
vertex 314.45 -134.425 1.5
vertex 328.45 -134.425 1.5
vertex 333.5 -134.425 1.5
endloop
endfacet
facet normal 0 0 1
outer loop
vertex 314.45 -134.425 1.5
vertex 333.5 -134.425 1.5
vertex 333.5 -132.04375 1.5
endloop
endfacet
facet normal 0 0 1
outer loop
vertex 314.45 -134.425 1.5
vertex 333.5 -132.04375 1.5
vertex 309.4 -132.04375 1.5
endloop
endfacet
facet normal 0 0 1
outer loop
vertex 314.45 -134.425 1.5
vertex 309.4 -132.04375 1.5
vertex 309.4 -134.425 1.5
endloop
endfacet
facet normal 0 0 1
outer loop
vertex 352.55 -143.6625 1.5
vertex 352.55 -132.04375 1.5
vertex 347.5 -132.04375 1.5
endloop
endfacet
facet normal 0 0 1
outer loop
vertex 352.55 -143.6625 1.5
vertex 347.5 -132.04375 1.5
vertex 347.5 -143.6625 1.5
endloop
endfacet
facet normal 0 0 1
outer loop
vertex 181.1 -134.425 1.5
vertex 195.1 -134.425 1.5
vertex 200.15 -134.425 1.5
endloop
endfacet
facet normal 0 0 1
outer loop
vertex 181.1 -134.425 1.5
vertex 200.15 -134.425 1.5
vertex 200.15 -129.6625 1.5
endloop
endfacet
facet normal 0 0 1
outer loop
vertex 181.1 -134.425 1.5
vertex 200.15 -129.6625 1.5
vertex 176.05 -129.6625 1.5
endloop
endfacet
facet normal 0 0 1
outer loop
vertex 181.1 -134.425 1.5
vertex 176.05 -129.6625 1.5
vertex 176.05 -134.425 1.5
endloop
endfacet
facet normal 0 0 1
outer loop
vertex 219.2 -132.04375 1.5
vertex 233.2 -132.04375 1.5
vertex 257.3 -132.04375 1.5
endloop
endfacet
facet normal 0 0 1
outer loop
vertex 219.2 -132.04375 1.5
vertex 257.3 -132.04375 1.5
vertex 257.3 -129.6625 1.5
endloop
endfacet
facet normal 0 0 1
outer loop
vertex 219.2 -132.04375 1.5
vertex 257.3 -129.6625 1.5
vertex 214.15 -129.6625 1.5
endloop
endfacet
facet normal 0 0 1
outer loop
vertex 219.2 -132.04375 1.5
vertex 214.15 -129.6625 1.5
vertex 214.15 -132.04375 1.5
endloop
endfacet
facet normal 0 0 1
outer loop
vertex 333.5 -132.04375 1.5
vertex 347.5 -132.04375 1.5
vertex 352.55 -132.04375 1.5
endloop
endfacet
facet normal 0 0 1
outer loop
vertex 333.5 -132.04375 1.5
vertex 352.55 -132.04375 1.5
vertex 352.55 -129.6625 1.5
endloop
endfacet
facet normal 0 0 1
outer loop
vertex 333.5 -132.04375 1.5
vertex 352.55 -129.6625 1.5
vertex 309.4 -129.6625 1.5
endloop
endfacet
facet normal 0 0 1
outer loop
vertex 333.5 -132.04375 1.5
vertex 309.4 -129.6625 1.5
vertex 309.4 -132.04375 1.5
endloop
endfacet
facet normal 0 0 1
outer loop
vertex 371.6 -134.425 1.5
vertex 385.6 -134.425 1.5
vertex 390.65 -134.425 1.5
endloop
endfacet
facet normal 0 0 1
outer loop
vertex 371.6 -134.425 1.5
vertex 390.65 -134.425 1.5
vertex 390.65 -129.6625 1.5
endloop
endfacet
facet normal 0 0 1
outer loop
vertex 371.6 -134.425 1.5
vertex 390.65 -129.6625 1.5
vertex 366.55 -129.6625 1.5
endloop
endfacet
facet normal 0 0 1
outer loop
vertex 371.6 -134.425 1.5
vertex 366.55 -129.6625 1.5
vertex 366.55 -134.425 1.5
endloop
endfacet
facet normal 0 0 1
outer loop
vertex 200.15 -129.6625 1.5
vertex 214.15 -129.6625 1.5
vertex 257.3 -129.6625 1.5
endloop
endfacet
facet normal 0 0 1
outer loop
vertex 200.15 -129.6625 1.5
vertex 257.3 -129.6625 1.5
vertex 257.3 -129.375 1.5
endloop
endfacet
facet normal 0 0 1
outer loop
vertex 200.15 -129.6625 1.5
vertex 257.3 -129.375 1.5
vertex 252.25 -129.375 1.5
endloop
endfacet
facet normal 0 0 1
outer loop
vertex 200.15 -129.6625 1.5
vertex 252.25 -129.375 1.5
vertex 238.25 -129.375 1.5
endloop
endfacet
facet normal 0 0 1
outer loop
vertex 200.15 -129.6625 1.5
vertex 238.25 -129.375 1.5
vertex 195.1 -129.375 1.5
endloop
endfacet
facet normal 0 0 1
outer loop
vertex 200.15 -129.6625 1.5
vertex 195.1 -129.375 1.5
vertex 181.1 -129.375 1.5
endloop
endfacet
facet normal 0 0 1
outer loop
vertex 200.15 -129.6625 1.5
vertex 181.1 -129.375 1.5
vertex 176.05 -129.375 1.5
endloop
endfacet
facet normal 0 0 1
outer loop
vertex 200.15 -129.6625 1.5
vertex 176.05 -129.375 1.5
vertex 176.05 -129.6625 1.5
endloop
endfacet
facet normal 0 0 1
outer loop
vertex 352.55 -129.6625 1.5
vertex 366.55 -129.6625 1.5
vertex 390.65 -129.6625 1.5
endloop
endfacet
facet normal 0 0 1
outer loop
vertex 352.55 -129.6625 1.5
vertex 390.65 -129.6625 1.5
vertex 390.65 -129.375 1.5
endloop
endfacet
facet normal 0 0 1
outer loop
vertex 352.55 -129.6625 1.5
vertex 390.65 -129.375 1.5
vertex 385.6 -129.375 1.5
endloop
endfacet
facet normal 0 0 1
outer loop
vertex 352.55 -129.6625 1.5
vertex 385.6 -129.375 1.5
vertex 371.6 -129.375 1.5
endloop
endfacet
facet normal 0 0 1
outer loop
vertex 352.55 -129.6625 1.5
vertex 371.6 -129.375 1.5
vertex 328.45 -129.375 1.5
endloop
endfacet
facet normal 0 0 1
outer loop
vertex 352.55 -129.6625 1.5
vertex 328.45 -129.375 1.5
vertex 314.45 -129.375 1.5
endloop
endfacet
facet normal 0 0 1
outer loop
vertex 352.55 -129.6625 1.5
vertex 314.45 -129.375 1.5
vertex 309.4 -129.375 1.5
endloop
endfacet
facet normal 0 0 1
outer loop
vertex 352.55 -129.6625 1.5
vertex 309.4 -129.375 1.5
vertex 309.4 -129.6625 1.5
endloop
endfacet
facet normal 0 0 1
outer loop
vertex 238.25 -129.375 1.5
vertex 238.25 -126.99375 1.5
vertex 233.2 -126.99375 1.5
endloop
endfacet
facet normal 0 0 1
outer loop
vertex 238.25 -129.375 1.5
vertex 233.2 -126.99375 1.5
vertex 219.2 -126.99375 1.5
endloop
endfacet
facet normal 0 0 1
outer loop
vertex 238.25 -129.375 1.5
vertex 219.2 -126.99375 1.5
vertex 195.1 -126.99375 1.5
endloop
endfacet
facet normal 0 0 1
outer loop
vertex 238.25 -129.375 1.5
vertex 195.1 -126.99375 1.5
vertex 195.1 -129.375 1.5
endloop
endfacet
facet normal 0 0 1
outer loop
vertex 371.6 -129.375 1.5
vertex 371.6 -126.99375 1.5
vertex 347.5 -126.99375 1.5
endloop
endfacet
facet normal 0 0 1
outer loop
vertex 371.6 -129.375 1.5
vertex 347.5 -126.99375 1.5
vertex 333.5 -126.99375 1.5
endloop
endfacet
facet normal 0 0 1
outer loop
vertex 371.6 -129.375 1.5
vertex 333.5 -126.99375 1.5
vertex 328.45 -126.99375 1.5
endloop
endfacet
facet normal 0 0 1
outer loop
vertex 371.6 -129.375 1.5
vertex 328.45 -126.99375 1.5
vertex 328.45 -129.375 1.5
endloop
endfacet
facet normal 0 0 1
outer loop
vertex 143 -138.9 1.5
vertex 143 -124.9 1.5
vertex 139.475 -124.9 1.5
endloop
endfacet
facet normal 0 0 1
outer loop
vertex 143 -138.9 1.5
vertex 139.475 -124.9 1.5
vertex 139.475 -138.9 1.5
endloop
endfacet
facet normal 0 0 1
outer loop
vertex 162.05 -138.9 1.5
vertex 162.05 -124.9 1.5
vertex 157 -124.9 1.5
endloop
endfacet
facet normal 0 0 1
outer loop
vertex 162.05 -138.9 1.5
vertex 157 -124.9 1.5
vertex 157 -138.9 1.5
endloop
endfacet
facet normal 0 0 1
outer loop
vertex 181.1 -129.375 1.5
vertex 181.1 -124.9 1.5
vertex 176.05 -124.9 1.5
endloop
endfacet
facet normal 0 0 1
outer loop
vertex 181.1 -129.375 1.5
vertex 176.05 -124.9 1.5
vertex 176.05 -129.375 1.5
endloop
endfacet
facet normal 0 0 1
outer loop
vertex 257.3 -129.375 1.5
vertex 257.3 -124.9 1.5
vertex 252.25 -124.9 1.5
endloop
endfacet
facet normal 0 0 1
outer loop
vertex 257.3 -129.375 1.5
vertex 252.25 -124.9 1.5
vertex 252.25 -129.375 1.5
endloop
endfacet
facet normal 0 0 1
outer loop
vertex 274.825 -138.9 1.5
vertex 274.825 -124.9 1.5
vertex 271.3 -124.9 1.5
endloop
endfacet
facet normal 0 0 1
outer loop
vertex 274.825 -138.9 1.5
vertex 271.3 -124.9 1.5
vertex 271.3 -138.9 1.5
endloop
endfacet
facet normal 0 0 1
outer loop
vertex 295.4 -138.9 1.5
vertex 295.4 -124.9 1.5
vertex 291.875 -124.9 1.5
endloop
endfacet
facet normal 0 0 1
outer loop
vertex 295.4 -138.9 1.5
vertex 291.875 -124.9 1.5
vertex 291.875 -138.9 1.5
endloop
endfacet
facet normal 0 0 1
outer loop
vertex 314.45 -129.375 1.5
vertex 314.45 -124.9 1.5
vertex 309.4 -124.9 1.5
endloop
endfacet
facet normal 0 0 1
outer loop
vertex 314.45 -129.375 1.5
vertex 309.4 -124.9 1.5
vertex 309.4 -129.375 1.5
endloop
endfacet
facet normal 0 0 1
outer loop
vertex 390.65 -129.375 1.5
vertex 390.65 -124.9 1.5
vertex 385.6 -124.9 1.5
endloop
endfacet
facet normal 0 0 1
outer loop
vertex 390.65 -129.375 1.5
vertex 385.6 -124.9 1.5
vertex 385.6 -129.375 1.5
endloop
endfacet
facet normal 0 0 1
outer loop
vertex 409.7 -138.9 1.5
vertex 409.7 -124.9 1.5
vertex 404.65 -124.9 1.5
endloop
endfacet
facet normal 0 0 1
outer loop
vertex 409.7 -138.9 1.5
vertex 404.65 -124.9 1.5
vertex 404.65 -138.9 1.5
endloop
endfacet
facet normal 0 0 1
outer loop
vertex 427.225 -138.9 1.5
vertex 427.225 -124.9 1.5
vertex 423.7 -124.9 1.5
endloop
endfacet
facet normal 0 0 1
outer loop
vertex 427.225 -138.9 1.5
vertex 423.7 -124.9 1.5
vertex 423.7 -138.9 1.5
endloop
endfacet
facet normal 0 0 1
outer loop
vertex 219.2 -126.99375 1.5
vertex 219.2 -124.6125 1.5
vertex 214.15 -124.6125 1.5
endloop
endfacet
facet normal 0 0 1
outer loop
vertex 219.2 -126.99375 1.5
vertex 214.15 -124.6125 1.5
vertex 200.15 -124.6125 1.5
endloop
endfacet
facet normal 0 0 1
outer loop
vertex 219.2 -126.99375 1.5
vertex 200.15 -124.6125 1.5
vertex 195.1 -124.6125 1.5
endloop
endfacet
facet normal 0 0 1
outer loop
vertex 219.2 -126.99375 1.5
vertex 195.1 -124.6125 1.5
vertex 195.1 -126.99375 1.5
endloop
endfacet
facet normal 0 0 1
outer loop
vertex 371.6 -126.99375 1.5
vertex 371.6 -124.6125 1.5
vertex 366.55 -124.6125 1.5
endloop
endfacet
facet normal 0 0 1
outer loop
vertex 371.6 -126.99375 1.5
vertex 366.55 -124.6125 1.5
vertex 352.55 -124.6125 1.5
endloop
endfacet
facet normal 0 0 1
outer loop
vertex 371.6 -126.99375 1.5
vertex 352.55 -124.6125 1.5
vertex 347.5 -124.6125 1.5
endloop
endfacet
facet normal 0 0 1
outer loop
vertex 371.6 -126.99375 1.5
vertex 347.5 -124.6125 1.5
vertex 347.5 -126.99375 1.5
endloop
endfacet
facet normal 0 0 1
outer loop
vertex 143 -124.9 1.5
vertex 157 -124.9 1.5
vertex 162.05 -124.9 1.5
endloop
endfacet
facet normal 0 0 1
outer loop
vertex 143 -124.9 1.5
vertex 162.05 -124.9 1.5
vertex 176.05 -124.9 1.5
endloop
endfacet
facet normal 0 0 1
outer loop
vertex 143 -124.9 1.5
vertex 176.05 -124.9 1.5
vertex 181.1 -124.9 1.5
endloop
endfacet
facet normal 0 0 1
outer loop
vertex 143 -124.9 1.5
vertex 181.1 -124.9 1.5
vertex 181.1 -119.85 1.5
endloop
endfacet
facet normal 0 0 1
outer loop
vertex 143 -124.9 1.5
vertex 181.1 -119.85 1.5
vertex 176.05 -119.85 1.5
endloop
endfacet
facet normal 0 0 1
outer loop
vertex 143 -124.9 1.5
vertex 176.05 -119.85 1.5
vertex 162.05 -119.85 1.5
endloop
endfacet
facet normal 0 0 1
outer loop
vertex 143 -124.9 1.5
vertex 162.05 -119.85 1.5
vertex 157 -119.85 1.5
endloop
endfacet
facet normal 0 0 1
outer loop
vertex 143 -124.9 1.5
vertex 157 -119.85 1.5
vertex 143 -119.85 1.5
endloop
endfacet
facet normal 0 0 1
outer loop
vertex 143 -124.9 1.5
vertex 143 -119.85 1.5
vertex 139.475 -119.85 1.5
endloop
endfacet
facet normal 0 0 1
outer loop
vertex 143 -124.9 1.5
vertex 139.475 -119.85 1.5
vertex 139.475 -124.9 1.5
endloop
endfacet
facet normal 0 0 1
outer loop
vertex 257.3 -124.9 1.5
vertex 271.3 -124.9 1.5
vertex 274.825 -124.9 1.5
endloop
endfacet
facet normal 0 0 1
outer loop
vertex 257.3 -124.9 1.5
vertex 274.825 -124.9 1.5
vertex 274.825 -119.85 1.5
endloop
endfacet
facet normal 0 0 1
outer loop
vertex 257.3 -124.9 1.5
vertex 274.825 -119.85 1.5
vertex 271.3 -119.85 1.5
endloop
endfacet
facet normal 0 0 1
outer loop
vertex 257.3 -124.9 1.5
vertex 271.3 -119.85 1.5
vertex 257.3 -119.85 1.5
endloop
endfacet
facet normal 0 0 1
outer loop
vertex 257.3 -124.9 1.5
vertex 257.3 -119.85 1.5
vertex 252.25 -119.85 1.5
endloop
endfacet
facet normal 0 0 1
outer loop
vertex 257.3 -124.9 1.5
vertex 252.25 -119.85 1.5
vertex 252.25 -124.9 1.5
endloop
endfacet
facet normal 0 0 1
outer loop
vertex 295.4 -124.9 1.5
vertex 309.4 -124.9 1.5
vertex 314.45 -124.9 1.5
endloop
endfacet
facet normal 0 0 1
outer loop
vertex 295.4 -124.9 1.5
vertex 314.45 -124.9 1.5
vertex 314.45 -119.85 1.5
endloop
endfacet
facet normal 0 0 1
outer loop
vertex 295.4 -124.9 1.5
vertex 314.45 -119.85 1.5
vertex 309.4 -119.85 1.5
endloop
endfacet
facet normal 0 0 1
outer loop
vertex 295.4 -124.9 1.5
vertex 309.4 -119.85 1.5
vertex 295.4 -119.85 1.5
endloop
endfacet
facet normal 0 0 1
outer loop
vertex 295.4 -124.9 1.5
vertex 295.4 -119.85 1.5
vertex 291.875 -119.85 1.5
endloop
endfacet
facet normal 0 0 1
outer loop
vertex 295.4 -124.9 1.5
vertex 291.875 -119.85 1.5
vertex 291.875 -124.9 1.5
endloop
endfacet
facet normal 0 0 1
outer loop
vertex 390.65 -124.9 1.5
vertex 404.65 -124.9 1.5
vertex 409.7 -124.9 1.5
endloop
endfacet
facet normal 0 0 1
outer loop
vertex 390.65 -124.9 1.5
vertex 409.7 -124.9 1.5
vertex 423.7 -124.9 1.5
endloop
endfacet
facet normal 0 0 1
outer loop
vertex 390.65 -124.9 1.5
vertex 423.7 -124.9 1.5
vertex 427.225 -124.9 1.5
endloop
endfacet
facet normal 0 0 1
outer loop
vertex 390.65 -124.9 1.5
vertex 427.225 -124.9 1.5
vertex 427.225 -119.85 1.5
endloop
endfacet
facet normal 0 0 1
outer loop
vertex 390.65 -124.9 1.5
vertex 427.225 -119.85 1.5
vertex 423.7 -119.85 1.5
endloop
endfacet
facet normal 0 0 1
outer loop
vertex 390.65 -124.9 1.5
vertex 423.7 -119.85 1.5
vertex 409.7 -119.85 1.5
endloop
endfacet
facet normal 0 0 1
outer loop
vertex 390.65 -124.9 1.5
vertex 409.7 -119.85 1.5
vertex 404.65 -119.85 1.5
endloop
endfacet
facet normal 0 0 1
outer loop
vertex 390.65 -124.9 1.5
vertex 404.65 -119.85 1.5
vertex 390.65 -119.85 1.5
endloop
endfacet
facet normal 0 0 1
outer loop
vertex 390.65 -124.9 1.5
vertex 390.65 -119.85 1.5
vertex 385.6 -119.85 1.5
endloop
endfacet
facet normal 0 0 1
outer loop
vertex 390.65 -124.9 1.5
vertex 385.6 -119.85 1.5
vertex 385.6 -124.9 1.5
endloop
endfacet
facet normal 0 0 1
outer loop
vertex 181.1 -119.85 1.5
vertex 181.1 -115.375 1.5
vertex 176.05 -115.375 1.5
endloop
endfacet
facet normal 0 0 1
outer loop
vertex 181.1 -119.85 1.5
vertex 176.05 -115.375 1.5
vertex 176.05 -119.85 1.5
endloop
endfacet
facet normal 0 0 1
outer loop
vertex 200.15 -124.6125 1.5
vertex 200.15 -115.375 1.5
vertex 195.1 -115.375 1.5
endloop
endfacet
facet normal 0 0 1
outer loop
vertex 200.15 -124.6125 1.5
vertex 195.1 -115.375 1.5
vertex 195.1 -124.6125 1.5
endloop
endfacet
facet normal 0 0 1
outer loop
vertex 238.25 -126.99375 1.5
vertex 238.25 -115.375 1.5
vertex 233.2 -115.375 1.5
endloop
endfacet
facet normal 0 0 1
outer loop
vertex 238.25 -126.99375 1.5
vertex 233.2 -115.375 1.5
vertex 233.2 -126.99375 1.5
endloop
endfacet
facet normal 0 0 1
outer loop
vertex 257.3 -119.85 1.5
vertex 257.3 -115.375 1.5
vertex 252.25 -115.375 1.5
endloop
endfacet
facet normal 0 0 1
outer loop
vertex 257.3 -119.85 1.5
vertex 252.25 -115.375 1.5
vertex 252.25 -119.85 1.5
endloop
endfacet
facet normal 0 0 1
outer loop
vertex 314.45 -119.85 1.5
vertex 314.45 -115.375 1.5
vertex 309.4 -115.375 1.5
endloop
endfacet
facet normal 0 0 1
outer loop
vertex 314.45 -119.85 1.5
vertex 309.4 -115.375 1.5
vertex 309.4 -119.85 1.5
endloop
endfacet
facet normal 0 0 1
outer loop
vertex 333.5 -126.99375 1.5
vertex 333.5 -115.375 1.5
vertex 328.45 -115.375 1.5
endloop
endfacet
facet normal 0 0 1
outer loop
vertex 333.5 -126.99375 1.5
vertex 328.45 -115.375 1.5
vertex 328.45 -126.99375 1.5
endloop
endfacet
facet normal 0 0 1
outer loop
vertex 371.6 -124.6125 1.5
vertex 371.6 -115.375 1.5
vertex 366.55 -115.375 1.5
endloop
endfacet
facet normal 0 0 1
outer loop
vertex 371.6 -124.6125 1.5
vertex 366.55 -115.375 1.5
vertex 366.55 -124.6125 1.5
endloop
endfacet
facet normal 0 0 1
outer loop
vertex 390.65 -119.85 1.5
vertex 390.65 -115.375 1.5
vertex 385.6 -115.375 1.5
endloop
endfacet
facet normal 0 0 1
outer loop
vertex 390.65 -119.85 1.5
vertex 385.6 -115.375 1.5
vertex 385.6 -119.85 1.5
endloop
endfacet
facet normal 0 0 1
outer loop
vertex 219.2 -124.6125 1.5
vertex 219.2 -112.99375 1.5
vertex 214.15 -112.99375 1.5
endloop
endfacet
facet normal 0 0 1
outer loop
vertex 219.2 -124.6125 1.5
vertex 214.15 -112.99375 1.5
vertex 214.15 -124.6125 1.5
endloop
endfacet
facet normal 0 0 1
outer loop
vertex 238.25 -115.375 1.5
vertex 252.25 -115.375 1.5
vertex 257.3 -115.375 1.5
endloop
endfacet
facet normal 0 0 1
outer loop
vertex 238.25 -115.375 1.5
vertex 257.3 -115.375 1.5
vertex 257.3 -112.99375 1.5
endloop
endfacet
facet normal 0 0 1
outer loop
vertex 238.25 -115.375 1.5
vertex 257.3 -112.99375 1.5
vertex 233.2 -112.99375 1.5
endloop
endfacet
facet normal 0 0 1
outer loop
vertex 238.25 -115.375 1.5
vertex 233.2 -112.99375 1.5
vertex 233.2 -115.375 1.5
endloop
endfacet
facet normal 0 0 1
outer loop
vertex 314.45 -115.375 1.5
vertex 328.45 -115.375 1.5
vertex 333.5 -115.375 1.5
endloop
endfacet
facet normal 0 0 1
outer loop
vertex 314.45 -115.375 1.5
vertex 333.5 -115.375 1.5
vertex 333.5 -112.99375 1.5
endloop
endfacet
facet normal 0 0 1
outer loop
vertex 314.45 -115.375 1.5
vertex 333.5 -112.99375 1.5
vertex 309.4 -112.99375 1.5
endloop
endfacet
facet normal 0 0 1
outer loop
vertex 314.45 -115.375 1.5
vertex 309.4 -112.99375 1.5
vertex 309.4 -115.375 1.5
endloop
endfacet
facet normal 0 0 1
outer loop
vertex 352.55 -124.6125 1.5
vertex 352.55 -112.99375 1.5
vertex 347.5 -112.99375 1.5
endloop
endfacet
facet normal 0 0 1
outer loop
vertex 352.55 -124.6125 1.5
vertex 347.5 -112.99375 1.5
vertex 347.5 -124.6125 1.5
endloop
endfacet
facet normal 0 0 1
outer loop
vertex 181.1 -115.375 1.5
vertex 195.1 -115.375 1.5
vertex 200.15 -115.375 1.5
endloop
endfacet
facet normal 0 0 1
outer loop
vertex 181.1 -115.375 1.5
vertex 200.15 -115.375 1.5
vertex 200.15 -110.6125 1.5
endloop
endfacet
facet normal 0 0 1
outer loop
vertex 181.1 -115.375 1.5
vertex 200.15 -110.6125 1.5
vertex 176.05 -110.6125 1.5
endloop
endfacet
facet normal 0 0 1
outer loop
vertex 181.1 -115.375 1.5
vertex 176.05 -110.6125 1.5
vertex 176.05 -115.375 1.5
endloop
endfacet
facet normal 0 0 1
outer loop
vertex 219.2 -112.99375 1.5
vertex 233.2 -112.99375 1.5
vertex 257.3 -112.99375 1.5
endloop
endfacet
facet normal 0 0 1
outer loop
vertex 219.2 -112.99375 1.5
vertex 257.3 -112.99375 1.5
vertex 257.3 -110.6125 1.5
endloop
endfacet
facet normal 0 0 1
outer loop
vertex 219.2 -112.99375 1.5
vertex 257.3 -110.6125 1.5
vertex 214.15 -110.6125 1.5
endloop
endfacet
facet normal 0 0 1
outer loop
vertex 219.2 -112.99375 1.5
vertex 214.15 -110.6125 1.5
vertex 214.15 -112.99375 1.5
endloop
endfacet
facet normal 0 0 1
outer loop
vertex 333.5 -112.99375 1.5
vertex 347.5 -112.99375 1.5
vertex 352.55 -112.99375 1.5
endloop
endfacet
facet normal 0 0 1
outer loop
vertex 333.5 -112.99375 1.5
vertex 352.55 -112.99375 1.5
vertex 352.55 -110.6125 1.5
endloop
endfacet
facet normal 0 0 1
outer loop
vertex 333.5 -112.99375 1.5
vertex 352.55 -110.6125 1.5
vertex 309.4 -110.6125 1.5
endloop
endfacet
facet normal 0 0 1
outer loop
vertex 333.5 -112.99375 1.5
vertex 309.4 -110.6125 1.5
vertex 309.4 -112.99375 1.5
endloop
endfacet
facet normal 0 0 1
outer loop
vertex 371.6 -115.375 1.5
vertex 385.6 -115.375 1.5
vertex 390.65 -115.375 1.5
endloop
endfacet
facet normal 0 0 1
outer loop
vertex 371.6 -115.375 1.5
vertex 390.65 -115.375 1.5
vertex 390.65 -110.6125 1.5
endloop
endfacet
facet normal 0 0 1
outer loop
vertex 371.6 -115.375 1.5
vertex 390.65 -110.6125 1.5
vertex 366.55 -110.6125 1.5
endloop
endfacet
facet normal 0 0 1
outer loop
vertex 371.6 -115.375 1.5
vertex 366.55 -110.6125 1.5
vertex 366.55 -115.375 1.5
endloop
endfacet
facet normal 0 0 1
outer loop
vertex 200.15 -110.6125 1.5
vertex 214.15 -110.6125 1.5
vertex 257.3 -110.6125 1.5
endloop
endfacet
facet normal 0 0 1
outer loop
vertex 200.15 -110.6125 1.5
vertex 257.3 -110.6125 1.5
vertex 257.3 -110.325 1.5
endloop
endfacet
facet normal 0 0 1
outer loop
vertex 200.15 -110.6125 1.5
vertex 257.3 -110.325 1.5
vertex 252.25 -110.325 1.5
endloop
endfacet
facet normal 0 0 1
outer loop
vertex 200.15 -110.6125 1.5
vertex 252.25 -110.325 1.5
vertex 238.25 -110.325 1.5
endloop
endfacet
facet normal 0 0 1
outer loop
vertex 200.15 -110.6125 1.5
vertex 238.25 -110.325 1.5
vertex 195.1 -110.325 1.5
endloop
endfacet
facet normal 0 0 1
outer loop
vertex 200.15 -110.6125 1.5
vertex 195.1 -110.325 1.5
vertex 181.1 -110.325 1.5
endloop
endfacet
facet normal 0 0 1
outer loop
vertex 200.15 -110.6125 1.5
vertex 181.1 -110.325 1.5
vertex 176.05 -110.325 1.5
endloop
endfacet
facet normal 0 0 1
outer loop
vertex 200.15 -110.6125 1.5
vertex 176.05 -110.325 1.5
vertex 176.05 -110.6125 1.5
endloop
endfacet
facet normal 0 0 1
outer loop
vertex 352.55 -110.6125 1.5
vertex 366.55 -110.6125 1.5
vertex 390.65 -110.6125 1.5
endloop
endfacet
facet normal 0 0 1
outer loop
vertex 352.55 -110.6125 1.5
vertex 390.65 -110.6125 1.5
vertex 390.65 -110.325 1.5
endloop
endfacet
facet normal 0 0 1
outer loop
vertex 352.55 -110.6125 1.5
vertex 390.65 -110.325 1.5
vertex 385.6 -110.325 1.5
endloop
endfacet
facet normal 0 0 1
outer loop
vertex 352.55 -110.6125 1.5
vertex 385.6 -110.325 1.5
vertex 371.6 -110.325 1.5
endloop
endfacet
facet normal 0 0 1
outer loop
vertex 352.55 -110.6125 1.5
vertex 371.6 -110.325 1.5
vertex 328.45 -110.325 1.5
endloop
endfacet
facet normal 0 0 1
outer loop
vertex 352.55 -110.6125 1.5
vertex 328.45 -110.325 1.5
vertex 314.45 -110.325 1.5
endloop
endfacet
facet normal 0 0 1
outer loop
vertex 352.55 -110.6125 1.5
vertex 314.45 -110.325 1.5
vertex 309.4 -110.325 1.5
endloop
endfacet
facet normal 0 0 1
outer loop
vertex 352.55 -110.6125 1.5
vertex 309.4 -110.325 1.5
vertex 309.4 -110.6125 1.5
endloop
endfacet
facet normal 0 0 1
outer loop
vertex 238.25 -110.325 1.5
vertex 238.25 -107.94375 1.5
vertex 233.2 -107.94375 1.5
endloop
endfacet
facet normal 0 0 1
outer loop
vertex 238.25 -110.325 1.5
vertex 233.2 -107.94375 1.5
vertex 219.2 -107.94375 1.5
endloop
endfacet
facet normal 0 0 1
outer loop
vertex 238.25 -110.325 1.5
vertex 219.2 -107.94375 1.5
vertex 195.1 -107.94375 1.5
endloop
endfacet
facet normal 0 0 1
outer loop
vertex 238.25 -110.325 1.5
vertex 195.1 -107.94375 1.5
vertex 195.1 -110.325 1.5
endloop
endfacet
facet normal 0 0 1
outer loop
vertex 371.6 -110.325 1.5
vertex 371.6 -107.94375 1.5
vertex 347.5 -107.94375 1.5
endloop
endfacet
facet normal 0 0 1
outer loop
vertex 371.6 -110.325 1.5
vertex 347.5 -107.94375 1.5
vertex 333.5 -107.94375 1.5
endloop
endfacet
facet normal 0 0 1
outer loop
vertex 371.6 -110.325 1.5
vertex 333.5 -107.94375 1.5
vertex 328.45 -107.94375 1.5
endloop
endfacet
facet normal 0 0 1
outer loop
vertex 371.6 -110.325 1.5
vertex 328.45 -107.94375 1.5
vertex 328.45 -110.325 1.5
endloop
endfacet
facet normal 0 0 1
outer loop
vertex 143 -119.85 1.5
vertex 143 -105.85 1.5
vertex 139.475 -105.85 1.5
endloop
endfacet
facet normal 0 0 1
outer loop
vertex 143 -119.85 1.5
vertex 139.475 -105.85 1.5
vertex 139.475 -119.85 1.5
endloop
endfacet
facet normal 0 0 1
outer loop
vertex 162.05 -119.85 1.5
vertex 162.05 -105.85 1.5
vertex 157 -105.85 1.5
endloop
endfacet
facet normal 0 0 1
outer loop
vertex 162.05 -119.85 1.5
vertex 157 -105.85 1.5
vertex 157 -119.85 1.5
endloop
endfacet
facet normal 0 0 1
outer loop
vertex 181.1 -110.325 1.5
vertex 181.1 -105.85 1.5
vertex 176.05 -105.85 1.5
endloop
endfacet
facet normal 0 0 1
outer loop
vertex 181.1 -110.325 1.5
vertex 176.05 -105.85 1.5
vertex 176.05 -110.325 1.5
endloop
endfacet
facet normal 0 0 1
outer loop
vertex 257.3 -110.325 1.5
vertex 257.3 -105.85 1.5
vertex 252.25 -105.85 1.5
endloop
endfacet
facet normal 0 0 1
outer loop
vertex 257.3 -110.325 1.5
vertex 252.25 -105.85 1.5
vertex 252.25 -110.325 1.5
endloop
endfacet
facet normal 0 0 1
outer loop
vertex 274.825 -119.85 1.5
vertex 274.825 -105.85 1.5
vertex 271.3 -105.85 1.5
endloop
endfacet
facet normal 0 0 1
outer loop
vertex 274.825 -119.85 1.5
vertex 271.3 -105.85 1.5
vertex 271.3 -119.85 1.5
endloop
endfacet
facet normal 0 0 1
outer loop
vertex 295.4 -119.85 1.5
vertex 295.4 -105.85 1.5
vertex 291.875 -105.85 1.5
endloop
endfacet
facet normal 0 0 1
outer loop
vertex 295.4 -119.85 1.5
vertex 291.875 -105.85 1.5
vertex 291.875 -119.85 1.5
endloop
endfacet
facet normal 0 0 1
outer loop
vertex 314.45 -110.325 1.5
vertex 314.45 -105.85 1.5
vertex 309.4 -105.85 1.5
endloop
endfacet
facet normal 0 0 1
outer loop
vertex 314.45 -110.325 1.5
vertex 309.4 -105.85 1.5
vertex 309.4 -110.325 1.5
endloop
endfacet
facet normal 0 0 1
outer loop
vertex 390.65 -110.325 1.5
vertex 390.65 -105.85 1.5
vertex 385.6 -105.85 1.5
endloop
endfacet
facet normal 0 0 1
outer loop
vertex 390.65 -110.325 1.5
vertex 385.6 -105.85 1.5
vertex 385.6 -110.325 1.5
endloop
endfacet
facet normal 0 0 1
outer loop
vertex 409.7 -119.85 1.5
vertex 409.7 -105.85 1.5
vertex 404.65 -105.85 1.5
endloop
endfacet
facet normal 0 0 1
outer loop
vertex 409.7 -119.85 1.5
vertex 404.65 -105.85 1.5
vertex 404.65 -119.85 1.5
endloop
endfacet
facet normal 0 0 1
outer loop
vertex 427.225 -119.85 1.5
vertex 427.225 -105.85 1.5
vertex 423.7 -105.85 1.5
endloop
endfacet
facet normal 0 0 1
outer loop
vertex 427.225 -119.85 1.5
vertex 423.7 -105.85 1.5
vertex 423.7 -119.85 1.5
endloop
endfacet
facet normal 0 0 1
outer loop
vertex 219.2 -107.94375 1.5
vertex 219.2 -105.5625 1.5
vertex 214.15 -105.5625 1.5
endloop
endfacet
facet normal 0 0 1
outer loop
vertex 219.2 -107.94375 1.5
vertex 214.15 -105.5625 1.5
vertex 200.15 -105.5625 1.5
endloop
endfacet
facet normal 0 0 1
outer loop
vertex 219.2 -107.94375 1.5
vertex 200.15 -105.5625 1.5
vertex 195.1 -105.5625 1.5
endloop
endfacet
facet normal 0 0 1
outer loop
vertex 219.2 -107.94375 1.5
vertex 195.1 -105.5625 1.5
vertex 195.1 -107.94375 1.5
endloop
endfacet
facet normal 0 0 1
outer loop
vertex 371.6 -107.94375 1.5
vertex 371.6 -105.5625 1.5
vertex 366.55 -105.5625 1.5
endloop
endfacet
facet normal 0 0 1
outer loop
vertex 371.6 -107.94375 1.5
vertex 366.55 -105.5625 1.5
vertex 352.55 -105.5625 1.5
endloop
endfacet
facet normal 0 0 1
outer loop
vertex 371.6 -107.94375 1.5
vertex 352.55 -105.5625 1.5
vertex 347.5 -105.5625 1.5
endloop
endfacet
facet normal 0 0 1
outer loop
vertex 371.6 -107.94375 1.5
vertex 347.5 -105.5625 1.5
vertex 347.5 -107.94375 1.5
endloop
endfacet
facet normal 0 0 1
outer loop
vertex 143 -105.85 1.5
vertex 157 -105.85 1.5
vertex 162.05 -105.85 1.5
endloop
endfacet
facet normal 0 0 1
outer loop
vertex 143 -105.85 1.5
vertex 162.05 -105.85 1.5
vertex 176.05 -105.85 1.5
endloop
endfacet
facet normal 0 0 1
outer loop
vertex 143 -105.85 1.5
vertex 176.05 -105.85 1.5
vertex 181.1 -105.85 1.5
endloop
endfacet
facet normal 0 0 1
outer loop
vertex 143 -105.85 1.5
vertex 181.1 -105.85 1.5
vertex 181.1 -100.8 1.5
endloop
endfacet
facet normal 0 0 1
outer loop
vertex 143 -105.85 1.5
vertex 181.1 -100.8 1.5
vertex 176.05 -100.8 1.5
endloop
endfacet
facet normal 0 0 1
outer loop
vertex 143 -105.85 1.5
vertex 176.05 -100.8 1.5
vertex 162.05 -100.8 1.5
endloop
endfacet
facet normal 0 0 1
outer loop
vertex 143 -105.85 1.5
vertex 162.05 -100.8 1.5
vertex 157 -100.8 1.5
endloop
endfacet
facet normal 0 0 1
outer loop
vertex 143 -105.85 1.5
vertex 157 -100.8 1.5
vertex 143 -100.8 1.5
endloop
endfacet
facet normal 0 0 1
outer loop
vertex 143 -105.85 1.5
vertex 143 -100.8 1.5
vertex 139.475 -100.8 1.5
endloop
endfacet
facet normal 0 0 1
outer loop
vertex 143 -105.85 1.5
vertex 139.475 -100.8 1.5
vertex 139.475 -105.85 1.5
endloop
endfacet
facet normal 0 0 1
outer loop
vertex 257.3 -105.85 1.5
vertex 271.3 -105.85 1.5
vertex 274.825 -105.85 1.5
endloop
endfacet
facet normal 0 0 1
outer loop
vertex 257.3 -105.85 1.5
vertex 274.825 -105.85 1.5
vertex 274.825 -100.8 1.5
endloop
endfacet
facet normal 0 0 1
outer loop
vertex 257.3 -105.85 1.5
vertex 274.825 -100.8 1.5
vertex 271.3 -100.8 1.5
endloop
endfacet
facet normal 0 0 1
outer loop
vertex 257.3 -105.85 1.5
vertex 271.3 -100.8 1.5
vertex 257.3 -100.8 1.5
endloop
endfacet
facet normal 0 0 1
outer loop
vertex 257.3 -105.85 1.5
vertex 257.3 -100.8 1.5
vertex 252.25 -100.8 1.5
endloop
endfacet
facet normal 0 0 1
outer loop
vertex 257.3 -105.85 1.5
vertex 252.25 -100.8 1.5
vertex 252.25 -105.85 1.5
endloop
endfacet
facet normal 0 0 1
outer loop
vertex 295.4 -105.85 1.5
vertex 309.4 -105.85 1.5
vertex 314.45 -105.85 1.5
endloop
endfacet
facet normal 0 0 1
outer loop
vertex 295.4 -105.85 1.5
vertex 314.45 -105.85 1.5
vertex 314.45 -100.8 1.5
endloop
endfacet
facet normal 0 0 1
outer loop
vertex 295.4 -105.85 1.5
vertex 314.45 -100.8 1.5
vertex 309.4 -100.8 1.5
endloop
endfacet
facet normal 0 0 1
outer loop
vertex 295.4 -105.85 1.5
vertex 309.4 -100.8 1.5
vertex 295.4 -100.8 1.5
endloop
endfacet
facet normal 0 0 1
outer loop
vertex 295.4 -105.85 1.5
vertex 295.4 -100.8 1.5
vertex 291.875 -100.8 1.5
endloop
endfacet
facet normal 0 0 1
outer loop
vertex 295.4 -105.85 1.5
vertex 291.875 -100.8 1.5
vertex 291.875 -105.85 1.5
endloop
endfacet
facet normal 0 0 1
outer loop
vertex 390.65 -105.85 1.5
vertex 404.65 -105.85 1.5
vertex 409.7 -105.85 1.5
endloop
endfacet
facet normal 0 0 1
outer loop
vertex 390.65 -105.85 1.5
vertex 409.7 -105.85 1.5
vertex 423.7 -105.85 1.5
endloop
endfacet
facet normal 0 0 1
outer loop
vertex 390.65 -105.85 1.5
vertex 423.7 -105.85 1.5
vertex 427.225 -105.85 1.5
endloop
endfacet
facet normal 0 0 1
outer loop
vertex 390.65 -105.85 1.5
vertex 427.225 -105.85 1.5
vertex 427.225 -100.8 1.5
endloop
endfacet
facet normal 0 0 1
outer loop
vertex 390.65 -105.85 1.5
vertex 427.225 -100.8 1.5
vertex 423.7 -100.8 1.5
endloop
endfacet
facet normal 0 0 1
outer loop
vertex 390.65 -105.85 1.5
vertex 423.7 -100.8 1.5
vertex 409.7 -100.8 1.5
endloop
endfacet
facet normal 0 0 1
outer loop
vertex 390.65 -105.85 1.5
vertex 409.7 -100.8 1.5
vertex 404.65 -100.8 1.5
endloop
endfacet
facet normal 0 0 1
outer loop
vertex 390.65 -105.85 1.5
vertex 404.65 -100.8 1.5
vertex 390.65 -100.8 1.5
endloop
endfacet
facet normal 0 0 1
outer loop
vertex 390.65 -105.85 1.5
vertex 390.65 -100.8 1.5
vertex 385.6 -100.8 1.5
endloop
endfacet
facet normal 0 0 1
outer loop
vertex 390.65 -105.85 1.5
vertex 385.6 -100.8 1.5
vertex 385.6 -105.85 1.5
endloop
endfacet
facet normal 0 0 1
outer loop
vertex 181.1 -100.8 1.5
vertex 181.1 -96.325 1.5
vertex 176.05 -96.325 1.5
endloop
endfacet
facet normal 0 0 1
outer loop
vertex 181.1 -100.8 1.5
vertex 176.05 -96.325 1.5
vertex 176.05 -100.8 1.5
endloop
endfacet
facet normal 0 0 1
outer loop
vertex 200.15 -105.5625 1.5
vertex 200.15 -96.325 1.5
vertex 195.1 -96.325 1.5
endloop
endfacet
facet normal 0 0 1
outer loop
vertex 200.15 -105.5625 1.5
vertex 195.1 -96.325 1.5
vertex 195.1 -105.5625 1.5
endloop
endfacet
facet normal 0 0 1
outer loop
vertex 238.25 -107.94375 1.5
vertex 238.25 -96.325 1.5
vertex 233.2 -96.325 1.5
endloop
endfacet
facet normal 0 0 1
outer loop
vertex 238.25 -107.94375 1.5
vertex 233.2 -96.325 1.5
vertex 233.2 -107.94375 1.5
endloop
endfacet
facet normal 0 0 1
outer loop
vertex 257.3 -100.8 1.5
vertex 257.3 -96.325 1.5
vertex 252.25 -96.325 1.5
endloop
endfacet
facet normal 0 0 1
outer loop
vertex 257.3 -100.8 1.5
vertex 252.25 -96.325 1.5
vertex 252.25 -100.8 1.5
endloop
endfacet
facet normal 0 0 1
outer loop
vertex 314.45 -100.8 1.5
vertex 314.45 -96.325 1.5
vertex 309.4 -96.325 1.5
endloop
endfacet
facet normal 0 0 1
outer loop
vertex 314.45 -100.8 1.5
vertex 309.4 -96.325 1.5
vertex 309.4 -100.8 1.5
endloop
endfacet
facet normal 0 0 1
outer loop
vertex 333.5 -107.94375 1.5
vertex 333.5 -96.325 1.5
vertex 328.45 -96.325 1.5
endloop
endfacet
facet normal 0 0 1
outer loop
vertex 333.5 -107.94375 1.5
vertex 328.45 -96.325 1.5
vertex 328.45 -107.94375 1.5
endloop
endfacet
facet normal 0 0 1
outer loop
vertex 371.6 -105.5625 1.5
vertex 371.6 -96.325 1.5
vertex 366.55 -96.325 1.5
endloop
endfacet
facet normal 0 0 1
outer loop
vertex 371.6 -105.5625 1.5
vertex 366.55 -96.325 1.5
vertex 366.55 -105.5625 1.5
endloop
endfacet
facet normal 0 0 1
outer loop
vertex 390.65 -100.8 1.5
vertex 390.65 -96.325 1.5
vertex 385.6 -96.325 1.5
endloop
endfacet
facet normal 0 0 1
outer loop
vertex 390.65 -100.8 1.5
vertex 385.6 -96.325 1.5
vertex 385.6 -100.8 1.5
endloop
endfacet
facet normal 0 0 1
outer loop
vertex 219.2 -105.5625 1.5
vertex 219.2 -93.94375 1.5
vertex 214.15 -93.94375 1.5
endloop
endfacet
facet normal 0 0 1
outer loop
vertex 219.2 -105.5625 1.5
vertex 214.15 -93.94375 1.5
vertex 214.15 -105.5625 1.5
endloop
endfacet
facet normal 0 0 1
outer loop
vertex 238.25 -96.325 1.5
vertex 252.25 -96.325 1.5
vertex 257.3 -96.325 1.5
endloop
endfacet
facet normal 0 0 1
outer loop
vertex 238.25 -96.325 1.5
vertex 257.3 -96.325 1.5
vertex 257.3 -93.94375 1.5
endloop
endfacet
facet normal 0 0 1
outer loop
vertex 238.25 -96.325 1.5
vertex 257.3 -93.94375 1.5
vertex 233.2 -93.94375 1.5
endloop
endfacet
facet normal 0 0 1
outer loop
vertex 238.25 -96.325 1.5
vertex 233.2 -93.94375 1.5
vertex 233.2 -96.325 1.5
endloop
endfacet
facet normal 0 0 1
outer loop
vertex 314.45 -96.325 1.5
vertex 328.45 -96.325 1.5
vertex 333.5 -96.325 1.5
endloop
endfacet
facet normal 0 0 1
outer loop
vertex 314.45 -96.325 1.5
vertex 333.5 -96.325 1.5
vertex 333.5 -93.94375 1.5
endloop
endfacet
facet normal 0 0 1
outer loop
vertex 314.45 -96.325 1.5
vertex 333.5 -93.94375 1.5
vertex 309.4 -93.94375 1.5
endloop
endfacet
facet normal 0 0 1
outer loop
vertex 314.45 -96.325 1.5
vertex 309.4 -93.94375 1.5
vertex 309.4 -96.325 1.5
endloop
endfacet
facet normal 0 0 1
outer loop
vertex 352.55 -105.5625 1.5
vertex 352.55 -93.94375 1.5
vertex 347.5 -93.94375 1.5
endloop
endfacet
facet normal 0 0 1
outer loop
vertex 352.55 -105.5625 1.5
vertex 347.5 -93.94375 1.5
vertex 347.5 -105.5625 1.5
endloop
endfacet
facet normal 0 0 1
outer loop
vertex 181.1 -96.325 1.5
vertex 195.1 -96.325 1.5
vertex 200.15 -96.325 1.5
endloop
endfacet
facet normal 0 0 1
outer loop
vertex 181.1 -96.325 1.5
vertex 200.15 -96.325 1.5
vertex 200.15 -91.5625 1.5
endloop
endfacet
facet normal 0 0 1
outer loop
vertex 181.1 -96.325 1.5
vertex 200.15 -91.5625 1.5
vertex 176.05 -91.5625 1.5
endloop
endfacet
facet normal 0 0 1
outer loop
vertex 181.1 -96.325 1.5
vertex 176.05 -91.5625 1.5
vertex 176.05 -96.325 1.5
endloop
endfacet
facet normal 0 0 1
outer loop
vertex 219.2 -93.94375 1.5
vertex 233.2 -93.94375 1.5
vertex 257.3 -93.94375 1.5
endloop
endfacet
facet normal 0 0 1
outer loop
vertex 219.2 -93.94375 1.5
vertex 257.3 -93.94375 1.5
vertex 257.3 -91.5625 1.5
endloop
endfacet
facet normal 0 0 1
outer loop
vertex 219.2 -93.94375 1.5
vertex 257.3 -91.5625 1.5
vertex 214.15 -91.5625 1.5
endloop
endfacet
facet normal 0 0 1
outer loop
vertex 219.2 -93.94375 1.5
vertex 214.15 -91.5625 1.5
vertex 214.15 -93.94375 1.5
endloop
endfacet
facet normal 0 0 1
outer loop
vertex 333.5 -93.94375 1.5
vertex 347.5 -93.94375 1.5
vertex 352.55 -93.94375 1.5
endloop
endfacet
facet normal 0 0 1
outer loop
vertex 333.5 -93.94375 1.5
vertex 352.55 -93.94375 1.5
vertex 352.55 -91.5625 1.5
endloop
endfacet
facet normal 0 0 1
outer loop
vertex 333.5 -93.94375 1.5
vertex 352.55 -91.5625 1.5
vertex 309.4 -91.5625 1.5
endloop
endfacet
facet normal 0 0 1
outer loop
vertex 333.5 -93.94375 1.5
vertex 309.4 -91.5625 1.5
vertex 309.4 -93.94375 1.5
endloop
endfacet
facet normal 0 0 1
outer loop
vertex 371.6 -96.325 1.5
vertex 385.6 -96.325 1.5
vertex 390.65 -96.325 1.5
endloop
endfacet
facet normal 0 0 1
outer loop
vertex 371.6 -96.325 1.5
vertex 390.65 -96.325 1.5
vertex 390.65 -91.5625 1.5
endloop
endfacet
facet normal 0 0 1
outer loop
vertex 371.6 -96.325 1.5
vertex 390.65 -91.5625 1.5
vertex 366.55 -91.5625 1.5
endloop
endfacet
facet normal 0 0 1
outer loop
vertex 371.6 -96.325 1.5
vertex 366.55 -91.5625 1.5
vertex 366.55 -96.325 1.5
endloop
endfacet
facet normal 0 0 1
outer loop
vertex 200.15 -91.5625 1.5
vertex 214.15 -91.5625 1.5
vertex 257.3 -91.5625 1.5
endloop
endfacet
facet normal 0 0 1
outer loop
vertex 200.15 -91.5625 1.5
vertex 257.3 -91.5625 1.5
vertex 257.3 -91.275 1.5
endloop
endfacet
facet normal 0 0 1
outer loop
vertex 200.15 -91.5625 1.5
vertex 257.3 -91.275 1.5
vertex 252.25 -91.275 1.5
endloop
endfacet
facet normal 0 0 1
outer loop
vertex 200.15 -91.5625 1.5
vertex 252.25 -91.275 1.5
vertex 238.25 -91.275 1.5
endloop
endfacet
facet normal 0 0 1
outer loop
vertex 200.15 -91.5625 1.5
vertex 238.25 -91.275 1.5
vertex 195.1 -91.275 1.5
endloop
endfacet
facet normal 0 0 1
outer loop
vertex 200.15 -91.5625 1.5
vertex 195.1 -91.275 1.5
vertex 181.1 -91.275 1.5
endloop
endfacet
facet normal 0 0 1
outer loop
vertex 200.15 -91.5625 1.5
vertex 181.1 -91.275 1.5
vertex 176.05 -91.275 1.5
endloop
endfacet
facet normal 0 0 1
outer loop
vertex 200.15 -91.5625 1.5
vertex 176.05 -91.275 1.5
vertex 176.05 -91.5625 1.5
endloop
endfacet
facet normal 0 0 1
outer loop
vertex 352.55 -91.5625 1.5
vertex 366.55 -91.5625 1.5
vertex 390.65 -91.5625 1.5
endloop
endfacet
facet normal 0 0 1
outer loop
vertex 352.55 -91.5625 1.5
vertex 390.65 -91.5625 1.5
vertex 390.65 -91.275 1.5
endloop
endfacet
facet normal 0 0 1
outer loop
vertex 352.55 -91.5625 1.5
vertex 390.65 -91.275 1.5
vertex 385.6 -91.275 1.5
endloop
endfacet
facet normal 0 0 1
outer loop
vertex 352.55 -91.5625 1.5
vertex 385.6 -91.275 1.5
vertex 371.6 -91.275 1.5
endloop
endfacet
facet normal 0 0 1
outer loop
vertex 352.55 -91.5625 1.5
vertex 371.6 -91.275 1.5
vertex 328.45 -91.275 1.5
endloop
endfacet
facet normal 0 0 1
outer loop
vertex 352.55 -91.5625 1.5
vertex 328.45 -91.275 1.5
vertex 314.45 -91.275 1.5
endloop
endfacet
facet normal 0 0 1
outer loop
vertex 352.55 -91.5625 1.5
vertex 314.45 -91.275 1.5
vertex 309.4 -91.275 1.5
endloop
endfacet
facet normal 0 0 1
outer loop
vertex 352.55 -91.5625 1.5
vertex 309.4 -91.275 1.5
vertex 309.4 -91.5625 1.5
endloop
endfacet
facet normal 0 0 1
outer loop
vertex 238.25 -91.275 1.5
vertex 238.25 -88.89375 1.5
vertex 233.2 -88.89375 1.5
endloop
endfacet
facet normal 0 0 1
outer loop
vertex 238.25 -91.275 1.5
vertex 233.2 -88.89375 1.5
vertex 219.2 -88.89375 1.5
endloop
endfacet
facet normal 0 0 1
outer loop
vertex 238.25 -91.275 1.5
vertex 219.2 -88.89375 1.5
vertex 195.1 -88.89375 1.5
endloop
endfacet
facet normal 0 0 1
outer loop
vertex 238.25 -91.275 1.5
vertex 195.1 -88.89375 1.5
vertex 195.1 -91.275 1.5
endloop
endfacet
facet normal 0 0 1
outer loop
vertex 371.6 -91.275 1.5
vertex 371.6 -88.89375 1.5
vertex 347.5 -88.89375 1.5
endloop
endfacet
facet normal 0 0 1
outer loop
vertex 371.6 -91.275 1.5
vertex 347.5 -88.89375 1.5
vertex 333.5 -88.89375 1.5
endloop
endfacet
facet normal 0 0 1
outer loop
vertex 371.6 -91.275 1.5
vertex 333.5 -88.89375 1.5
vertex 328.45 -88.89375 1.5
endloop
endfacet
facet normal 0 0 1
outer loop
vertex 371.6 -91.275 1.5
vertex 328.45 -88.89375 1.5
vertex 328.45 -91.275 1.5
endloop
endfacet
facet normal 0 0 1
outer loop
vertex 143 -100.8 1.5
vertex 143 -86.8 1.5
vertex 139.475 -86.8 1.5
endloop
endfacet
facet normal 0 0 1
outer loop
vertex 143 -100.8 1.5
vertex 139.475 -86.8 1.5
vertex 139.475 -100.8 1.5
endloop
endfacet
facet normal 0 0 1
outer loop
vertex 162.05 -100.8 1.5
vertex 162.05 -86.8 1.5
vertex 157 -86.8 1.5
endloop
endfacet
facet normal 0 0 1
outer loop
vertex 162.05 -100.8 1.5
vertex 157 -86.8 1.5
vertex 157 -100.8 1.5
endloop
endfacet
facet normal 0 0 1
outer loop
vertex 181.1 -91.275 1.5
vertex 181.1 -86.8 1.5
vertex 176.05 -86.8 1.5
endloop
endfacet
facet normal 0 0 1
outer loop
vertex 181.1 -91.275 1.5
vertex 176.05 -86.8 1.5
vertex 176.05 -91.275 1.5
endloop
endfacet
facet normal 0 0 1
outer loop
vertex 257.3 -91.275 1.5
vertex 257.3 -86.8 1.5
vertex 252.25 -86.8 1.5
endloop
endfacet
facet normal 0 0 1
outer loop
vertex 257.3 -91.275 1.5
vertex 252.25 -86.8 1.5
vertex 252.25 -91.275 1.5
endloop
endfacet
facet normal 0 0 1
outer loop
vertex 274.825 -100.8 1.5
vertex 274.825 -86.8 1.5
vertex 271.3 -86.8 1.5
endloop
endfacet
facet normal 0 0 1
outer loop
vertex 274.825 -100.8 1.5
vertex 271.3 -86.8 1.5
vertex 271.3 -100.8 1.5
endloop
endfacet
facet normal 0 0 1
outer loop
vertex 295.4 -100.8 1.5
vertex 295.4 -86.8 1.5
vertex 291.875 -86.8 1.5
endloop
endfacet
facet normal 0 0 1
outer loop
vertex 295.4 -100.8 1.5
vertex 291.875 -86.8 1.5
vertex 291.875 -100.8 1.5
endloop
endfacet
facet normal 0 0 1
outer loop
vertex 314.45 -91.275 1.5
vertex 314.45 -86.8 1.5
vertex 309.4 -86.8 1.5
endloop
endfacet
facet normal 0 0 1
outer loop
vertex 314.45 -91.275 1.5
vertex 309.4 -86.8 1.5
vertex 309.4 -91.275 1.5
endloop
endfacet
facet normal 0 0 1
outer loop
vertex 390.65 -91.275 1.5
vertex 390.65 -86.8 1.5
vertex 385.6 -86.8 1.5
endloop
endfacet
facet normal 0 0 1
outer loop
vertex 390.65 -91.275 1.5
vertex 385.6 -86.8 1.5
vertex 385.6 -91.275 1.5
endloop
endfacet
facet normal 0 0 1
outer loop
vertex 409.7 -100.8 1.5
vertex 409.7 -86.8 1.5
vertex 404.65 -86.8 1.5
endloop
endfacet
facet normal 0 0 1
outer loop
vertex 409.7 -100.8 1.5
vertex 404.65 -86.8 1.5
vertex 404.65 -100.8 1.5
endloop
endfacet
facet normal 0 0 1
outer loop
vertex 427.225 -100.8 1.5
vertex 427.225 -86.8 1.5
vertex 423.7 -86.8 1.5
endloop
endfacet
facet normal 0 0 1
outer loop
vertex 427.225 -100.8 1.5
vertex 423.7 -86.8 1.5
vertex 423.7 -100.8 1.5
endloop
endfacet
facet normal 0 0 1
outer loop
vertex 219.2 -88.89375 1.5
vertex 219.2 -86.5125 1.5
vertex 214.15 -86.5125 1.5
endloop
endfacet
facet normal 0 0 1
outer loop
vertex 219.2 -88.89375 1.5
vertex 214.15 -86.5125 1.5
vertex 200.15 -86.5125 1.5
endloop
endfacet
facet normal 0 0 1
outer loop
vertex 219.2 -88.89375 1.5
vertex 200.15 -86.5125 1.5
vertex 195.1 -86.5125 1.5
endloop
endfacet
facet normal 0 0 1
outer loop
vertex 219.2 -88.89375 1.5
vertex 195.1 -86.5125 1.5
vertex 195.1 -88.89375 1.5
endloop
endfacet
facet normal 0 0 1
outer loop
vertex 371.6 -88.89375 1.5
vertex 371.6 -86.5125 1.5
vertex 366.55 -86.5125 1.5
endloop
endfacet
facet normal 0 0 1
outer loop
vertex 371.6 -88.89375 1.5
vertex 366.55 -86.5125 1.5
vertex 352.55 -86.5125 1.5
endloop
endfacet
facet normal 0 0 1
outer loop
vertex 371.6 -88.89375 1.5
vertex 352.55 -86.5125 1.5
vertex 347.5 -86.5125 1.5
endloop
endfacet
facet normal 0 0 1
outer loop
vertex 371.6 -88.89375 1.5
vertex 347.5 -86.5125 1.5
vertex 347.5 -88.89375 1.5
endloop
endfacet
facet normal 0 0 1
outer loop
vertex 143 -86.8 1.5
vertex 157 -86.8 1.5
vertex 162.05 -86.8 1.5
endloop
endfacet
facet normal 0 0 1
outer loop
vertex 143 -86.8 1.5
vertex 162.05 -86.8 1.5
vertex 176.05 -86.8 1.5
endloop
endfacet
facet normal 0 0 1
outer loop
vertex 143 -86.8 1.5
vertex 176.05 -86.8 1.5
vertex 181.1 -86.8 1.5
endloop
endfacet
facet normal 0 0 1
outer loop
vertex 143 -86.8 1.5
vertex 181.1 -86.8 1.5
vertex 181.1 -83.275 1.5
endloop
endfacet
facet normal 0 0 1
outer loop
vertex 143 -86.8 1.5
vertex 181.1 -83.275 1.5
vertex 160.052864 -83.275 1.5
endloop
endfacet
facet normal 0 0 1
outer loop
vertex 143 -86.8 1.5
vertex 160.052864 -83.275 1.5
vertex 141.47500000000008 -83.275 1.5
endloop
endfacet
facet normal 0 0 1
outer loop
vertex 143 -86.8 1.5
vertex 141.47500000000008 -83.275 1.5
vertex 141.12770364466607 -83.30538449397562 1.5
endloop
endfacet
facet normal 0 0 1
outer loop
vertex 143 -86.8 1.5
vertex 141.12770364466607 -83.30538449397562 1.5
vertex 140.7909597133486 -83.3956147584282 1.5
endloop
endfacet
facet normal 0 0 1
outer loop
vertex 143 -86.8 1.5
vertex 140.7909597133486 -83.3956147584282 1.5
vertex 140.47500000000002 -83.542949192431 1.5
endloop
endfacet
facet normal 0 0 1
outer loop
vertex 143 -86.8 1.5
vertex 140.47500000000002 -83.542949192431 1.5
vertex 140.189424780627 -83.74291111376205 1.5
endloop
endfacet
facet normal 0 0 1
outer loop
vertex 143 -86.8 1.5
vertex 140.189424780627 -83.74291111376205 1.5
vertex 139.942911113762 -83.98942478062709 1.5
endloop
endfacet
facet normal 0 0 1
outer loop
vertex 143 -86.8 1.5
vertex 139.942911113762 -83.98942478062709 1.5
vertex 139.74294919243113 -84.27500000000032 1.5
endloop
endfacet
facet normal 0 0 1
outer loop
vertex 143 -86.8 1.5
vertex 139.74294919243113 -84.27500000000032 1.5
vertex 139.59561475842816 -84.59095971334843 1.5
endloop
endfacet
facet normal 0 0 1
outer loop
vertex 143 -86.8 1.5
vertex 139.59561475842816 -84.59095971334843 1.5
vertex 139.50538449397558 -84.9277036446662 1.5
endloop
endfacet
facet normal 0 0 1
outer loop
vertex 143 -86.8 1.5
vertex 139.50538449397558 -84.9277036446662 1.5
vertex 139.475 -85.27499999999982 1.5
endloop
endfacet
facet normal 0 0 1
outer loop
vertex 143 -86.8 1.5
vertex 139.475 -85.27499999999982 1.5
vertex 139.475 -86.8 1.5
endloop
endfacet
facet normal 0 0 1
outer loop
vertex 390.65 -86.8 1.5
vertex 404.65 -86.8 1.5
vertex 409.7 -86.8 1.5
endloop
endfacet
facet normal 0 0 1
outer loop
vertex 390.65 -86.8 1.5
vertex 409.7 -86.8 1.5
vertex 423.7 -86.8 1.5
endloop
endfacet
facet normal 0 0 1
outer loop
vertex 390.65 -86.8 1.5
vertex 423.7 -86.8 1.5
vertex 427.225 -86.8 1.5
endloop
endfacet
facet normal 0 0 1
outer loop
vertex 390.65 -86.8 1.5
vertex 427.225 -86.8 1.5
vertex 427.225 -85.27499999999982 1.5
endloop
endfacet
facet normal 0 0 1
outer loop
vertex 390.65 -86.8 1.5
vertex 427.225 -85.27499999999982 1.5
vertex 427.19461550602443 -84.9277036446662 1.5
endloop
endfacet
facet normal 0 0 1
outer loop
vertex 390.65 -86.8 1.5
vertex 427.19461550602443 -84.9277036446662 1.5
vertex 427.1043852415718 -84.59095971334843 1.5
endloop
endfacet
facet normal 0 0 1
outer loop
vertex 390.65 -86.8 1.5
vertex 427.1043852415718 -84.59095971334843 1.5
vertex 426.95705080756915 -84.27500000000032 1.5
endloop
endfacet
facet normal 0 0 1
outer loop
vertex 390.65 -86.8 1.5
vertex 426.95705080756915 -84.27500000000032 1.5
vertex 426.7570888862381 -83.98942478062709 1.5
endloop
endfacet
facet normal 0 0 1
outer loop
vertex 390.65 -86.8 1.5
vertex 426.7570888862381 -83.98942478062709 1.5
vertex 426.51057521937304 -83.74291111376205 1.5
endloop
endfacet
facet normal 0 0 1
outer loop
vertex 390.65 -86.8 1.5
vertex 426.51057521937304 -83.74291111376205 1.5
vertex 426.2249999999998 -83.542949192431 1.5
endloop
endfacet
facet normal 0 0 1
outer loop
vertex 390.65 -86.8 1.5
vertex 426.2249999999998 -83.542949192431 1.5
vertex 425.9090402866514 -83.3956147584282 1.5
endloop
endfacet
facet normal 0 0 1
outer loop
vertex 390.65 -86.8 1.5
vertex 425.9090402866514 -83.3956147584282 1.5
vertex 425.57229635533406 -83.30538449397562 1.5
endloop
endfacet
facet normal 0 0 1
outer loop
vertex 390.65 -86.8 1.5
vertex 425.57229635533406 -83.30538449397562 1.5
vertex 425.2249999999999 -83.275 1.5
endloop
endfacet
facet normal 0 0 1
outer loop
vertex 390.65 -86.8 1.5
vertex 425.2249999999999 -83.275 1.5
vertex 406.647136 -83.275 1.5
endloop
endfacet
facet normal 0 0 1
outer loop
vertex 390.65 -86.8 1.5
vertex 406.647136 -83.275 1.5
vertex 385.6 -83.275 1.5
endloop
endfacet
facet normal 0 0 1
outer loop
vertex 390.65 -86.8 1.5
vertex 385.6 -83.275 1.5
vertex 385.6 -86.8 1.5
endloop
endfacet
facet normal 0 0 1
outer loop
vertex 181.1 -83.275 1.5
vertex 181.1 -83.26158041852898 1.5
vertex 160.28417085512592 -83.26158041852898 1.5
endloop
endfacet
facet normal 0 0 1
outer loop
vertex 181.1 -83.275 1.5
vertex 160.28417085512592 -83.26158041852898 1.5
vertex 160.052864 -83.275 1.5
endloop
endfacet
facet normal 0 0 1
outer loop
vertex 406.647136 -83.275 1.5
vertex 406.41582914487407 -83.26158041852898 1.5
vertex 385.6 -83.26158041852898 1.5
endloop
endfacet
facet normal 0 0 1
outer loop
vertex 406.647136 -83.275 1.5
vertex 385.6 -83.26158041852898 1.5
vertex 385.6 -83.275 1.5
endloop
endfacet
facet normal 0 0 1
outer loop
vertex 181.1 -83.26158041852898 1.5
vertex 181.1 -83.22149515423493 1.5
vertex 160.51237003209727 -83.22149515423493 1.5
endloop
endfacet
facet normal 0 0 1
outer loop
vertex 181.1 -83.26158041852898 1.5
vertex 160.51237003209727 -83.22149515423493 1.5
vertex 160.28417085512592 -83.26158041852898 1.5
endloop
endfacet
facet normal 0 0 1
outer loop
vertex 406.41582914487407 -83.26158041852898 1.5
vertex 406.18762996790286 -83.22149515423493 1.5
vertex 385.6 -83.22149515423493 1.5
endloop
endfacet
facet normal 0 0 1
outer loop
vertex 406.41582914487407 -83.26158041852898 1.5
vertex 385.6 -83.22149515423493 1.5
vertex 385.6 -83.26158041852898 1.5
endloop
endfacet
facet normal 0 0 1
outer loop
vertex 181.1 -83.22149515423493 1.5
vertex 181.1 -83.15528716832863 1.5
vertex 160.73440200138498 -83.15528716832863 1.5
endloop
endfacet
facet normal 0 0 1
outer loop
vertex 181.1 -83.22149515423493 1.5
vertex 160.73440200138498 -83.15528716832863 1.5
vertex 160.51237003209727 -83.22149515423493 1.5
endloop
endfacet
facet normal 0 0 1
outer loop
vertex 406.18762996790286 -83.22149515423493 1.5
vertex 405.96559799861444 -83.15528716832863 1.5
vertex 385.6 -83.15528716832863 1.5
endloop
endfacet
facet normal 0 0 1
outer loop
vertex 406.18762996790286 -83.22149515423493 1.5
vertex 385.6 -83.15528716832863 1.5
vertex 385.6 -83.22149515423493 1.5
endloop
endfacet
facet normal 0 0 1
outer loop
vertex 181.1 -83.15528716832863 1.5
vertex 181.1 -83.06384499999996 1.5
vertex 160.94728700000056 -83.06384499999996 1.5
endloop
endfacet
facet normal 0 0 1
outer loop
vertex 181.1 -83.15528716832863 1.5
vertex 160.94728700000056 -83.06384499999996 1.5
vertex 160.73440200138498 -83.15528716832863 1.5
endloop
endfacet
facet normal 0 0 1
outer loop
vertex 405.96559799861444 -83.15528716832863 1.5
vertex 405.7527129999999 -83.06384499999996 1.5
vertex 385.6 -83.06384499999996 1.5
endloop
endfacet
facet normal 0 0 1
outer loop
vertex 405.96559799861444 -83.15528716832863 1.5
vertex 385.6 -83.06384499999996 1.5
vertex 385.6 -83.15528716832863 1.5
endloop
endfacet
facet normal 0 0 1
outer loop
vertex 181.1 -83.06384499999996 1.5
vertex 181.1 -77.275 1.5
vertex 172.5249914908578 -77.275 1.5
endloop
endfacet
facet normal 0 0 1
outer loop
vertex 181.1 -83.06384499999996 1.5
vertex 172.5249914908578 -77.275 1.5
vertex 160.94728700000056 -83.06384499999996 1.5
endloop
endfacet
facet normal 0 0 1
outer loop
vertex 200.15 -86.5125 1.5
vertex 200.15 -77.275 1.5
vertex 195.1 -77.275 1.5
endloop
endfacet
facet normal 0 0 1
outer loop
vertex 200.15 -86.5125 1.5
vertex 195.1 -77.275 1.5
vertex 195.1 -86.5125 1.5
endloop
endfacet
facet normal 0 0 1
outer loop
vertex 238.25 -88.89375 1.5
vertex 238.25 -77.275 1.5
vertex 233.2 -77.275 1.5
endloop
endfacet
facet normal 0 0 1
outer loop
vertex 238.25 -88.89375 1.5
vertex 233.2 -77.275 1.5
vertex 233.2 -88.89375 1.5
endloop
endfacet
facet normal 0 0 1
outer loop
vertex 257.3 -86.8 1.5
vertex 271.3 -86.8 1.5
vertex 274.825 -86.8 1.5
endloop
endfacet
facet normal 0 0 1
outer loop
vertex 257.3 -86.8 1.5
vertex 274.825 -86.8 1.5
vertex 274.825 -77.275 1.5
endloop
endfacet
facet normal 0 0 1
outer loop
vertex 257.3 -86.8 1.5
vertex 274.825 -77.275 1.5
vertex 252.25 -77.275 1.5
endloop
endfacet
facet normal 0 0 1
outer loop
vertex 257.3 -86.8 1.5
vertex 252.25 -77.275 1.5
vertex 252.25 -86.8 1.5
endloop
endfacet
facet normal 0 0 1
outer loop
vertex 295.4 -86.8 1.5
vertex 309.4 -86.8 1.5
vertex 314.45 -86.8 1.5
endloop
endfacet
facet normal 0 0 1
outer loop
vertex 295.4 -86.8 1.5
vertex 314.45 -86.8 1.5
vertex 314.45 -77.275 1.5
endloop
endfacet
facet normal 0 0 1
outer loop
vertex 295.4 -86.8 1.5
vertex 314.45 -77.275 1.5
vertex 291.875 -77.275 1.5
endloop
endfacet
facet normal 0 0 1
outer loop
vertex 295.4 -86.8 1.5
vertex 291.875 -77.275 1.5
vertex 291.875 -86.8 1.5
endloop
endfacet
facet normal 0 0 1
outer loop
vertex 333.5 -88.89375 1.5
vertex 333.5 -77.275 1.5
vertex 328.45 -77.275 1.5
endloop
endfacet
facet normal 0 0 1
outer loop
vertex 333.5 -88.89375 1.5
vertex 328.45 -77.275 1.5
vertex 328.45 -88.89375 1.5
endloop
endfacet
facet normal 0 0 1
outer loop
vertex 371.6 -86.5125 1.5
vertex 371.6 -77.275 1.5
vertex 366.55 -77.275 1.5
endloop
endfacet
facet normal 0 0 1
outer loop
vertex 371.6 -86.5125 1.5
vertex 366.55 -77.275 1.5
vertex 366.55 -86.5125 1.5
endloop
endfacet
facet normal 0 0 1
outer loop
vertex 405.7527129999999 -83.06384499999996 1.5
vertex 394.1750085091415 -77.275 1.5
vertex 385.6 -77.275 1.5
endloop
endfacet
facet normal 0 0 1
outer loop
vertex 405.7527129999999 -83.06384499999996 1.5
vertex 385.6 -77.275 1.5
vertex 385.6 -83.06384499999996 1.5
endloop
endfacet
facet normal 0 0 1
outer loop
vertex 219.2 -86.5125 1.5
vertex 219.2 -74.89375 1.5
vertex 214.15 -74.89375 1.5
endloop
endfacet
facet normal 0 0 1
outer loop
vertex 219.2 -86.5125 1.5
vertex 214.15 -74.89375 1.5
vertex 214.15 -86.5125 1.5
endloop
endfacet
facet normal 0 0 1
outer loop
vertex 238.25 -77.275 1.5
vertex 252.25 -77.275 1.5
vertex 274.825 -77.275 1.5
endloop
endfacet
facet normal 0 0 1
outer loop
vertex 238.25 -77.275 1.5
vertex 274.825 -77.275 1.5
vertex 274.825 -74.89375 1.5
endloop
endfacet
facet normal 0 0 1
outer loop
vertex 238.25 -77.275 1.5
vertex 274.825 -74.89375 1.5
vertex 233.2 -74.89375 1.5
endloop
endfacet
facet normal 0 0 1
outer loop
vertex 238.25 -77.275 1.5
vertex 233.2 -74.89375 1.5
vertex 233.2 -77.275 1.5
endloop
endfacet
facet normal 0 0 1
outer loop
vertex 314.45 -77.275 1.5
vertex 328.45 -77.275 1.5
vertex 333.5 -77.275 1.5
endloop
endfacet
facet normal 0 0 1
outer loop
vertex 314.45 -77.275 1.5
vertex 333.5 -77.275 1.5
vertex 333.5 -74.89375 1.5
endloop
endfacet
facet normal 0 0 1
outer loop
vertex 314.45 -77.275 1.5
vertex 333.5 -74.89375 1.5
vertex 291.875 -74.89375 1.5
endloop
endfacet
facet normal 0 0 1
outer loop
vertex 314.45 -77.275 1.5
vertex 291.875 -74.89375 1.5
vertex 291.875 -77.275 1.5
endloop
endfacet
facet normal 0 0 1
outer loop
vertex 352.55 -86.5125 1.5
vertex 352.55 -74.89375 1.5
vertex 347.5 -74.89375 1.5
endloop
endfacet
facet normal 0 0 1
outer loop
vertex 352.55 -86.5125 1.5
vertex 347.5 -74.89375 1.5
vertex 347.5 -86.5125 1.5
endloop
endfacet
facet normal 0 0 1
outer loop
vertex 181.1 -77.275 1.5
vertex 195.1 -77.275 1.5
vertex 200.15 -77.275 1.5
endloop
endfacet
facet normal 0 0 1
outer loop
vertex 181.1 -77.275 1.5
vertex 200.15 -77.275 1.5
vertex 200.15 -72.5125 1.5
endloop
endfacet
facet normal 0 0 1
outer loop
vertex 181.1 -77.275 1.5
vertex 200.15 -72.5125 1.5
vertex 184.00533705996463 -72.5125 1.5
endloop
endfacet
facet normal 0 0 1
outer loop
vertex 181.1 -77.275 1.5
vertex 184.00533705996463 -72.5125 1.5
vertex 179.75978224999977 -73.69839390000007 1.5
endloop
endfacet
facet normal 0 0 1
outer loop
vertex 181.1 -77.275 1.5
vertex 179.75978224999977 -73.69839390000007 1.5
vertex 179.5783047472839 -73.75856696973743 1.5
endloop
endfacet
facet normal 0 0 1
outer loop
vertex 181.1 -77.275 1.5
vertex 179.5783047472839 -73.75856696973743 1.5
vertex 179.40340449999943 -73.83579780000026 1.5
endloop
endfacet
facet normal 0 0 1
outer loop
vertex 181.1 -77.275 1.5
vertex 179.40340449999943 -73.83579780000026 1.5
vertex 172.5249914908578 -77.275 1.5
endloop
endfacet
facet normal 0 0 1
outer loop
vertex 219.2 -74.89375 1.5
vertex 233.2 -74.89375 1.5
vertex 274.825 -74.89375 1.5
endloop
endfacet
facet normal 0 0 1
outer loop
vertex 219.2 -74.89375 1.5
vertex 274.825 -74.89375 1.5
vertex 274.825 -72.5125 1.5
endloop
endfacet
facet normal 0 0 1
outer loop
vertex 219.2 -74.89375 1.5
vertex 274.825 -72.5125 1.5
vertex 214.15 -72.5125 1.5
endloop
endfacet
facet normal 0 0 1
outer loop
vertex 219.2 -74.89375 1.5
vertex 214.15 -72.5125 1.5
vertex 214.15 -74.89375 1.5
endloop
endfacet
facet normal 0 0 1
outer loop
vertex 333.5 -74.89375 1.5
vertex 347.5 -74.89375 1.5
vertex 352.55 -74.89375 1.5
endloop
endfacet
facet normal 0 0 1
outer loop
vertex 333.5 -74.89375 1.5
vertex 352.55 -74.89375 1.5
vertex 352.55 -72.5125 1.5
endloop
endfacet
facet normal 0 0 1
outer loop
vertex 333.5 -74.89375 1.5
vertex 352.55 -72.5125 1.5
vertex 291.875 -72.5125 1.5
endloop
endfacet
facet normal 0 0 1
outer loop
vertex 333.5 -74.89375 1.5
vertex 291.875 -72.5125 1.5
vertex 291.875 -74.89375 1.5
endloop
endfacet
facet normal 0 0 1
outer loop
vertex 371.6 -77.275 1.5
vertex 385.6 -77.275 1.5
vertex 394.1750085091415 -77.275 1.5
endloop
endfacet
facet normal 0 0 1
outer loop
vertex 371.6 -77.275 1.5
vertex 394.1750085091415 -77.275 1.5
vertex 387.29659549999917 -73.83579780000026 1.5
endloop
endfacet
facet normal 0 0 1
outer loop
vertex 371.6 -77.275 1.5
vertex 387.29659549999917 -73.83579780000026 1.5
vertex 387.1216952527166 -73.75856696973743 1.5
endloop
endfacet
facet normal 0 0 1
outer loop
vertex 371.6 -77.275 1.5
vertex 387.1216952527166 -73.75856696973743 1.5
vertex 386.94021774999965 -73.69839390000007 1.5
endloop
endfacet
facet normal 0 0 1
outer loop
vertex 371.6 -77.275 1.5
vertex 386.94021774999965 -73.69839390000007 1.5
vertex 382.6946629400354 -72.5125 1.5
endloop
endfacet
facet normal 0 0 1
outer loop
vertex 371.6 -77.275 1.5
vertex 382.6946629400354 -72.5125 1.5
vertex 366.55 -72.5125 1.5
endloop
endfacet
facet normal 0 0 1
outer loop
vertex 371.6 -77.275 1.5
vertex 366.55 -72.5125 1.5
vertex 366.55 -77.275 1.5
endloop
endfacet
facet normal 0 0 1
outer loop
vertex 200.15 -72.5125 1.5
vertex 214.15 -72.5125 1.5
vertex 274.825 -72.5125 1.5
endloop
endfacet
facet normal 0 0 1
outer loop
vertex 200.15 -72.5125 1.5
vertex 274.825 -72.5125 1.5
vertex 274.825 -70.98749999999957 1.5
endloop
endfacet
facet normal 0 0 1
outer loop
vertex 200.15 -72.5125 1.5
vertex 274.825 -70.98749999999957 1.5
vertex 274.7946155060244 -70.6402036446661 1.5
endloop
endfacet
facet normal 0 0 1
outer loop
vertex 200.15 -72.5125 1.5
vertex 274.7946155060244 -70.6402036446661 1.5
vertex 274.7043852415719 -70.3034597133489 1.5
endloop
endfacet
facet normal 0 0 1
outer loop
vertex 200.15 -72.5125 1.5
vertex 274.7043852415719 -70.3034597133489 1.5
vertex 274.557050807569 -69.98750000000017 1.5
endloop
endfacet
facet normal 0 0 1
outer loop
vertex 200.15 -72.5125 1.5
vertex 274.557050807569 -69.98750000000017 1.5
vertex 274.357088886238 -69.70192478062705 1.5
endloop
endfacet
facet normal 0 0 1
outer loop
vertex 200.15 -72.5125 1.5
vertex 274.357088886238 -69.70192478062705 1.5
vertex 274.11057521937283 -69.45541111376187 1.5
endloop
endfacet
facet normal 0 0 1
outer loop
vertex 200.15 -72.5125 1.5
vertex 274.11057521937283 -69.45541111376187 1.5
vertex 273.82500000000005 -69.25544919243116 1.5
endloop
endfacet
facet normal 0 0 1
outer loop
vertex 200.15 -72.5125 1.5
vertex 273.82500000000005 -69.25544919243116 1.5
vertex 273.5090402866513 -69.1081147584282 1.5
endloop
endfacet
facet normal 0 0 1
outer loop
vertex 200.15 -72.5125 1.5
vertex 273.5090402866513 -69.1081147584282 1.5
vertex 273.17229635533386 -69.01788449397559 1.5
endloop
endfacet
facet normal 0 0 1
outer loop
vertex 200.15 -72.5125 1.5
vertex 273.17229635533386 -69.01788449397559 1.5
vertex 272.825024053719 -68.98750105223817 1.5
endloop
endfacet
facet normal 0 0 1
outer loop
vertex 200.15 -72.5125 1.5
vertex 272.825024053719 -68.98750105223817 1.5
vertex 261.91813975145936 -68.98750105223817 1.5
endloop
endfacet
facet normal 0 0 1
outer loop
vertex 200.15 -72.5125 1.5
vertex 261.91813975145936 -68.98750105223817 1.5
vertex 196.89900421770676 -68.98750105223817 1.5
endloop
endfacet
facet normal 0 0 1
outer loop
vertex 200.15 -72.5125 1.5
vertex 196.89900421770676 -68.98750105223817 1.5
vertex 196.71774117963645 -68.99573679791584 1.5
endloop
endfacet
facet normal 0 0 1
outer loop
vertex 200.15 -72.5125 1.5
vertex 196.71774117963645 -68.99573679791584 1.5
vertex 196.53789397803084 -69.02038448153178 1.5
endloop
endfacet
facet normal 0 0 1
outer loop
vertex 200.15 -72.5125 1.5
vertex 196.53789397803084 -69.02038448153178 1.5
vertex 196.36102480000002 -69.06123499999998 1.5
endloop
endfacet
facet normal 0 0 1
outer loop
vertex 200.15 -72.5125 1.5
vertex 196.36102480000002 -69.06123499999998 1.5
vertex 184.00533705996463 -72.5125 1.5
endloop
endfacet
facet normal 0 0 1
outer loop
vertex 272.825024053719 -68.98750105223817 1.5
vertex 272.8250079222783 -68.9874996408711 1.5
vertex 261.91813975145936 -68.98750105223817 1.5
endloop
endfacet
facet normal 0 0 1
outer loop
vertex 261.91813975145936 -68.98750105223817 1.5
vertex 261.91812361946 -68.9874996408711 1.5
vertex 196.89908239999986 -68.9874975 1.5
endloop
endfacet
facet normal 0 0 1
outer loop
vertex 261.91813975145936 -68.98750105223817 1.5
vertex 196.89908239999986 -68.9874975 1.5
vertex 196.89900421770676 -68.98750105223817 1.5
endloop
endfacet
facet normal 0 0 1
outer loop
vertex 352.55 -72.5125 1.5
vertex 366.55 -72.5125 1.5
vertex 382.6946629400354 -72.5125 1.5
endloop
endfacet
facet normal 0 0 1
outer loop
vertex 352.55 -72.5125 1.5
vertex 382.6946629400354 -72.5125 1.5
vertex 370.33897520000016 -69.06123499999998 1.5
endloop
endfacet
facet normal 0 0 1
outer loop
vertex 352.55 -72.5125 1.5
vertex 370.33897520000016 -69.06123499999998 1.5
vertex 370.1621060219692 -69.02038448153178 1.5
endloop
endfacet
facet normal 0 0 1
outer loop
vertex 352.55 -72.5125 1.5
vertex 370.1621060219692 -69.02038448153178 1.5
vertex 369.9822588203634 -68.99573679791584 1.5
endloop
endfacet
facet normal 0 0 1
outer loop
vertex 352.55 -72.5125 1.5
vertex 369.9822588203634 -68.99573679791584 1.5
vertex 369.80091760000005 -68.9874975 1.5
endloop
endfacet
facet normal 0 0 1
outer loop
vertex 352.55 -72.5125 1.5
vertex 369.80091760000005 -68.9874975 1.5
vertex 333.5 -68.9874975 1.5
endloop
endfacet
facet normal 0 0 1
outer loop
vertex 352.55 -72.5125 1.5
vertex 333.5 -68.9874975 1.5
vertex 293.8750000000002 -68.9874996408711 1.5
endloop
endfacet
facet normal 0 0 1
outer loop
vertex 352.55 -72.5125 1.5
vertex 293.8750000000002 -68.9874996408711 1.5
vertex 293.52770364466596 -69.01788449397559 1.5
endloop
endfacet
facet normal 0 0 1
outer loop
vertex 352.55 -72.5125 1.5
vertex 293.52770364466596 -69.01788449397559 1.5
vertex 293.1909597133489 -69.1081147584282 1.5
endloop
endfacet
facet normal 0 0 1
outer loop
vertex 352.55 -72.5125 1.5
vertex 293.1909597133489 -69.1081147584282 1.5
vertex 292.87499999999983 -69.25544919243116 1.5
endloop
endfacet
facet normal 0 0 1
outer loop
vertex 352.55 -72.5125 1.5
vertex 292.87499999999983 -69.25544919243116 1.5
vertex 292.589424780627 -69.45541111376187 1.5
endloop
endfacet
facet normal 0 0 1
outer loop
vertex 352.55 -72.5125 1.5
vertex 292.589424780627 -69.45541111376187 1.5
vertex 292.3429111137622 -69.70192478062705 1.5
endloop
endfacet
facet normal 0 0 1
outer loop
vertex 352.55 -72.5125 1.5
vertex 292.3429111137622 -69.70192478062705 1.5
vertex 292.14294919243076 -69.98750000000017 1.5
endloop
endfacet
facet normal 0 0 1
outer loop
vertex 352.55 -72.5125 1.5
vertex 292.14294919243076 -69.98750000000017 1.5
vertex 291.99561475842825 -70.3034597133489 1.5
endloop
endfacet
facet normal 0 0 1
outer loop
vertex 352.55 -72.5125 1.5
vertex 291.99561475842825 -70.3034597133489 1.5
vertex 291.9053844939756 -70.6402036446661 1.5
endloop
endfacet
facet normal 0 0 1
outer loop
vertex 352.55 -72.5125 1.5
vertex 291.9053844939756 -70.6402036446661 1.5
vertex 291.875 -70.98749999999957 1.5
endloop
endfacet
facet normal 0 0 1
outer loop
vertex 352.55 -72.5125 1.5
vertex 291.875 -70.98749999999957 1.5
vertex 291.875 -72.5125 1.5
endloop
endfacet
facet normal 1 0 0
outer loop
vertex 427.225 -177 0
vertex 427.225 -163 0
vertex 427.225 -157.95 0
endloop
endfacet
facet normal 1 0 0
outer loop
vertex 427.225 -177 0
vertex 427.225 -157.95 0
vertex 427.225 -143.95 0
endloop
endfacet
facet normal 1 0 0
outer loop
vertex 427.225 -177 0
vertex 427.225 -143.95 0
vertex 427.225 -138.9 0
endloop
endfacet
facet normal 1 0 0
outer loop
vertex 427.225 -177 0
vertex 427.225 -138.9 0
vertex 427.225 -124.9 0
endloop
endfacet
facet normal 1 0 0
outer loop
vertex 427.225 -177 0
vertex 427.225 -124.9 0
vertex 427.225 -119.85 0
endloop
endfacet
facet normal 1 0 0
outer loop
vertex 427.225 -177 0
vertex 427.225 -119.85 0
vertex 427.225 -105.85 0
endloop
endfacet
facet normal 1 0 0
outer loop
vertex 427.225 -177 0
vertex 427.225 -105.85 0
vertex 427.225 -100.8 0
endloop
endfacet
facet normal 1 0 0
outer loop
vertex 427.225 -177 0
vertex 427.225 -100.8 0
vertex 427.225 -86.8 0
endloop
endfacet
facet normal 1 0 0
outer loop
vertex 427.225 -177 0
vertex 427.225 -86.8 0
vertex 427.225 -85.27499999999968 0
endloop
endfacet
facet normal 1 0 0
outer loop
vertex 427.225 -177 0
vertex 427.225 -85.27499999999968 0
vertex 427.225 -85.27499999999982 1.5
endloop
endfacet
facet normal 1 0 0
outer loop
vertex 427.225 -177 0
vertex 427.225 -85.27499999999982 1.5
vertex 427.225 -86.8 1.5
endloop
endfacet
facet normal 1 0 0
outer loop
vertex 427.225 -177 0
vertex 427.225 -86.8 1.5
vertex 427.225 -100.8 1.5
endloop
endfacet
facet normal 1 0 0
outer loop
vertex 427.225 -177 0
vertex 427.225 -100.8 1.5
vertex 427.225 -105.85 1.5
endloop
endfacet
facet normal 1 0 0
outer loop
vertex 427.225 -177 0
vertex 427.225 -105.85 1.5
vertex 427.225 -119.85 1.5
endloop
endfacet
facet normal 1 0 0
outer loop
vertex 427.225 -177 0
vertex 427.225 -119.85 1.5
vertex 427.225 -124.9 1.5
endloop
endfacet
facet normal 1 0 0
outer loop
vertex 427.225 -177 0
vertex 427.225 -124.9 1.5
vertex 427.225 -138.9 1.5
endloop
endfacet
facet normal 1 0 0
outer loop
vertex 427.225 -177 0
vertex 427.225 -138.9 1.5
vertex 427.225 -143.95 1.5
endloop
endfacet
facet normal 1 0 0
outer loop
vertex 427.225 -177 0
vertex 427.225 -143.95 1.5
vertex 427.225 -157.95 1.5
endloop
endfacet
facet normal 1 0 0
outer loop
vertex 427.225 -177 0
vertex 427.225 -157.95 1.5
vertex 427.225 -163 1.5
endloop
endfacet
facet normal 1 0 0
outer loop
vertex 427.225 -177 0
vertex 427.225 -163 1.5
vertex 427.225 -177 1.5
endloop
endfacet
facet normal 1 0 0
outer loop
vertex 427.225 -177 0
vertex 427.225 -177 1.5
vertex 427.225 -178.52500000000003 1.5
endloop
endfacet
facet normal 1 0 0
outer loop
vertex 427.225 -177 0
vertex 427.225 -178.52500000000003 1.5
vertex 427.225 -178.5250000000003 0
endloop
endfacet
facet normal 0.996194698091746 0.08715574274765432 0
outer loop
vertex 427.19461550602443 -84.9277036446662 1.5
vertex 427.225 -85.27499999999982 1.5
vertex 427.225 -85.27499999999968 0
endloop
endfacet
facet normal 0.996194698091746 0.08715574274765432 0
outer loop
vertex 427.19461550602443 -84.9277036446662 1.5
vertex 427.225 -85.27499999999968 0
vertex 427.19461550602443 -84.92770364466598 0
endloop
endfacet
facet normal 0.965925826289063 0.25881904510254033 0
outer loop
vertex 427.1043852415718 -84.59095971334843 1.5
vertex 427.19461550602443 -84.9277036446662 1.5
vertex 427.19461550602443 -84.92770364466598 0
endloop
endfacet
facet normal 0.965925826289063 0.25881904510254033 0
outer loop
vertex 427.1043852415718 -84.59095971334843 1.5
vertex 427.19461550602443 -84.92770364466598 0
vertex 427.10438524157195 -84.59095971334885 0
endloop
endfacet
facet normal 0.9063077870367034 0.4226182617405849 0
outer loop
vertex 426.95705080756915 -84.27500000000032 1.5
vertex 427.1043852415718 -84.59095971334843 1.5
vertex 427.10438524157195 -84.59095971334885 0
endloop
endfacet
facet normal 0.9063077870367034 0.4226182617405849 0
outer loop
vertex 426.95705080756915 -84.27500000000032 1.5
vertex 427.10438524157195 -84.59095971334885 0
vertex 426.957050807569 -84.27500000000002 0
endloop
endfacet
facet normal 0.8191520442889366 0.5735764363511248 0
outer loop
vertex 426.7570888862381 -83.98942478062709 1.5
vertex 426.95705080756915 -84.27500000000032 1.5
vertex 426.957050807569 -84.27500000000002 0
endloop
endfacet
facet normal 0.8191520442889366 0.5735764363511248 0
outer loop
vertex 426.7570888862381 -83.98942478062709 1.5
vertex 426.957050807569 -84.27500000000002 0
vertex 426.7570888862383 -83.98942478062732 0
endloop
endfacet
facet normal 0.7071067811865476 0.7071067811865476 0
outer loop
vertex 426.51057521937304 -83.74291111376205 1.5
vertex 426.7570888862381 -83.98942478062709 1.5
vertex 426.7570888862383 -83.98942478062732 0
endloop
endfacet
facet normal 0.7071067811865476 0.7071067811865476 0
outer loop
vertex 426.51057521937304 -83.74291111376205 1.5
vertex 426.7570888862383 -83.98942478062732 0
vertex 426.5105752193731 -83.7429111137621 0
endloop
endfacet
facet normal 0.5735764363510342 0.8191520442890001 0
outer loop
vertex 426.2249999999998 -83.542949192431 1.5
vertex 426.51057521937304 -83.74291111376205 1.5
vertex 426.5105752193731 -83.7429111137621 0
endloop
endfacet
facet normal 0.5735764363510342 0.8191520442890001 0
outer loop
vertex 426.2249999999998 -83.542949192431 1.5
vertex 426.5105752193731 -83.7429111137621 0
vertex 426.2249999999997 -83.54294919243095 0
endloop
endfacet
facet normal 0.4226182617406803 0.906307787036659 0
outer loop
vertex 425.9090402866514 -83.3956147584282 1.5
vertex 426.2249999999998 -83.542949192431 1.5
vertex 426.2249999999997 -83.54294919243095 0
endloop
endfacet
facet normal 0.4226182617406803 0.906307787036659 0
outer loop
vertex 425.9090402866514 -83.3956147584282 1.5
vertex 426.2249999999997 -83.54294919243095 0
vertex 425.90904028665136 -83.39561475842818 0
endloop
endfacet
facet normal 0.2588190451025057 0.9659258262890724 0
outer loop
vertex 425.57229635533406 -83.30538449397562 1.5
vertex 425.9090402866514 -83.3956147584282 1.5
vertex 425.90904028665136 -83.39561475842818 0
endloop
endfacet
facet normal 0.2588190451025057 0.9659258262890724 0
outer loop
vertex 425.57229635533406 -83.30538449397562 1.5
vertex 425.90904028665136 -83.39561475842818 0
vertex 425.572296355334 -83.30538449397561 0
endloop
endfacet
facet normal 0.08715574274766881 0.9961946980917447 0
outer loop
vertex 425.2249999999999 -83.275 1.5
vertex 425.57229635533406 -83.30538449397562 1.5
vertex 425.572296355334 -83.30538449397561 0
endloop
endfacet
facet normal 0.08715574274766881 0.9961946980917447 0
outer loop
vertex 425.2249999999999 -83.275 1.5
vertex 425.572296355334 -83.30538449397561 0
vertex 425.22499999999997 -83.275 0
endloop
endfacet
facet normal 0 1 0
outer loop
vertex 160.052864 -83.275 1.5
vertex 160.052864 -83.275 0
vertex 141.475 -83.275 0
endloop
endfacet
facet normal 0 1 0
outer loop
vertex 160.052864 -83.275 1.5
vertex 141.475 -83.275 0
vertex 141.47500000000008 -83.275 1.5
endloop
endfacet
facet normal 0 1 0
outer loop
vertex 425.2249999999999 -83.275 1.5
vertex 425.22499999999997 -83.275 0
vertex 406.64713600000005 -83.275 0
endloop
endfacet
facet normal 0 1 0
outer loop
vertex 425.2249999999999 -83.275 1.5
vertex 406.64713600000005 -83.275 0
vertex 406.647136 -83.275 1.5
endloop
endfacet
facet normal 0.05791896589784075 0.9983212876570973 0
outer loop
vertex 406.41582914487407 -83.26158041852898 1.5
vertex 406.647136 -83.275 1.5
vertex 406.64713600000005 -83.275 0
endloop
endfacet
facet normal 0.05791896589784075 0.9983212876570973 0
outer loop
vertex 406.41582914487407 -83.26158041852898 1.5
vertex 406.64713600000005 -83.275 0
vertex 406.41582914487407 -83.26158041852898 0
endloop
endfacet
facet normal 0.17301017691406886 0.984920036695448 0
outer loop
vertex 406.18762996790286 -83.22149515423493 1.5
vertex 406.41582914487407 -83.26158041852898 1.5
vertex 406.41582914487407 -83.26158041852898 0
endloop
endfacet
facet normal 0.17301017691406886 0.984920036695448 0
outer loop
vertex 406.18762996790286 -83.22149515423493 1.5
vertex 406.41582914487407 -83.26158041852898 0
vertex 406.187629967903 -83.22149515423496 0
endloop
endfacet
facet normal 0.2857572615898864 0.9583020335200428 0
outer loop
vertex 405.96559799861444 -83.15528716832863 1.5
vertex 406.18762996790286 -83.22149515423493 1.5
vertex 406.187629967903 -83.22149515423496 0
endloop
endfacet
facet normal 0.2857572615898864 0.9583020335200428 0
outer loop
vertex 405.96559799861444 -83.15528716832863 1.5
vertex 406.187629967903 -83.22149515423496 0
vertex 405.9655979986146 -83.15528716832868 0
endloop
endfacet
facet normal 0.394669362883902 0.9188232115052466 0
outer loop
vertex 405.7527129999999 -83.06384499999996 1.5
vertex 405.96559799861444 -83.15528716832863 1.5
vertex 405.9655979986146 -83.15528716832868 0
endloop
endfacet
facet normal 0.394669362883902 0.9188232115052466 0
outer loop
vertex 405.7527129999999 -83.06384499999996 1.5
vertex 405.9655979986146 -83.15528716832868 0
vertex 405.7527130000001 -83.06384500000004 0
endloop
endfacet
facet normal 0 0 -1
outer loop
vertex 387.29659549999917 -73.83579780000026 1.5
vertex 394.1750085091415 -77.275 1.5
vertex 405.7527129999999 -83.06384499999996 1.5
endloop
endfacet
facet normal 0 0 -1
outer loop
vertex 387.29659549999917 -73.83579780000026 1.5
vertex 405.7527129999999 -83.06384499999996 1.5
vertex 405.7527130000001 -83.06384500000004 0
endloop
endfacet
facet normal 0 0 -1
outer loop
vertex 387.29659549999917 -73.83579780000026 1.5
vertex 405.7527130000001 -83.06384500000004 0
vertex 394.1750085091423 -77.275 0
endloop
endfacet
facet normal 0 0 -1
outer loop
vertex 387.29659549999917 -73.83579780000026 1.5
vertex 394.1750085091423 -77.275 0
vertex 387.2965954999993 -73.83579779999964 0
endloop
endfacet
facet normal 0.4039420876652283 0.9147845592338434 0
outer loop
vertex 387.1216952527166 -73.75856696973743 1.5
vertex 387.29659549999917 -73.83579780000026 1.5
vertex 387.2965954999993 -73.83579779999964 0
endloop
endfacet
facet normal 0.4039420876652283 0.9147845592338434 0
outer loop
vertex 387.1216952527166 -73.75856696973743 1.5
vertex 387.2965954999993 -73.83579779999964 0
vertex 387.1216952527166 -73.75856696973749 0
endloop
endfacet
facet normal 0.31472371761006496 0.949183323480612 0
outer loop
vertex 386.94021774999965 -73.69839390000007 1.5
vertex 387.1216952527166 -73.75856696973743 1.5
vertex 387.1216952527166 -73.75856696973749 0
endloop
endfacet
facet normal 0.31472371761006496 0.949183323480612 0
outer loop
vertex 386.94021774999965 -73.69839390000007 1.5
vertex 387.1216952527166 -73.75856696973749 0
vertex 386.9402177499997 -73.69839390000006 0
endloop
endfacet
facet normal 0 0 -1
outer loop
vertex 370.33897520000016 -69.06123499999998 1.5
vertex 382.6946629400354 -72.5125 1.5
vertex 386.94021774999965 -73.69839390000007 1.5
endloop
endfacet
facet normal 0 0 -1
outer loop
vertex 370.33897520000016 -69.06123499999998 1.5
vertex 386.94021774999965 -73.69839390000007 1.5
vertex 386.9402177499997 -73.69839390000006 0
endloop
endfacet
facet normal 0 0 -1
outer loop
vertex 370.33897520000016 -69.06123499999998 1.5
vertex 386.9402177499997 -73.69839390000006 0
vertex 382.69466294003536 -72.5125 0
endloop
endfacet
facet normal 0 0 -1
outer loop
vertex 370.33897520000016 -69.06123499999998 1.5
vertex 382.69466294003536 -72.5125 0
vertex 370.3389752000002 -69.06123500000008 0
endloop
endfacet
facet normal 0.2250402333471318 0.9743494718914094 0
outer loop
vertex 370.1621060219692 -69.02038448153178 1.5
vertex 370.33897520000016 -69.06123499999998 1.5
vertex 370.3389752000002 -69.06123500000008 0
endloop
endfacet
facet normal 0.2250402333471318 0.9743494718914094 0
outer loop
vertex 370.1621060219692 -69.02038448153178 1.5
vertex 370.3389752000002 -69.06123500000008 0
vertex 370.16210602196924 -69.02038448153176 0
endloop
endfacet
facet normal 0.13577873762352866 0.9907391858654633 0
outer loop
vertex 369.9822588203634 -68.99573679791584 1.5
vertex 370.1621060219692 -69.02038448153178 1.5
vertex 370.16210602196924 -69.02038448153176 0
endloop
endfacet
facet normal 0.13577873762352866 0.9907391858654633 0
outer loop
vertex 369.9822588203634 -68.99573679791584 1.5
vertex 370.16210602196924 -69.02038448153176 0
vertex 369.98225882036337 -68.99573679791587 0
endloop
endfacet
facet normal 0.045388503331487785 0.9989694108256405 -2.0648591544415135e-14
outer loop
vertex 369.80091760000005 -68.9874975 1.5
vertex 369.9822588203634 -68.99573679791584 1.5
vertex 369.98225882036337 -68.99573679791587 0
endloop
endfacet
facet normal 0.045388503331487785 0.9989694108256405 -2.0648591544415135e-14
outer loop
vertex 369.80091760000005 -68.9874975 1.5
vertex 369.98225882036337 -68.99573679791587 0
vertex 369.8009647190847 -68.9874996408711 0
endloop
endfacet
facet normal 0.045388503331487785 0.9989694108256405 -2.0648591544415135e-14
outer loop
vertex 369.80091760000005 -68.9874975 1.5
vertex 369.8009647190847 -68.9874996408711 0
vertex 369.8009175999997 -68.9874975 0
endloop
endfacet
facet normal 0 0 -1
outer loop
vertex 293.8750000000002 -68.9874996408711 1.5
vertex 333.5 -68.9874975 1.5
vertex 369.80091760000005 -68.9874975 1.5
endloop
endfacet
facet normal 0 0 -1
outer loop
vertex 293.8750000000002 -68.9874996408711 1.5
vertex 369.80091760000005 -68.9874975 1.5
vertex 369.8009175999997 -68.9874975 0
endloop
endfacet
facet normal 0 0 -1
outer loop
vertex 293.8750000000002 -68.9874996408711 1.5
vertex 369.8009175999997 -68.9874975 0
vertex 366.55 -68.9874975 0
endloop
endfacet
facet normal 0 0 -1
outer loop
vertex 293.8750000000002 -68.9874996408711 1.5
vertex 366.55 -68.9874975 0
vertex 352.55 -68.9874996408711 0
endloop
endfacet
facet normal 0 0 -1
outer loop
vertex 293.8750000000002 -68.9874996408711 1.5
vertex 352.55 -68.9874996408711 0
vertex 293.8750000000002 -68.9874996408711 0
endloop
endfacet
facet normal -0.08715574274768298 0.9961946980917433 0
outer loop
vertex 293.52770364466596 -69.01788449397559 1.5
vertex 293.8750000000002 -68.9874996408711 1.5
vertex 293.8750000000002 -68.9874996408711 0
endloop
endfacet
facet normal -0.08715574274768298 0.9961946980917433 0
outer loop
vertex 293.52770364466596 -69.01788449397559 1.5
vertex 293.8750000000002 -68.9874996408711 0
vertex 293.5277036446659 -69.01788449397557 0
endloop
endfacet
facet normal -0.25881904510254217 0.9659258262890627 0
outer loop
vertex 293.1909597133489 -69.1081147584282 1.5
vertex 293.52770364466596 -69.01788449397559 1.5
vertex 293.5277036446659 -69.01788449397557 0
endloop
endfacet
facet normal -0.25881904510254217 0.9659258262890627 0
outer loop
vertex 293.1909597133489 -69.1081147584282 1.5
vertex 293.5277036446659 -69.01788449397557 0
vertex 293.19095971334883 -69.1081147584282 0
endloop
endfacet
facet normal -0.42261826174066586 0.9063077870366657 0
outer loop
vertex 292.87499999999983 -69.25544919243116 1.5
vertex 293.1909597133489 -69.1081147584282 1.5
vertex 293.19095971334883 -69.1081147584282 0
endloop
endfacet
facet normal -0.42261826174066586 0.9063077870366657 0
outer loop
vertex 292.87499999999983 -69.25544919243116 1.5
vertex 293.19095971334883 -69.1081147584282 0
vertex 292.87499999999994 -69.2554491924311 0
endloop
endfacet
facet normal -0.5735764363510599 0.8191520442889821 0
outer loop
vertex 292.589424780627 -69.45541111376187 1.5
vertex 292.87499999999983 -69.25544919243116 1.5
vertex 292.87499999999994 -69.2554491924311 0
endloop
endfacet
facet normal -0.5735764363510599 0.8191520442889821 0
outer loop
vertex 292.589424780627 -69.45541111376187 1.5
vertex 292.87499999999994 -69.2554491924311 0
vertex 292.58942478062704 -69.45541111376205 0
endloop
endfacet
facet normal -0.7071067811865902 0.7071067811865049 0
outer loop
vertex 292.3429111137622 -69.70192478062705 1.5
vertex 292.589424780627 -69.45541111376187 1.5
vertex 292.58942478062704 -69.45541111376205 0
endloop
endfacet
facet normal -0.7071067811865902 0.7071067811865049 0
outer loop
vertex 292.3429111137622 -69.70192478062705 1.5
vertex 292.58942478062704 -69.45541111376205 0
vertex 292.3429111137621 -69.7019247806269 0
endloop
endfacet
facet normal -0.8191520442889594 0.5735764363510923 0
outer loop
vertex 292.14294919243076 -69.98750000000017 1.5
vertex 292.3429111137622 -69.70192478062705 1.5
vertex 292.3429111137621 -69.7019247806269 0
endloop
endfacet
facet normal -0.8191520442889594 0.5735764363510923 0
outer loop
vertex 292.14294919243076 -69.98750000000017 1.5
vertex 292.3429111137621 -69.7019247806269 0
vertex 292.1429491924309 -69.98749999999991 0
endloop
endfacet
facet normal -0.9063077870366791 0.42261826174063705 0
outer loop
vertex 291.99561475842825 -70.3034597133489 1.5
vertex 292.14294919243076 -69.98750000000017 1.5
vertex 292.1429491924309 -69.98749999999991 0
endloop
endfacet
facet normal -0.9063077870366791 0.42261826174063705 0
outer loop
vertex 291.99561475842825 -70.3034597133489 1.5
vertex 292.1429491924309 -69.98749999999991 0
vertex 291.99561475842825 -70.30345971334879 0
endloop
endfacet
facet normal -0.9659258262890632 0.25881904510254045 0
outer loop
vertex 291.9053844939756 -70.6402036446661 1.5
vertex 291.99561475842825 -70.3034597133489 1.5
vertex 291.99561475842825 -70.30345971334879 0
endloop
endfacet
facet normal -0.9659258262890632 0.25881904510254045 0
outer loop
vertex 291.9053844939756 -70.6402036446661 1.5
vertex 291.99561475842825 -70.30345971334879 0
vertex 291.9053844939756 -70.64020364466613 0
endloop
endfacet
facet normal -0.9961946980917459 0.08715574274765463 0
outer loop
vertex 291.875 -70.98749999999957 1.5
vertex 291.9053844939756 -70.6402036446661 1.5
vertex 291.9053844939756 -70.64020364466613 0
endloop
endfacet
facet normal -0.9961946980917459 0.08715574274765463 0
outer loop
vertex 291.875 -70.98749999999957 1.5
vertex 291.9053844939756 -70.64020364466613 0
vertex 291.875 -70.98750000000015 0
endloop
endfacet
facet normal -1 0 0
outer loop
vertex 291.875 -153.7312169 1.5
vertex 291.875 -148.7125 1.5
vertex 291.875 -148.425 1.5
endloop
endfacet
facet normal -1 0 0
outer loop
vertex 291.875 -153.7312169 1.5
vertex 291.875 -148.425 1.5
vertex 291.875 -138.9 1.5
endloop
endfacet
facet normal -1 0 0
outer loop
vertex 291.875 -153.7312169 1.5
vertex 291.875 -138.9 1.5
vertex 291.875 -124.9 1.5
endloop
endfacet
facet normal -1 0 0
outer loop
vertex 291.875 -153.7312169 1.5
vertex 291.875 -124.9 1.5
vertex 291.875 -119.85 1.5
endloop
endfacet
facet normal -1 0 0
outer loop
vertex 291.875 -153.7312169 1.5
vertex 291.875 -119.85 1.5
vertex 291.875 -105.85 1.5
endloop
endfacet
facet normal -1 0 0
outer loop
vertex 291.875 -153.7312169 1.5
vertex 291.875 -105.85 1.5
vertex 291.875 -100.8 1.5
endloop
endfacet
facet normal -1 0 0
outer loop
vertex 291.875 -153.7312169 1.5
vertex 291.875 -100.8 1.5
vertex 291.875 -86.8 1.5
endloop
endfacet
facet normal -1 0 0
outer loop
vertex 291.875 -153.7312169 1.5
vertex 291.875 -86.8 1.5
vertex 291.875 -77.275 1.5
endloop
endfacet
facet normal -1 0 0
outer loop
vertex 291.875 -153.7312169 1.5
vertex 291.875 -77.275 1.5
vertex 291.875 -74.89375 1.5
endloop
endfacet
facet normal -1 0 0
outer loop
vertex 291.875 -153.7312169 1.5
vertex 291.875 -74.89375 1.5
vertex 291.875 -72.5125 1.5
endloop
endfacet
facet normal -1 0 0
outer loop
vertex 291.875 -153.7312169 1.5
vertex 291.875 -72.5125 1.5
vertex 291.875 -70.98749999999957 1.5
endloop
endfacet
facet normal -1 0 0
outer loop
vertex 291.875 -153.7312169 1.5
vertex 291.875 -70.98749999999957 1.5
vertex 291.875 -70.98750000000015 0
endloop
endfacet
facet normal -1 0 0
outer loop
vertex 291.875 -153.7312169 1.5
vertex 291.875 -70.98750000000015 0
vertex 291.875 -72.5125 0
endloop
endfacet
facet normal -1 0 0
outer loop
vertex 291.875 -153.7312169 1.5
vertex 291.875 -72.5125 0
vertex 291.875 -74.89375 0
endloop
endfacet
facet normal -1 0 0
outer loop
vertex 291.875 -153.7312169 1.5
vertex 291.875 -74.89375 0
vertex 291.875 -77.275 0
endloop
endfacet
facet normal -1 0 0
outer loop
vertex 291.875 -153.7312169 1.5
vertex 291.875 -77.275 0
vertex 291.875 -86.8 0
endloop
endfacet
facet normal -1 0 0
outer loop
vertex 291.875 -153.7312169 1.5
vertex 291.875 -86.8 0
vertex 291.875 -100.8 0
endloop
endfacet
facet normal -1 0 0
outer loop
vertex 291.875 -153.7312169 1.5
vertex 291.875 -100.8 0
vertex 291.875 -105.85 0
endloop
endfacet
facet normal -1 0 0
outer loop
vertex 291.875 -153.7312169 1.5
vertex 291.875 -105.85 0
vertex 291.875 -119.85 0
endloop
endfacet
facet normal -1 0 0
outer loop
vertex 291.875 -153.7312169 1.5
vertex 291.875 -119.85 0
vertex 291.875 -124.9 0
endloop
endfacet
facet normal -1 0 0
outer loop
vertex 291.875 -153.7312169 1.5
vertex 291.875 -124.9 0
vertex 291.875 -138.9 0
endloop
endfacet
facet normal -1 0 0
outer loop
vertex 291.875 -153.7312169 1.5
vertex 291.875 -138.9 0
vertex 291.875 -148.425 0
endloop
endfacet
facet normal -1 0 0
outer loop
vertex 291.875 -153.7312169 1.5
vertex 291.875 -148.425 0
vertex 291.875 -148.7125 0
endloop
endfacet
facet normal -1 0 0
outer loop
vertex 291.875 -153.7312169 1.5
vertex 291.875 -148.7125 0
vertex 291.875 -153.7312169 0
endloop
endfacet
facet normal -1 0 0
outer loop
vertex 291.875 -153.7312169 1.5
vertex 291.875 -153.7312169 0
vertex 291.875 -157.0891294999989 0
endloop
endfacet
facet normal -1 0 0
outer loop
vertex 291.875 -153.7312169 1.5
vertex 291.875 -157.0891294999989 0
vertex 291.875 -157.08912950000007 1.5
endloop
endfacet
facet normal -0.997983098064523 -0.06348020146106136 0
outer loop
vertex 291.89112095413907 -157.342569775633 1.5
vertex 291.875 -157.08912950000007 1.5
vertex 291.875 -157.0891294999989 0
endloop
endfacet
facet normal -0.997983098064523 -0.06348020146106136 0
outer loop
vertex 291.89112095413907 -157.342569775633 1.5
vertex 291.875 -157.0891294999989 0
vertex 291.8911209541392 -157.34256977563345 0
endloop
endfacet
facet normal -0.9818899185074718 -0.1894523368380309 0
outer loop
vertex 291.9392328564436 -157.59192321524452 1.5
vertex 291.89112095413907 -157.342569775633 1.5
vertex 291.8911209541392 -157.34256977563345 0
endloop
endfacet
facet normal -0.9818899185074718 -0.1894523368380309 0
outer loop
vertex 291.9392328564436 -157.59192321524452 1.5
vertex 291.8911209541392 -157.34256977563345 0
vertex 291.9392328564437 -157.59192321524498 0
endloop
endfacet
facet normal -0.9499670055463104 -0.3123502655247413 0
outer loop
vertex 292.0185550000003 -157.8331697499998 1.5
vertex 291.9392328564436 -157.59192321524452 1.5
vertex 291.9392328564437 -157.59192321524498 0
endloop
endfacet
facet normal -0.9499670055463104 -0.3123502655247413 0
outer loop
vertex 292.0185550000003 -157.8331697499998 1.5
vertex 291.9392328564437 -157.59192321524498 0
vertex 292.0185550000001 -157.8331697500007 0
endloop
endfacet
facet normal 0 0 1
outer loop
vertex 302.2545905999998 -183.37286379999966 1.5
vertex 299.48246865825786 -176.4562069 1.5
vertex 294.2799937856651 -163.475633 1.5
endloop
endfacet
facet normal 0 0 1
outer loop
vertex 302.2545905999998 -183.37286379999966 1.5
vertex 294.2799937856651 -163.475633 1.5
vertex 292.1780574906719 -158.23114069999997 1.5
endloop
endfacet
facet normal 0 0 1
outer loop
vertex 302.2545905999998 -183.37286379999966 1.5
vertex 292.1780574906719 -158.23114069999997 1.5
vertex 292.0185550000003 -157.8331697499998 1.5
endloop
endfacet
facet normal 0 0 1
outer loop
vertex 302.2545905999998 -183.37286379999966 1.5
vertex 292.0185550000003 -157.8331697499998 1.5
vertex 292.0185550000001 -157.8331697500007 0
endloop
endfacet
facet normal 0 0 1
outer loop
vertex 302.2545905999998 -183.37286379999966 1.5
vertex 292.0185550000001 -157.8331697500007 0
vertex 292.17805749067145 -158.2311407 0
endloop
endfacet
facet normal 0 0 1
outer loop
vertex 302.2545905999998 -183.37286379999966 1.5
vertex 292.17805749067145 -158.2311407 0
vertex 294.27999378566517 -163.475633 0
endloop
endfacet
facet normal 0 0 1
outer loop
vertex 302.2545905999998 -183.37286379999966 1.5
vertex 294.27999378566517 -163.475633 0
vertex 299.48246865825786 -176.4562069 0
endloop
endfacet
facet normal 0 0 1
outer loop
vertex 302.2545905999998 -183.37286379999966 1.5
vertex 299.48246865825786 -176.4562069 0
vertex 302.2545906 -183.37286380000032 0
endloop
endfacet
facet normal -0.8923182929066683 -0.4514067612964268 0
outer loop
vertex 302.41173272724177 -183.68349449219727 1.5
vertex 302.2545905999998 -183.37286379999966 1.5
vertex 302.2545906 -183.37286380000032 0
endloop
endfacet
facet normal -0.8923182929066683 -0.4514067612964268 0
outer loop
vertex 302.41173272724177 -183.68349449219727 1.5
vertex 302.2545906 -183.37286380000032 0
vertex 302.4117327272418 -183.68349449219735 0
endloop
endfacet
facet normal -0.800537213255203 -0.599283046809764 0
outer loop
vertex 302.6203527692575 -183.96217433797887 1.5
vertex 302.41173272724177 -183.68349449219727 1.5
vertex 302.4117327272418 -183.68349449219735 0
endloop
endfacet
facet normal -0.800537213255203 -0.599283046809764 0
outer loop
vertex 302.6203527692575 -183.96217433797887 1.5
vertex 302.4117327272418 -183.68349449219735 0
vertex 302.62035276925735 -183.96217433797878 0
endloop
endfacet
facet normal -0.6844963520680376 -0.7290162851442683 0
outer loop
vertex 302.87413503265776 -184.2004584985071 1.5
vertex 302.6203527692575 -183.96217433797887 1.5
vertex 302.62035276925735 -183.96217433797878 0
endloop
endfacet
facet normal -0.6844963520680376 -0.7290162851442683 0
outer loop
vertex 302.87413503265776 -184.2004584985071 1.5
vertex 302.62035276925735 -183.96217433797878 0
vertex 302.87413503265765 -184.2004584985071 0
endloop
endfacet
facet normal -0.5477178561998031 -0.8366631042420192 0
outer loop
vertex 303.1653908806065 -184.39112787048677 1.5
vertex 302.87413503265776 -184.2004584985071 1.5
vertex 302.87413503265765 -184.2004584985071 0
endloop
endfacet
facet normal -0.5477178561998031 -0.8366631042420192 0
outer loop
vertex 303.1653908806065 -184.39112787048677 1.5
vertex 302.87413503265765 -184.2004584985071 0
vertex 303.16539088060654 -184.39112787048668 0
endloop
endfacet
facet normal -0.39434559357759036 -0.9189622151241791 0
outer loop
vertex 303.4852963692578 -184.5284058975203 1.5
vertex 303.1653908806065 -184.39112787048677 1.5
vertex 303.16539088060654 -184.39112787048668 0
endloop
endfacet
facet normal -0.39434559357759036 -0.9189622151241791 0
outer loop
vertex 303.4852963692578 -184.5284058975203 1.5
vertex 303.16539088060654 -184.39112787048668 0
vertex 303.4852963692576 -184.5284058975203 0
endloop
endfacet
facet normal -0.22902616011515406 -0.9734202679125332 0
outer loop
vertex 303.82415957967504 -184.6081335777881 1.5
vertex 303.4852963692578 -184.5284058975203 1.5
vertex 303.4852963692576 -184.5284058975203 0
endloop
endfacet
facet normal -0.22902616011515406 -0.9734202679125332 0
outer loop
vertex 303.82415957967504 -184.6081335777881 1.5
vertex 303.4852963692576 -184.5284058975203 0
vertex 303.8241595796752 -184.6081335777881 0
endloop
endfacet
facet normal -0.05676810553876518 -0.9983873908426226 0
outer loop
vertex 304.17171424609586 -184.62789546597378 1.5
vertex 303.82415957967504 -184.6081335777881 1.5
vertex 303.8241595796752 -184.6081335777881 0
endloop
endfacet
facet normal -0.05676810553876518 -0.9983873908426226 0
outer loop
vertex 304.17171424609586 -184.62789546597378 1.5
vertex 303.8241595796752 -184.6081335777881 0
vertex 304.1717142460958 -184.62789546597378 0
endloop
endfacet
facet normal 0.11720980660976457 -0.9931071750996978 0
outer loop
vertex 304.5174307847137 -184.58709285206746 1.5
vertex 304.17171424609586 -184.62789546597378 1.5
vertex 304.1717142460958 -184.62789546597378 0
endloop
endfacet
facet normal 0.11720980660976457 -0.9931071750996978 0
outer loop
vertex 304.5174307847137 -184.58709285206746 1.5
vertex 304.1717142460958 -184.62789546597378 0
vertex 304.5174307847135 -184.58709285206743 0
endloop
endfacet
facet normal 0.2876367076489147 -0.957739591127407 0
outer loop
vertex 304.8508352999994 -184.48696190000007 1.5
vertex 304.5174307847137 -184.58709285206746 1.5
vertex 304.5174307847135 -184.58709285206743 0
endloop
endfacet
facet normal 0.2876367076489147 -0.957739591127407 0
outer loop
vertex 304.8508352999994 -184.48696190000007 1.5
vertex 304.5174307847135 -184.58709285206743 0
vertex 304.8508353 -184.48696190000015 0
endloop
endfacet
facet normal 0 0 -1
outer loop
vertex 349.0254981 -166.89933209999998 1.5
vertex 336.32400803218394 -171.9562831 1.5
vertex 325.0215972610238 -176.4562069 1.5
endloop
endfacet
facet normal 0 0 -1
outer loop
vertex 349.0254981 -166.89933209999998 1.5
vertex 325.0215972610238 -176.4562069 1.5
vertex 304.8508352999994 -184.48696190000007 1.5
endloop
endfacet
facet normal 0 0 -1
outer loop
vertex 349.0254981 -166.89933209999998 1.5
vertex 304.8508352999994 -184.48696190000007 1.5
vertex 304.8508353 -184.48696190000015 0
endloop
endfacet
facet normal 0 0 -1
outer loop
vertex 349.0254981 -166.89933209999998 1.5
vertex 304.8508353 -184.48696190000015 0
vertex 325.02159726102434 -176.4562069 0
endloop
endfacet
facet normal 0 0 -1
outer loop
vertex 349.0254981 -166.89933209999998 1.5
vertex 325.02159726102434 -176.4562069 0
vertex 336.32400803218434 -171.9562831 0
endloop
endfacet
facet normal 0 0 -1
outer loop
vertex 349.0254981 -166.89933209999998 1.5
vertex 336.32400803218434 -171.9562831 0
vertex 349.02549810000056 -166.89933210000012 0
endloop
endfacet
facet normal 0.30450269764100024 -0.9525114734896131 0
outer loop
vertex 349.29001451947033 -166.81477042747358 1.5
vertex 349.0254981 -166.89933209999998 1.5
vertex 349.02549810000056 -166.89933210000012 0
endloop
endfacet
facet normal 0.30450269764100024 -0.9525114734896131 0
outer loop
vertex 349.29001451947033 -166.81477042747358 1.5
vertex 349.02549810000056 -166.89933210000012 0
vertex 349.2900145194696 -166.8147704274736 0
endloop
endfacet
facet normal 0.16962630454324354 -0.9855084559794517 0
outer loop
vertex 349.5636931320995 -166.76766470107285 1.5
vertex 349.29001451947033 -166.81477042747358 1.5
vertex 349.2900145194696 -166.8147704274736 0
endloop
endfacet
facet normal 0.16962630454324354 -0.9855084559794517 0
outer loop
vertex 349.5636931320995 -166.76766470107285 1.5
vertex 349.2900145194696 -166.8147704274736 0
vertex 349.5636931321001 -166.76766470107285 0
endloop
endfacet
facet normal 0.03148199978841147 -0.9995043189948318 0
outer loop
vertex 349.841258437279 -166.75892205663115 1.5
vertex 349.5636931320995 -166.76766470107285 1.5
vertex 349.5636931321001 -166.76766470107285 0
endloop
endfacet
facet normal 0.03148199978841147 -0.9995043189948318 0
outer loop
vertex 349.841258437279 -166.75892205663115 1.5
vertex 349.5636931321001 -166.76766470107285 0
vertex 349.84125843727907 -166.75892205663115 0
endloop
endfacet
facet normal -0.10726926952020223 -0.9942300054899783 0
outer loop
vertex 350.1173590499999 -166.78871105000007 1.5
vertex 349.841258437279 -166.75892205663115 1.5
vertex 349.84125843727907 -166.75892205663115 0
endloop
endfacet
facet normal -0.10726926952020223 -0.9942300054899783 0
outer loop
vertex 350.1173590499999 -166.78871105000007 1.5
vertex 349.84125843727907 -166.75892205663115 0
vertex 350.1173590500006 -166.78871105000005 0
endloop
endfacet
facet normal 0 0 -1
outer loop
vertex 367.7908360000006 -169.9491841 1.5
vertex 353.955111103878 -167.475 1.5
vertex 350.1173590499999 -166.78871105000007 1.5
endloop
endfacet
facet normal 0 0 -1
outer loop
vertex 367.7908360000006 -169.9491841 1.5
vertex 350.1173590499999 -166.78871105000007 1.5
vertex 350.1173590500006 -166.78871105000005 0
endloop
endfacet
facet normal 0 0 -1
outer loop
vertex 367.7908360000006 -169.9491841 1.5
vertex 350.1173590500006 -166.78871105000005 0
vertex 353.95511110387787 -167.475 0
endloop
endfacet
facet normal 0 0 -1
outer loop
vertex 367.7908360000006 -169.9491841 1.5
vertex 353.95511110387787 -167.475 0
vertex 367.7908359999995 -169.9491840999999 0
endloop
endfacet
facet normal -0.22284765344863913 -0.9748532829879762 0
outer loop
vertex 367.97708891431836 -169.9917607888497 1.5
vertex 367.7908360000006 -169.9491841 1.5
vertex 367.7908359999995 -169.9491840999999 0
endloop
endfacet
facet normal -0.22284765344863913 -0.9748532829879762 0
outer loop
vertex 367.97708891431836 -169.9917607888497 1.5
vertex 367.7908359999995 -169.9491840999999 0
vertex 367.9770889143193 -169.99176078884963 0
endloop
endfacet
facet normal -0.31486242814966675 -0.9491373195379561 0
outer loop
vertex 368.1584271871087 -170.0519171094491 1.5
vertex 367.97708891431836 -169.9917607888497 1.5
vertex 367.9770889143193 -169.99176078884963 0
endloop
endfacet
facet normal -0.31486242814966675 -0.9491373195379561 0
outer loop
vertex 368.1584271871087 -170.0519171094491 1.5
vertex 367.9770889143193 -169.99176078884963 0
vertex 368.1584271871088 -170.05191710944928 0
endloop
endfacet
facet normal -0.4039914269387382 -0.9147627708646665 0
outer loop
vertex 368.3331979999993 -170.12910205000017 1.5
vertex 368.1584271871087 -170.0519171094491 1.5
vertex 368.1584271871088 -170.05191710944928 0
endloop
endfacet
facet normal -0.4039914269387382 -0.9147627708646665 0
outer loop
vertex 368.3331979999993 -170.12910205000017 1.5
vertex 368.1584271871088 -170.05191710944928 0
vertex 368.3331980000004 -170.12910205000023 0
endloop
endfacet
facet normal 0 0 1
outer loop
vertex 388.7027088 -180.31385440000014 1.5
vertex 382.0749980152181 -177 1.5
vertex 368.3331979999993 -170.12910205000017 1.5
endloop
endfacet
facet normal 0 0 1
outer loop
vertex 388.7027088 -180.31385440000014 1.5
vertex 368.3331979999993 -170.12910205000017 1.5
vertex 368.3331980000004 -170.12910205000023 0
endloop
endfacet
facet normal 0 0 1
outer loop
vertex 388.7027088 -180.31385440000014 1.5
vertex 368.3331980000004 -170.12910205000023 0
vertex 382.0749980152181 -177 0
endloop
endfacet
facet normal 0 0 1
outer loop
vertex 388.7027088 -180.31385440000014 1.5
vertex 382.0749980152181 -177 0
vertex 388.7027088000002 -180.31385440000017 0
endloop
endfacet
facet normal -0.39466502881092497 -0.9188250731416028 0
outer loop
vertex 388.9155950342964 -180.40529590964965 1.5
vertex 388.7027088 -180.31385440000014 1.5
vertex 388.7027088000002 -180.31385440000017 0
endloop
endfacet
facet normal -0.39466502881092497 -0.9188250731416028 0
outer loop
vertex 388.9155950342964 -180.40529590964965 1.5
vertex 388.7027088000002 -180.31385440000017 0
vertex 388.9155950342964 -180.40529590964965 0
endloop
endfacet
facet normal -0.2857330879584482 -0.9583092415529184 0
outer loop
vertex 389.1376323278834 -180.4714993842565 1.5
vertex 388.9155950342964 -180.40529590964965 1.5
vertex 388.9155950342964 -180.40529590964965 0
endloop
endfacet
facet normal -0.2857330879584482 -0.9583092415529184 0
outer loop
vertex 389.1376323278834 -180.4714993842565 1.5
vertex 388.9155950342964 -180.40529590964965 0
vertex 389.1376323278835 -180.4714993842564 0
endloop
endfacet
facet normal -0.17298345084208233 -0.9849247309996663 0
outer loop
vertex 389.36583634823046 -180.51157911592853 1.5
vertex 389.1376323278834 -180.4714993842565 1.5
vertex 389.1376323278835 -180.4714993842564 0
endloop
endfacet
facet normal -0.17298345084208233 -0.9849247309996663 0
outer loop
vertex 389.36583634823046 -180.51157911592853 1.5
vertex 389.1376323278835 -180.4714993842564 0
vertex 389.36583634823046 -180.51157911592853 0
endloop
endfacet
facet normal -0.05791222619359358 -0.9983216786473699 0
outer loop
vertex 389.59714440000016 -180.5249972 1.5
vertex 389.36583634823046 -180.51157911592853 1.5
vertex 389.36583634823046 -180.51157911592853 0
endloop
endfacet
facet normal -0.05791222619359358 -0.9983216786473699 0
outer loop
vertex 389.59714440000016 -180.5249972 1.5
vertex 389.36583634823046 -180.51157911592853 0
vertex 389.59714439999965 -180.5249972 0
endloop
endfacet
facet normal -7.859020456635336e-8 -0.9999999999999969 0
outer loop
vertex 425.2250000000003 -180.525 1.5
vertex 389.59714440000016 -180.5249972 1.5
vertex 389.59714439999965 -180.5249972 0
endloop
endfacet
facet normal -7.859020456635336e-8 -0.9999999999999969 0
outer loop
vertex 425.2250000000003 -180.525 1.5
vertex 389.59714439999965 -180.5249972 0
vertex 425.22499999999985 -180.525 0
endloop
endfacet
facet normal 0.08715574274768315 -0.9961946980917434 0
outer loop
vertex 425.57229635533366 -180.49461550602436 1.5
vertex 425.2250000000003 -180.525 1.5
vertex 425.22499999999985 -180.525 0
endloop
endfacet
facet normal 0.08715574274768315 -0.9961946980917434 0
outer loop
vertex 425.57229635533366 -180.49461550602436 1.5
vertex 425.22499999999985 -180.525 0
vertex 425.57229635533383 -180.4946155060244 0
endloop
endfacet
facet normal 0.25881904510254033 -0.965925826289063 0
outer loop
vertex 425.90904028665165 -180.40438524157184 1.5
vertex 425.57229635533366 -180.49461550602436 1.5
vertex 425.57229635533383 -180.4946155060244 0
endloop
endfacet
facet normal 0.25881904510254033 -0.965925826289063 0
outer loop
vertex 425.90904028665165 -180.40438524157184 1.5
vertex 425.57229635533383 -180.4946155060244 0
vertex 425.9090402866514 -180.4043852415718 0
endloop
endfacet
facet normal 0.4226182617406892 -0.9063077870366548 0
outer loop
vertex 426.22500000000014 -180.2570508075689 1.5
vertex 425.90904028665165 -180.40438524157184 1.5
vertex 425.9090402866514 -180.4043852415718 0
endloop
endfacet
facet normal 0.4226182617406892 -0.9063077870366548 0
outer loop
vertex 426.22500000000014 -180.2570508075689 1.5
vertex 425.9090402866514 -180.4043852415718 0
vertex 426.2250000000002 -180.25705080756893 0
endloop
endfacet
facet normal 0.5735764363510599 -0.8191520442889821 0
outer loop
vertex 426.5105752193729 -180.057088886238 1.5
vertex 426.22500000000014 -180.2570508075689 1.5
vertex 426.2250000000002 -180.25705080756893 0
endloop
endfacet
facet normal 0.5735764363510599 -0.8191520442889821 0
outer loop
vertex 426.5105752193729 -180.057088886238 1.5
vertex 426.2250000000002 -180.25705080756893 0
vertex 426.51057521937287 -180.05708888623792 0
endloop
endfacet
facet normal 0.7071067811865476 -0.7071067811865476 0
outer loop
vertex 426.75708888623785 -179.81057521937308 1.5
vertex 426.5105752193729 -180.057088886238 1.5
vertex 426.51057521937287 -180.05708888623792 0
endloop
endfacet
facet normal 0.7071067811865476 -0.7071067811865476 0
outer loop
vertex 426.75708888623785 -179.81057521937308 1.5
vertex 426.51057521937287 -180.05708888623792 0
vertex 426.75708888623797 -179.81057521937302 0
endloop
endfacet
facet normal 0.8191520442889461 -0.5735764363511113 0
outer loop
vertex 426.95705080756886 -179.525 1.5
vertex 426.75708888623785 -179.81057521937308 1.5
vertex 426.75708888623797 -179.81057521937302 0
endloop
endfacet
facet normal 0.8191520442889461 -0.5735764363511113 0
outer loop
vertex 426.95705080756886 -179.525 1.5
vertex 426.75708888623797 -179.81057521937302 0
vertex 426.95705080756863 -179.52500000000012 0
endloop
endfacet
facet normal 0.9063077870366548 -0.4226182617406892 0
outer loop
vertex 427.1043852415717 -179.2090402866513 1.5
vertex 426.95705080756886 -179.525 1.5
vertex 426.95705080756863 -179.52500000000012 0
endloop
endfacet
facet normal 0.9063077870366548 -0.4226182617406892 0
outer loop
vertex 427.1043852415717 -179.2090402866513 1.5
vertex 426.95705080756863 -179.52500000000012 0
vertex 427.1043852415718 -179.20904028665126 0
endloop
endfacet
facet normal 0.965925826289063 -0.25881904510254033 0
outer loop
vertex 427.1946155060245 -178.8722963553339 1.5
vertex 427.1043852415717 -179.2090402866513 1.5
vertex 427.1043852415718 -179.20904028665126 0
endloop
endfacet
facet normal 0.965925826289063 -0.25881904510254033 0
outer loop
vertex 427.1946155060245 -178.8722963553339 1.5
vertex 427.1043852415718 -179.20904028665126 0
vertex 427.1946155060244 -178.87229635533382 0
endloop
endfacet
facet normal 0.996194698091746 -0.08715574274765432 0
outer loop
vertex 427.225 -178.52500000000003 1.5
vertex 427.1946155060245 -178.8722963553339 1.5
vertex 427.1946155060244 -178.87229635533382 0
endloop
endfacet
facet normal 0.996194698091746 -0.08715574274765432 0
outer loop
vertex 427.225 -178.52500000000003 1.5
vertex 427.1946155060244 -178.87229635533382 0
vertex 427.225 -178.5250000000003 0
endloop
endfacet
facet normal 0 1 0
outer loop
vertex 157 -177 1.5
vertex 157 -177 0
vertex 143 -177 0
endloop
endfacet
facet normal 0 1 0
outer loop
vertex 157 -177 1.5
vertex 143 -177 0
vertex 143 -177 1.5
endloop
endfacet
facet normal 0 1 0
outer loop
vertex 176.05 -177 1.5
vertex 176.05 -177 0
vertex 162.05 -177 0
endloop
endfacet
facet normal 0 1 0
outer loop
vertex 176.05 -177 1.5
vertex 162.05 -177 0
vertex 162.05 -177 1.5
endloop
endfacet
facet normal 0 1 0
outer loop
vertex 404.65 -177 1.5
vertex 404.65 -177 0
vertex 390.65 -177 0
endloop
endfacet
facet normal 0 1 0
outer loop
vertex 404.65 -177 1.5
vertex 390.65 -177 0
vertex 390.65 -177 1.5
endloop
endfacet
facet normal 0 1 0
outer loop
vertex 423.7 -177 1.5
vertex 423.7 -177 0
vertex 409.7 -177 0
endloop
endfacet
facet normal 0 1 0
outer loop
vertex 423.7 -177 1.5
vertex 409.7 -177 0
vertex 409.7 -177 1.5
endloop
endfacet
facet normal -1 0 0
outer loop
vertex 423.7 -163 1.5
vertex 423.7 -163 0
vertex 423.7 -177 0
endloop
endfacet
facet normal -1 0 0
outer loop
vertex 423.7 -163 1.5
vertex 423.7 -177 0
vertex 423.7 -177 1.5
endloop
endfacet
facet normal -1 0 0
outer loop
vertex 423.7 -143.95 1.5
vertex 423.7 -143.95 0
vertex 423.7 -157.95 0
endloop
endfacet
facet normal -1 0 0
outer loop
vertex 423.7 -143.95 1.5
vertex 423.7 -157.95 0
vertex 423.7 -157.95 1.5
endloop
endfacet
facet normal -1 0 0
outer loop
vertex 423.7 -124.9 1.5
vertex 423.7 -124.9 0
vertex 423.7 -138.9 0
endloop
endfacet
facet normal -1 0 0
outer loop
vertex 423.7 -124.9 1.5
vertex 423.7 -138.9 0
vertex 423.7 -138.9 1.5
endloop
endfacet
facet normal -1 0 0
outer loop
vertex 423.7 -105.85 1.5
vertex 423.7 -105.85 0
vertex 423.7 -119.85 0
endloop
endfacet
facet normal -1 0 0
outer loop
vertex 423.7 -105.85 1.5
vertex 423.7 -119.85 0
vertex 423.7 -119.85 1.5
endloop
endfacet
facet normal -1 0 0
outer loop
vertex 423.7 -86.8 1.5
vertex 423.7 -86.8 0
vertex 423.7 -100.8 0
endloop
endfacet
facet normal -1 0 0
outer loop
vertex 423.7 -86.8 1.5
vertex 423.7 -100.8 0
vertex 423.7 -100.8 1.5
endloop
endfacet
facet normal 0 -1 0
outer loop
vertex 157 -163 0
vertex 157 -163 1.5
vertex 143 -163 1.5
endloop
endfacet
facet normal 0 -1 0
outer loop
vertex 157 -163 0
vertex 143 -163 1.5
vertex 143 -163 0
endloop
endfacet
facet normal 0 -1 0
outer loop
vertex 176.05 -163 0
vertex 176.05 -163 1.5
vertex 162.05 -163 1.5
endloop
endfacet
facet normal 0 -1 0
outer loop
vertex 176.05 -163 0
vertex 162.05 -163 1.5
vertex 162.05 -163 0
endloop
endfacet
facet normal 0 -1 0
outer loop
vertex 404.65 -163 0
vertex 404.65 -163 1.5
vertex 390.65 -163 1.5
endloop
endfacet
facet normal 0 -1 0
outer loop
vertex 404.65 -163 0
vertex 390.65 -163 1.5
vertex 390.65 -163 0
endloop
endfacet
facet normal 0 -1 0
outer loop
vertex 423.7 -163 0
vertex 423.7 -163 1.5
vertex 409.7 -163 1.5
endloop
endfacet
facet normal 0 -1 0
outer loop
vertex 423.7 -163 0
vertex 409.7 -163 1.5
vertex 409.7 -163 0
endloop
endfacet
facet normal 1 0 0
outer loop
vertex 409.7 -163 0
vertex 409.7 -163 1.5
vertex 409.7 -177 1.5
endloop
endfacet
facet normal 1 0 0
outer loop
vertex 409.7 -163 0
vertex 409.7 -177 1.5
vertex 409.7 -177 0
endloop
endfacet
facet normal 1 0 0
outer loop
vertex 409.7 -143.95 0
vertex 409.7 -143.95 1.5
vertex 409.7 -157.95 1.5
endloop
endfacet
facet normal 1 0 0
outer loop
vertex 409.7 -143.95 0
vertex 409.7 -157.95 1.5
vertex 409.7 -157.95 0
endloop
endfacet
facet normal 1 0 0
outer loop
vertex 409.7 -124.9 0
vertex 409.7 -124.9 1.5
vertex 409.7 -138.9 1.5
endloop
endfacet
facet normal 1 0 0
outer loop
vertex 409.7 -124.9 0
vertex 409.7 -138.9 1.5
vertex 409.7 -138.9 0
endloop
endfacet
facet normal 1 0 0
outer loop
vertex 409.7 -105.85 0
vertex 409.7 -105.85 1.5
vertex 409.7 -119.85 1.5
endloop
endfacet
facet normal 1 0 0
outer loop
vertex 409.7 -105.85 0
vertex 409.7 -119.85 1.5
vertex 409.7 -119.85 0
endloop
endfacet
facet normal 1 0 0
outer loop
vertex 409.7 -86.8 0
vertex 409.7 -86.8 1.5
vertex 409.7 -100.8 1.5
endloop
endfacet
facet normal 1 0 0
outer loop
vertex 409.7 -86.8 0
vertex 409.7 -100.8 1.5
vertex 409.7 -100.8 0
endloop
endfacet
facet normal 0 1 0
outer loop
vertex 157 -157.95 1.5
vertex 157 -157.95 0
vertex 143 -157.95 0
endloop
endfacet
facet normal 0 1 0
outer loop
vertex 157 -157.95 1.5
vertex 143 -157.95 0
vertex 143 -157.95 1.5
endloop
endfacet
facet normal 0 1 0
outer loop
vertex 176.05 -157.95 1.5
vertex 176.05 -157.95 0
vertex 162.05 -157.95 0
endloop
endfacet
facet normal 0 1 0
outer loop
vertex 176.05 -157.95 1.5
vertex 162.05 -157.95 0
vertex 162.05 -157.95 1.5
endloop
endfacet
facet normal 0 1 0
outer loop
vertex 404.65 -157.95 1.5
vertex 404.65 -157.95 0
vertex 390.65 -157.95 0
endloop
endfacet
facet normal 0 1 0
outer loop
vertex 404.65 -157.95 1.5
vertex 390.65 -157.95 0
vertex 390.65 -157.95 1.5
endloop
endfacet
facet normal 0 1 0
outer loop
vertex 423.7 -157.95 1.5
vertex 423.7 -157.95 0
vertex 409.7 -157.95 0
endloop
endfacet
facet normal 0 1 0
outer loop
vertex 423.7 -157.95 1.5
vertex 409.7 -157.95 0
vertex 409.7 -157.95 1.5
endloop
endfacet
facet normal 0 -1 0
outer loop
vertex 157 -143.95 0
vertex 157 -143.95 1.5
vertex 143 -143.95 1.5
endloop
endfacet
facet normal 0 -1 0
outer loop
vertex 157 -143.95 0
vertex 143 -143.95 1.5
vertex 143 -143.95 0
endloop
endfacet
facet normal 0 -1 0
outer loop
vertex 176.05 -143.95 0
vertex 176.05 -143.95 1.5
vertex 162.05 -143.95 1.5
endloop
endfacet
facet normal 0 -1 0
outer loop
vertex 176.05 -143.95 0
vertex 162.05 -143.95 1.5
vertex 162.05 -143.95 0
endloop
endfacet
facet normal 0 -1 0
outer loop
vertex 404.65 -143.95 0
vertex 404.65 -143.95 1.5
vertex 390.65 -143.95 1.5
endloop
endfacet
facet normal 0 -1 0
outer loop
vertex 404.65 -143.95 0
vertex 390.65 -143.95 1.5
vertex 390.65 -143.95 0
endloop
endfacet
facet normal 0 -1 0
outer loop
vertex 423.7 -143.95 0
vertex 423.7 -143.95 1.5
vertex 409.7 -143.95 1.5
endloop
endfacet
facet normal 0 -1 0
outer loop
vertex 423.7 -143.95 0
vertex 409.7 -143.95 1.5
vertex 409.7 -143.95 0
endloop
endfacet
facet normal 0 1 0
outer loop
vertex 157 -138.9 1.5
vertex 157 -138.9 0
vertex 143 -138.9 0
endloop
endfacet
facet normal 0 1 0
outer loop
vertex 157 -138.9 1.5
vertex 143 -138.9 0
vertex 143 -138.9 1.5
endloop
endfacet
facet normal 0 1 0
outer loop
vertex 176.05 -138.9 1.5
vertex 176.05 -138.9 0
vertex 162.05 -138.9 0
endloop
endfacet
facet normal 0 1 0
outer loop
vertex 176.05 -138.9 1.5
vertex 162.05 -138.9 0
vertex 162.05 -138.9 1.5
endloop
endfacet
facet normal 0 1 0
outer loop
vertex 271.3 -138.9 1.5
vertex 271.3 -138.9 0
vertex 257.3 -138.9 0
endloop
endfacet
facet normal 0 1 0
outer loop
vertex 271.3 -138.9 1.5
vertex 257.3 -138.9 0
vertex 257.3 -138.9 1.5
endloop
endfacet
facet normal 0 1 0
outer loop
vertex 309.4 -138.9 1.5
vertex 309.4 -138.9 0
vertex 295.4 -138.9 0
endloop
endfacet
facet normal 0 1 0
outer loop
vertex 309.4 -138.9 1.5
vertex 295.4 -138.9 0
vertex 295.4 -138.9 1.5
endloop
endfacet
facet normal 0 1 0
outer loop
vertex 404.65 -138.9 1.5
vertex 404.65 -138.9 0
vertex 390.65 -138.9 0
endloop
endfacet
facet normal 0 1 0
outer loop
vertex 404.65 -138.9 1.5
vertex 390.65 -138.9 0
vertex 390.65 -138.9 1.5
endloop
endfacet
facet normal 0 1 0
outer loop
vertex 423.7 -138.9 1.5
vertex 423.7 -138.9 0
vertex 409.7 -138.9 0
endloop
endfacet
facet normal 0 1 0
outer loop
vertex 423.7 -138.9 1.5
vertex 409.7 -138.9 0
vertex 409.7 -138.9 1.5
endloop
endfacet
facet normal 0 -1 0
outer loop
vertex 157 -124.9 0
vertex 157 -124.9 1.5
vertex 143 -124.9 1.5
endloop
endfacet
facet normal 0 -1 0
outer loop
vertex 157 -124.9 0
vertex 143 -124.9 1.5
vertex 143 -124.9 0
endloop
endfacet
facet normal 0 -1 0
outer loop
vertex 176.05 -124.9 0
vertex 176.05 -124.9 1.5
vertex 162.05 -124.9 1.5
endloop
endfacet
facet normal 0 -1 0
outer loop
vertex 176.05 -124.9 0
vertex 162.05 -124.9 1.5
vertex 162.05 -124.9 0
endloop
endfacet
facet normal 0 -1 0
outer loop
vertex 271.3 -124.9 0
vertex 271.3 -124.9 1.5
vertex 257.3 -124.9 1.5
endloop
endfacet
facet normal 0 -1 0
outer loop
vertex 271.3 -124.9 0
vertex 257.3 -124.9 1.5
vertex 257.3 -124.9 0
endloop
endfacet
facet normal 0 -1 0
outer loop
vertex 309.4 -124.9 0
vertex 309.4 -124.9 1.5
vertex 295.4 -124.9 1.5
endloop
endfacet
facet normal 0 -1 0
outer loop
vertex 309.4 -124.9 0
vertex 295.4 -124.9 1.5
vertex 295.4 -124.9 0
endloop
endfacet
facet normal 0 -1 0
outer loop
vertex 404.65 -124.9 0
vertex 404.65 -124.9 1.5
vertex 390.65 -124.9 1.5
endloop
endfacet
facet normal 0 -1 0
outer loop
vertex 404.65 -124.9 0
vertex 390.65 -124.9 1.5
vertex 390.65 -124.9 0
endloop
endfacet
facet normal 0 -1 0
outer loop
vertex 423.7 -124.9 0
vertex 423.7 -124.9 1.5
vertex 409.7 -124.9 1.5
endloop
endfacet
facet normal 0 -1 0
outer loop
vertex 423.7 -124.9 0
vertex 409.7 -124.9 1.5
vertex 409.7 -124.9 0
endloop
endfacet
facet normal 0 1 0
outer loop
vertex 157 -119.85 1.5
vertex 157 -119.85 0
vertex 143 -119.85 0
endloop
endfacet
facet normal 0 1 0
outer loop
vertex 157 -119.85 1.5
vertex 143 -119.85 0
vertex 143 -119.85 1.5
endloop
endfacet
facet normal 0 1 0
outer loop
vertex 176.05 -119.85 1.5
vertex 176.05 -119.85 0
vertex 162.05 -119.85 0
endloop
endfacet
facet normal 0 1 0
outer loop
vertex 176.05 -119.85 1.5
vertex 162.05 -119.85 0
vertex 162.05 -119.85 1.5
endloop
endfacet
facet normal 0 1 0
outer loop
vertex 271.3 -119.85 1.5
vertex 271.3 -119.85 0
vertex 257.3 -119.85 0
endloop
endfacet
facet normal 0 1 0
outer loop
vertex 271.3 -119.85 1.5
vertex 257.3 -119.85 0
vertex 257.3 -119.85 1.5
endloop
endfacet
facet normal 0 1 0
outer loop
vertex 309.4 -119.85 1.5
vertex 309.4 -119.85 0
vertex 295.4 -119.85 0
endloop
endfacet
facet normal 0 1 0
outer loop
vertex 309.4 -119.85 1.5
vertex 295.4 -119.85 0
vertex 295.4 -119.85 1.5
endloop
endfacet
facet normal 0 1 0
outer loop
vertex 404.65 -119.85 1.5
vertex 404.65 -119.85 0
vertex 390.65 -119.85 0
endloop
endfacet
facet normal 0 1 0
outer loop
vertex 404.65 -119.85 1.5
vertex 390.65 -119.85 0
vertex 390.65 -119.85 1.5
endloop
endfacet
facet normal 0 1 0
outer loop
vertex 423.7 -119.85 1.5
vertex 423.7 -119.85 0
vertex 409.7 -119.85 0
endloop
endfacet
facet normal 0 1 0
outer loop
vertex 423.7 -119.85 1.5
vertex 409.7 -119.85 0
vertex 409.7 -119.85 1.5
endloop
endfacet
facet normal 0 -1 0
outer loop
vertex 157 -105.85 0
vertex 157 -105.85 1.5
vertex 143 -105.85 1.5
endloop
endfacet
facet normal 0 -1 0
outer loop
vertex 157 -105.85 0
vertex 143 -105.85 1.5
vertex 143 -105.85 0
endloop
endfacet
facet normal 0 -1 0
outer loop
vertex 176.05 -105.85 0
vertex 176.05 -105.85 1.5
vertex 162.05 -105.85 1.5
endloop
endfacet
facet normal 0 -1 0
outer loop
vertex 176.05 -105.85 0
vertex 162.05 -105.85 1.5
vertex 162.05 -105.85 0
endloop
endfacet
facet normal 0 -1 0
outer loop
vertex 271.3 -105.85 0
vertex 271.3 -105.85 1.5
vertex 257.3 -105.85 1.5
endloop
endfacet
facet normal 0 -1 0
outer loop
vertex 271.3 -105.85 0
vertex 257.3 -105.85 1.5
vertex 257.3 -105.85 0
endloop
endfacet
facet normal 0 -1 0
outer loop
vertex 309.4 -105.85 0
vertex 309.4 -105.85 1.5
vertex 295.4 -105.85 1.5
endloop
endfacet
facet normal 0 -1 0
outer loop
vertex 309.4 -105.85 0
vertex 295.4 -105.85 1.5
vertex 295.4 -105.85 0
endloop
endfacet
facet normal 0 -1 0
outer loop
vertex 404.65 -105.85 0
vertex 404.65 -105.85 1.5
vertex 390.65 -105.85 1.5
endloop
endfacet
facet normal 0 -1 0
outer loop
vertex 404.65 -105.85 0
vertex 390.65 -105.85 1.5
vertex 390.65 -105.85 0
endloop
endfacet
facet normal 0 -1 0
outer loop
vertex 423.7 -105.85 0
vertex 423.7 -105.85 1.5
vertex 409.7 -105.85 1.5
endloop
endfacet
facet normal 0 -1 0
outer loop
vertex 423.7 -105.85 0
vertex 409.7 -105.85 1.5
vertex 409.7 -105.85 0
endloop
endfacet
facet normal 0 1 0
outer loop
vertex 157 -100.8 1.5
vertex 157 -100.8 0
vertex 143 -100.8 0
endloop
endfacet
facet normal 0 1 0
outer loop
vertex 157 -100.8 1.5
vertex 143 -100.8 0
vertex 143 -100.8 1.5
endloop
endfacet
facet normal 0 1 0
outer loop
vertex 176.05 -100.8 1.5
vertex 176.05 -100.8 0
vertex 162.05 -100.8 0
endloop
endfacet
facet normal 0 1 0
outer loop
vertex 176.05 -100.8 1.5
vertex 162.05 -100.8 0
vertex 162.05 -100.8 1.5
endloop
endfacet
facet normal 0 1 0
outer loop
vertex 271.3 -100.8 1.5
vertex 271.3 -100.8 0
vertex 257.3 -100.8 0
endloop
endfacet
facet normal 0 1 0
outer loop
vertex 271.3 -100.8 1.5
vertex 257.3 -100.8 0
vertex 257.3 -100.8 1.5
endloop
endfacet
facet normal 0 1 0
outer loop
vertex 309.4 -100.8 1.5
vertex 309.4 -100.8 0
vertex 295.4 -100.8 0
endloop
endfacet
facet normal 0 1 0
outer loop
vertex 309.4 -100.8 1.5
vertex 295.4 -100.8 0
vertex 295.4 -100.8 1.5
endloop
endfacet
facet normal 0 1 0
outer loop
vertex 404.65 -100.8 1.5
vertex 404.65 -100.8 0
vertex 390.65 -100.8 0
endloop
endfacet
facet normal 0 1 0
outer loop
vertex 404.65 -100.8 1.5
vertex 390.65 -100.8 0
vertex 390.65 -100.8 1.5
endloop
endfacet
facet normal 0 1 0
outer loop
vertex 423.7 -100.8 1.5
vertex 423.7 -100.8 0
vertex 409.7 -100.8 0
endloop
endfacet
facet normal 0 1 0
outer loop
vertex 423.7 -100.8 1.5
vertex 409.7 -100.8 0
vertex 409.7 -100.8 1.5
endloop
endfacet
facet normal 0 -1 0
outer loop
vertex 157 -86.8 0
vertex 157 -86.8 1.5
vertex 143 -86.8 1.5
endloop
endfacet
facet normal 0 -1 0
outer loop
vertex 157 -86.8 0
vertex 143 -86.8 1.5
vertex 143 -86.8 0
endloop
endfacet
facet normal 0 -1 0
outer loop
vertex 176.05 -86.8 0
vertex 176.05 -86.8 1.5
vertex 162.05 -86.8 1.5
endloop
endfacet
facet normal 0 -1 0
outer loop
vertex 176.05 -86.8 0
vertex 162.05 -86.8 1.5
vertex 162.05 -86.8 0
endloop
endfacet
facet normal 0 -1 0
outer loop
vertex 271.3 -86.8 0
vertex 271.3 -86.8 1.5
vertex 257.3 -86.8 1.5
endloop
endfacet
facet normal 0 -1 0
outer loop
vertex 271.3 -86.8 0
vertex 257.3 -86.8 1.5
vertex 257.3 -86.8 0
endloop
endfacet
facet normal 0 -1 0
outer loop
vertex 309.4 -86.8 0
vertex 309.4 -86.8 1.5
vertex 295.4 -86.8 1.5
endloop
endfacet
facet normal 0 -1 0
outer loop
vertex 309.4 -86.8 0
vertex 295.4 -86.8 1.5
vertex 295.4 -86.8 0
endloop
endfacet
facet normal 0 -1 0
outer loop
vertex 404.65 -86.8 0
vertex 404.65 -86.8 1.5
vertex 390.65 -86.8 1.5
endloop
endfacet
facet normal 0 -1 0
outer loop
vertex 404.65 -86.8 0
vertex 390.65 -86.8 1.5
vertex 390.65 -86.8 0
endloop
endfacet
facet normal 0 -1 0
outer loop
vertex 423.7 -86.8 0
vertex 423.7 -86.8 1.5
vertex 409.7 -86.8 1.5
endloop
endfacet
facet normal 0 -1 0
outer loop
vertex 423.7 -86.8 0
vertex 409.7 -86.8 1.5
vertex 409.7 -86.8 0
endloop
endfacet
facet normal -1 0 0
outer loop
vertex 404.65 -163 1.5
vertex 404.65 -163 0
vertex 404.65 -177 0
endloop
endfacet
facet normal -1 0 0
outer loop
vertex 404.65 -163 1.5
vertex 404.65 -177 0
vertex 404.65 -177 1.5
endloop
endfacet
facet normal -1 0 0
outer loop
vertex 404.65 -143.95 1.5
vertex 404.65 -143.95 0
vertex 404.65 -157.95 0
endloop
endfacet
facet normal -1 0 0
outer loop
vertex 404.65 -143.95 1.5
vertex 404.65 -157.95 0
vertex 404.65 -157.95 1.5
endloop
endfacet
facet normal -1 0 0
outer loop
vertex 404.65 -124.9 1.5
vertex 404.65 -124.9 0
vertex 404.65 -138.9 0
endloop
endfacet
facet normal -1 0 0
outer loop
vertex 404.65 -124.9 1.5
vertex 404.65 -138.9 0
vertex 404.65 -138.9 1.5
endloop
endfacet
facet normal -1 0 0
outer loop
vertex 404.65 -105.85 1.5
vertex 404.65 -105.85 0
vertex 404.65 -119.85 0
endloop
endfacet
facet normal -1 0 0
outer loop
vertex 404.65 -105.85 1.5
vertex 404.65 -119.85 0
vertex 404.65 -119.85 1.5
endloop
endfacet
facet normal -1 0 0
outer loop
vertex 404.65 -86.8 1.5
vertex 404.65 -86.8 0
vertex 404.65 -100.8 0
endloop
endfacet
facet normal -1 0 0
outer loop
vertex 404.65 -86.8 1.5
vertex 404.65 -100.8 0
vertex 404.65 -100.8 1.5
endloop
endfacet
facet normal 1 0 0
outer loop
vertex 390.65 -170.12910205000023 0
vertex 390.65 -170.05191710944928 0
vertex 390.65 -169.99176078884963 0
endloop
endfacet
facet normal 1 0 0
outer loop
vertex 390.65 -170.12910205000023 0
vertex 390.65 -169.99176078884963 0
vertex 390.65 -169.9491840999999 0
endloop
endfacet
facet normal 1 0 0
outer loop
vertex 390.65 -170.12910205000023 0
vertex 390.65 -169.9491840999999 0
vertex 390.65 -167.475 0
endloop
endfacet
facet normal 1 0 0
outer loop
vertex 390.65 -170.12910205000023 0
vertex 390.65 -167.475 0
vertex 390.65 -163 0
endloop
endfacet
facet normal 1 0 0
outer loop
vertex 390.65 -170.12910205000023 0
vertex 390.65 -163 0
vertex 390.65 -163 1.5
endloop
endfacet
facet normal 1 0 0
outer loop
vertex 390.65 -170.12910205000023 0
vertex 390.65 -163 1.5
vertex 390.65 -167.475 1.5
endloop
endfacet
facet normal 1 0 0
outer loop
vertex 390.65 -170.12910205000023 0
vertex 390.65 -167.475 1.5
vertex 390.65 -169.9491841 1.5
endloop
endfacet
facet normal 1 0 0
outer loop
vertex 390.65 -170.12910205000023 0
vertex 390.65 -169.9491841 1.5
vertex 390.65 -169.9917607888497 1.5
endloop
endfacet
facet normal 1 0 0
outer loop
vertex 390.65 -170.12910205000023 0
vertex 390.65 -169.9917607888497 1.5
vertex 390.65 -170.0519171094491 1.5
endloop
endfacet
facet normal 1 0 0
outer loop
vertex 390.65 -170.12910205000023 0
vertex 390.65 -170.0519171094491 1.5
vertex 390.65 -170.12910205000017 1.5
endloop
endfacet
facet normal 1 0 0
outer loop
vertex 390.65 -170.12910205000023 0
vertex 390.65 -170.12910205000017 1.5
vertex 390.65 -177 1.5
endloop
endfacet
facet normal 1 0 0
outer loop
vertex 390.65 -170.12910205000023 0
vertex 390.65 -177 1.5
vertex 390.65 -177 0
endloop
endfacet
facet normal 1 0 0
outer loop
vertex 390.65 -153.475 0
vertex 390.65 -148.7125 0
vertex 390.65 -148.425 0
endloop
endfacet
facet normal 1 0 0
outer loop
vertex 390.65 -153.475 0
vertex 390.65 -148.425 0
vertex 390.65 -143.95 0
endloop
endfacet
facet normal 1 0 0
outer loop
vertex 390.65 -153.475 0
vertex 390.65 -143.95 0
vertex 390.65 -143.95 1.5
endloop
endfacet
facet normal 1 0 0
outer loop
vertex 390.65 -153.475 0
vertex 390.65 -143.95 1.5
vertex 390.65 -148.425 1.5
endloop
endfacet
facet normal 1 0 0
outer loop
vertex 390.65 -153.475 0
vertex 390.65 -148.425 1.5
vertex 390.65 -148.7125 1.5
endloop
endfacet
facet normal 1 0 0
outer loop
vertex 390.65 -153.475 0
vertex 390.65 -148.7125 1.5
vertex 390.65 -153.475 1.5
endloop
endfacet
facet normal 1 0 0
outer loop
vertex 390.65 -153.475 0
vertex 390.65 -153.475 1.5
vertex 390.65 -157.95 1.5
endloop
endfacet
facet normal 1 0 0
outer loop
vertex 390.65 -153.475 0
vertex 390.65 -157.95 1.5
vertex 390.65 -157.95 0
endloop
endfacet
facet normal 1 0 0
outer loop
vertex 390.65 -134.425 0
vertex 390.65 -129.6625 0
vertex 390.65 -129.375 0
endloop
endfacet
facet normal 1 0 0
outer loop
vertex 390.65 -134.425 0
vertex 390.65 -129.375 0
vertex 390.65 -124.9 0
endloop
endfacet
facet normal 1 0 0
outer loop
vertex 390.65 -134.425 0
vertex 390.65 -124.9 0
vertex 390.65 -124.9 1.5
endloop
endfacet
facet normal 1 0 0
outer loop
vertex 390.65 -134.425 0
vertex 390.65 -124.9 1.5
vertex 390.65 -129.375 1.5
endloop
endfacet
facet normal 1 0 0
outer loop
vertex 390.65 -134.425 0
vertex 390.65 -129.375 1.5
vertex 390.65 -129.6625 1.5
endloop
endfacet
facet normal 1 0 0
outer loop
vertex 390.65 -134.425 0
vertex 390.65 -129.6625 1.5
vertex 390.65 -134.425 1.5
endloop
endfacet
facet normal 1 0 0
outer loop
vertex 390.65 -134.425 0
vertex 390.65 -134.425 1.5
vertex 390.65 -138.9 1.5
endloop
endfacet
facet normal 1 0 0
outer loop
vertex 390.65 -134.425 0
vertex 390.65 -138.9 1.5
vertex 390.65 -138.9 0
endloop
endfacet
facet normal 1 0 0
outer loop
vertex 390.65 -115.375 0
vertex 390.65 -110.6125 0
vertex 390.65 -110.325 0
endloop
endfacet
facet normal 1 0 0
outer loop
vertex 390.65 -115.375 0
vertex 390.65 -110.325 0
vertex 390.65 -105.85 0
endloop
endfacet
facet normal 1 0 0
outer loop
vertex 390.65 -115.375 0
vertex 390.65 -105.85 0
vertex 390.65 -105.85 1.5
endloop
endfacet
facet normal 1 0 0
outer loop
vertex 390.65 -115.375 0
vertex 390.65 -105.85 1.5
vertex 390.65 -110.325 1.5
endloop
endfacet
facet normal 1 0 0
outer loop
vertex 390.65 -115.375 0
vertex 390.65 -110.325 1.5
vertex 390.65 -110.6125 1.5
endloop
endfacet
facet normal 1 0 0
outer loop
vertex 390.65 -115.375 0
vertex 390.65 -110.6125 1.5
vertex 390.65 -115.375 1.5
endloop
endfacet
facet normal 1 0 0
outer loop
vertex 390.65 -115.375 0
vertex 390.65 -115.375 1.5
vertex 390.65 -119.85 1.5
endloop
endfacet
facet normal 1 0 0
outer loop
vertex 390.65 -115.375 0
vertex 390.65 -119.85 1.5
vertex 390.65 -119.85 0
endloop
endfacet
facet normal 1 0 0
outer loop
vertex 390.65 -96.325 0
vertex 390.65 -91.5625 0
vertex 390.65 -91.275 0
endloop
endfacet
facet normal 1 0 0
outer loop
vertex 390.65 -96.325 0
vertex 390.65 -91.275 0
vertex 390.65 -86.8 0
endloop
endfacet
facet normal 1 0 0
outer loop
vertex 390.65 -96.325 0
vertex 390.65 -86.8 0
vertex 390.65 -86.8 1.5
endloop
endfacet
facet normal 1 0 0
outer loop
vertex 390.65 -96.325 0
vertex 390.65 -86.8 1.5
vertex 390.65 -91.275 1.5
endloop
endfacet
facet normal 1 0 0
outer loop
vertex 390.65 -96.325 0
vertex 390.65 -91.275 1.5
vertex 390.65 -91.5625 1.5
endloop
endfacet
facet normal 1 0 0
outer loop
vertex 390.65 -96.325 0
vertex 390.65 -91.5625 1.5
vertex 390.65 -96.325 1.5
endloop
endfacet
facet normal 1 0 0
outer loop
vertex 390.65 -96.325 0
vertex 390.65 -96.325 1.5
vertex 390.65 -100.8 1.5
endloop
endfacet
facet normal 1 0 0
outer loop
vertex 390.65 -96.325 0
vertex 390.65 -100.8 1.5
vertex 390.65 -100.8 0
endloop
endfacet
facet normal 0 1 0
outer loop
vertex 195.1 -167.475 1.5
vertex 195.1 -167.475 0
vertex 181.1 -167.475 0
endloop
endfacet
facet normal 0 1 0
outer loop
vertex 195.1 -167.475 1.5
vertex 181.1 -167.475 0
vertex 181.1 -167.475 1.5
endloop
endfacet
facet normal 0 1 0
outer loop
vertex 385.6 -167.475 1.5
vertex 385.6 -167.475 0
vertex 371.6 -167.475 0
endloop
endfacet
facet normal 0 1 0
outer loop
vertex 385.6 -167.475 1.5
vertex 371.6 -167.475 0
vertex 371.6 -167.475 1.5
endloop
endfacet
facet normal -1 0 0
outer loop
vertex 385.6 -163 1.5
vertex 385.6 -157.95 1.5
vertex 385.6 -153.475 1.5
endloop
endfacet
facet normal -1 0 0
outer loop
vertex 385.6 -163 1.5
vertex 385.6 -153.475 1.5
vertex 385.6 -153.475 0
endloop
endfacet
facet normal -1 0 0
outer loop
vertex 385.6 -163 1.5
vertex 385.6 -153.475 0
vertex 385.6 -157.95 0
endloop
endfacet
facet normal -1 0 0
outer loop
vertex 385.6 -163 1.5
vertex 385.6 -157.95 0
vertex 385.6 -163 0
endloop
endfacet
facet normal -1 0 0
outer loop
vertex 385.6 -163 1.5
vertex 385.6 -163 0
vertex 385.6 -167.475 0
endloop
endfacet
facet normal -1 0 0
outer loop
vertex 385.6 -163 1.5
vertex 385.6 -167.475 0
vertex 385.6 -167.475 1.5
endloop
endfacet
facet normal -1 0 0
outer loop
vertex 385.6 -143.95 1.5
vertex 385.6 -138.9 1.5
vertex 385.6 -134.425 1.5
endloop
endfacet
facet normal -1 0 0
outer loop
vertex 385.6 -143.95 1.5
vertex 385.6 -134.425 1.5
vertex 385.6 -134.425 0
endloop
endfacet
facet normal -1 0 0
outer loop
vertex 385.6 -143.95 1.5
vertex 385.6 -134.425 0
vertex 385.6 -138.9 0
endloop
endfacet
facet normal -1 0 0
outer loop
vertex 385.6 -143.95 1.5
vertex 385.6 -138.9 0
vertex 385.6 -143.95 0
endloop
endfacet
facet normal -1 0 0
outer loop
vertex 385.6 -143.95 1.5
vertex 385.6 -143.95 0
vertex 385.6 -148.425 0
endloop
endfacet
facet normal -1 0 0
outer loop
vertex 385.6 -143.95 1.5
vertex 385.6 -148.425 0
vertex 385.6 -148.425 1.5
endloop
endfacet
facet normal -1 0 0
outer loop
vertex 385.6 -124.9 1.5
vertex 385.6 -119.85 1.5
vertex 385.6 -115.375 1.5
endloop
endfacet
facet normal -1 0 0
outer loop
vertex 385.6 -124.9 1.5
vertex 385.6 -115.375 1.5
vertex 385.6 -115.375 0
endloop
endfacet
facet normal -1 0 0
outer loop
vertex 385.6 -124.9 1.5
vertex 385.6 -115.375 0
vertex 385.6 -119.85 0
endloop
endfacet
facet normal -1 0 0
outer loop
vertex 385.6 -124.9 1.5
vertex 385.6 -119.85 0
vertex 385.6 -124.9 0
endloop
endfacet
facet normal -1 0 0
outer loop
vertex 385.6 -124.9 1.5
vertex 385.6 -124.9 0
vertex 385.6 -129.375 0
endloop
endfacet
facet normal -1 0 0
outer loop
vertex 385.6 -124.9 1.5
vertex 385.6 -129.375 0
vertex 385.6 -129.375 1.5
endloop
endfacet
facet normal -1 0 0
outer loop
vertex 385.6 -105.85 1.5
vertex 385.6 -100.8 1.5
vertex 385.6 -96.325 1.5
endloop
endfacet
facet normal -1 0 0
outer loop
vertex 385.6 -105.85 1.5
vertex 385.6 -96.325 1.5
vertex 385.6 -96.325 0
endloop
endfacet
facet normal -1 0 0
outer loop
vertex 385.6 -105.85 1.5
vertex 385.6 -96.325 0
vertex 385.6 -100.8 0
endloop
endfacet
facet normal -1 0 0
outer loop
vertex 385.6 -105.85 1.5
vertex 385.6 -100.8 0
vertex 385.6 -105.85 0
endloop
endfacet
facet normal -1 0 0
outer loop
vertex 385.6 -105.85 1.5
vertex 385.6 -105.85 0
vertex 385.6 -110.325 0
endloop
endfacet
facet normal -1 0 0
outer loop
vertex 385.6 -105.85 1.5
vertex 385.6 -110.325 0
vertex 385.6 -110.325 1.5
endloop
endfacet
facet normal -1 0 0
outer loop
vertex 385.6 -86.8 1.5
vertex 385.6 -83.275 1.5
vertex 385.6 -83.26158041852898 1.5
endloop
endfacet
facet normal -1 0 0
outer loop
vertex 385.6 -86.8 1.5
vertex 385.6 -83.26158041852898 1.5
vertex 385.6 -83.22149515423493 1.5
endloop
endfacet
facet normal -1 0 0
outer loop
vertex 385.6 -86.8 1.5
vertex 385.6 -83.22149515423493 1.5
vertex 385.6 -83.15528716832863 1.5
endloop
endfacet
facet normal -1 0 0
outer loop
vertex 385.6 -86.8 1.5
vertex 385.6 -83.15528716832863 1.5
vertex 385.6 -83.06384499999996 1.5
endloop
endfacet
facet normal -1 0 0
outer loop
vertex 385.6 -86.8 1.5
vertex 385.6 -83.06384499999996 1.5
vertex 385.6 -77.275 1.5
endloop
endfacet
facet normal -1 0 0
outer loop
vertex 385.6 -86.8 1.5
vertex 385.6 -77.275 1.5
vertex 385.6 -77.275 0
endloop
endfacet
facet normal -1 0 0
outer loop
vertex 385.6 -86.8 1.5
vertex 385.6 -77.275 0
vertex 385.6 -83.06384500000004 0
endloop
endfacet
facet normal -1 0 0
outer loop
vertex 385.6 -86.8 1.5
vertex 385.6 -83.06384500000004 0
vertex 385.6 -83.15528716832868 0
endloop
endfacet
facet normal -1 0 0
outer loop
vertex 385.6 -86.8 1.5
vertex 385.6 -83.15528716832868 0
vertex 385.6 -83.22149515423496 0
endloop
endfacet
facet normal -1 0 0
outer loop
vertex 385.6 -86.8 1.5
vertex 385.6 -83.22149515423496 0
vertex 385.6 -83.26158041852898 0
endloop
endfacet
facet normal -1 0 0
outer loop
vertex 385.6 -86.8 1.5
vertex 385.6 -83.26158041852898 0
vertex 385.6 -83.275 0
endloop
endfacet
facet normal -1 0 0
outer loop
vertex 385.6 -86.8 1.5
vertex 385.6 -83.275 0
vertex 385.6 -86.8 0
endloop
endfacet
facet normal -1 0 0
outer loop
vertex 385.6 -86.8 1.5
vertex 385.6 -86.8 0
vertex 385.6 -91.275 0
endloop
endfacet
facet normal -1 0 0
outer loop
vertex 385.6 -86.8 1.5
vertex 385.6 -91.275 0
vertex 385.6 -91.275 1.5
endloop
endfacet
facet normal 0 -1 0
outer loop
vertex 195.1 -153.475 0
vertex 195.1 -153.475 1.5
vertex 181.1 -153.475 1.5
endloop
endfacet
facet normal 0 -1 0
outer loop
vertex 195.1 -153.475 0
vertex 181.1 -153.475 1.5
vertex 181.1 -153.475 0
endloop
endfacet
facet normal 0 -1 0
outer loop
vertex 385.6 -153.475 0
vertex 385.6 -153.475 1.5
vertex 371.6 -153.475 1.5
endloop
endfacet
facet normal 0 -1 0
outer loop
vertex 385.6 -153.475 0
vertex 371.6 -153.475 1.5
vertex 371.6 -153.475 0
endloop
endfacet
facet normal 1 0 0
outer loop
vertex 371.6 -166.78871105000005 0
vertex 371.6 -166.75892205663115 0
vertex 371.6 -166.7117908 0
endloop
endfacet
facet normal 1 0 0
outer loop
vertex 371.6 -166.78871105000005 0
vertex 371.6 -166.7117908 0
vertex 371.6 -162.7125 0
endloop
endfacet
facet normal 1 0 0
outer loop
vertex 371.6 -166.78871105000005 0
vertex 371.6 -162.7125 0
vertex 371.6 -153.475 0
endloop
endfacet
facet normal 1 0 0
outer loop
vertex 371.6 -166.78871105000005 0
vertex 371.6 -153.475 0
vertex 371.6 -153.475 1.5
endloop
endfacet
facet normal 1 0 0
outer loop
vertex 371.6 -166.78871105000005 0
vertex 371.6 -153.475 1.5
vertex 371.6 -162.7125 1.5
endloop
endfacet
facet normal 1 0 0
outer loop
vertex 371.6 -166.78871105000005 0
vertex 371.6 -162.7125 1.5
vertex 371.6 -166.7117908 1.5
endloop
endfacet
facet normal 1 0 0
outer loop
vertex 371.6 -166.78871105000005 0
vertex 371.6 -166.7117908 1.5
vertex 371.6 -166.75892205663115 1.5
endloop
endfacet
facet normal 1 0 0
outer loop
vertex 371.6 -166.78871105000005 0
vertex 371.6 -166.75892205663115 1.5
vertex 371.6 -166.78871105000007 1.5
endloop
endfacet
facet normal 1 0 0
outer loop
vertex 371.6 -166.78871105000005 0
vertex 371.6 -166.78871105000007 1.5
vertex 371.6 -167.475 1.5
endloop
endfacet
facet normal 1 0 0
outer loop
vertex 371.6 -166.78871105000005 0
vertex 371.6 -167.475 1.5
vertex 371.6 -167.475 0
endloop
endfacet
facet normal 1 0 0
outer loop
vertex 371.6 -146.04375 0
vertex 371.6 -143.6625 0
vertex 371.6 -134.425 0
endloop
endfacet
facet normal 1 0 0
outer loop
vertex 371.6 -146.04375 0
vertex 371.6 -134.425 0
vertex 371.6 -134.425 1.5
endloop
endfacet
facet normal 1 0 0
outer loop
vertex 371.6 -146.04375 0
vertex 371.6 -134.425 1.5
vertex 371.6 -143.6625 1.5
endloop
endfacet
facet normal 1 0 0
outer loop
vertex 371.6 -146.04375 0
vertex 371.6 -143.6625 1.5
vertex 371.6 -146.04375 1.5
endloop
endfacet
facet normal 1 0 0
outer loop
vertex 371.6 -146.04375 0
vertex 371.6 -146.04375 1.5
vertex 371.6 -148.425 1.5
endloop
endfacet
facet normal 1 0 0
outer loop
vertex 371.6 -146.04375 0
vertex 371.6 -148.425 1.5
vertex 371.6 -148.425 0
endloop
endfacet
facet normal 1 0 0
outer loop
vertex 371.6 -126.99375 0
vertex 371.6 -124.6125 0
vertex 371.6 -115.375 0
endloop
endfacet
facet normal 1 0 0
outer loop
vertex 371.6 -126.99375 0
vertex 371.6 -115.375 0
vertex 371.6 -115.375 1.5
endloop
endfacet
facet normal 1 0 0
outer loop
vertex 371.6 -126.99375 0
vertex 371.6 -115.375 1.5
vertex 371.6 -124.6125 1.5
endloop
endfacet
facet normal 1 0 0
outer loop
vertex 371.6 -126.99375 0
vertex 371.6 -124.6125 1.5
vertex 371.6 -126.99375 1.5
endloop
endfacet
facet normal 1 0 0
outer loop
vertex 371.6 -126.99375 0
vertex 371.6 -126.99375 1.5
vertex 371.6 -129.375 1.5
endloop
endfacet
facet normal 1 0 0
outer loop
vertex 371.6 -126.99375 0
vertex 371.6 -129.375 1.5
vertex 371.6 -129.375 0
endloop
endfacet
facet normal 1 0 0
outer loop
vertex 371.6 -107.94375 0
vertex 371.6 -105.5625 0
vertex 371.6 -96.325 0
endloop
endfacet
facet normal 1 0 0
outer loop
vertex 371.6 -107.94375 0
vertex 371.6 -96.325 0
vertex 371.6 -96.325 1.5
endloop
endfacet
facet normal 1 0 0
outer loop
vertex 371.6 -107.94375 0
vertex 371.6 -96.325 1.5
vertex 371.6 -105.5625 1.5
endloop
endfacet
facet normal 1 0 0
outer loop
vertex 371.6 -107.94375 0
vertex 371.6 -105.5625 1.5
vertex 371.6 -107.94375 1.5
endloop
endfacet
facet normal 1 0 0
outer loop
vertex 371.6 -107.94375 0
vertex 371.6 -107.94375 1.5
vertex 371.6 -110.325 1.5
endloop
endfacet
facet normal 1 0 0
outer loop
vertex 371.6 -107.94375 0
vertex 371.6 -110.325 1.5
vertex 371.6 -110.325 0
endloop
endfacet
facet normal 1 0 0
outer loop
vertex 371.6 -88.89375 0
vertex 371.6 -86.5125 0
vertex 371.6 -77.275 0
endloop
endfacet
facet normal 1 0 0
outer loop
vertex 371.6 -88.89375 0
vertex 371.6 -77.275 0
vertex 371.6 -77.275 1.5
endloop
endfacet
facet normal 1 0 0
outer loop
vertex 371.6 -88.89375 0
vertex 371.6 -77.275 1.5
vertex 371.6 -86.5125 1.5
endloop
endfacet
facet normal 1 0 0
outer loop
vertex 371.6 -88.89375 0
vertex 371.6 -86.5125 1.5
vertex 371.6 -88.89375 1.5
endloop
endfacet
facet normal 1 0 0
outer loop
vertex 371.6 -88.89375 0
vertex 371.6 -88.89375 1.5
vertex 371.6 -91.275 1.5
endloop
endfacet
facet normal 1 0 0
outer loop
vertex 371.6 -88.89375 0
vertex 371.6 -91.275 1.5
vertex 371.6 -91.275 0
endloop
endfacet
facet normal 0 1 0
outer loop
vertex 195.1 -148.425 1.5
vertex 195.1 -148.425 0
vertex 181.1 -148.425 0
endloop
endfacet
facet normal 0 1 0
outer loop
vertex 195.1 -148.425 1.5
vertex 181.1 -148.425 0
vertex 181.1 -148.425 1.5
endloop
endfacet
facet normal 0 1 0
outer loop
vertex 252.25 -148.425 1.5
vertex 252.25 -148.425 0
vertex 238.25 -148.425 0
endloop
endfacet
facet normal 0 1 0
outer loop
vertex 252.25 -148.425 1.5
vertex 238.25 -148.425 0
vertex 238.25 -148.425 1.5
endloop
endfacet
facet normal 0 1 0
outer loop
vertex 328.45 -148.425 1.5
vertex 328.45 -148.425 0
vertex 314.45 -148.425 0
endloop
endfacet
facet normal 0 1 0
outer loop
vertex 328.45 -148.425 1.5
vertex 314.45 -148.425 0
vertex 314.45 -148.425 1.5
endloop
endfacet
facet normal 0 1 0
outer loop
vertex 385.6 -148.425 1.5
vertex 385.6 -148.425 0
vertex 371.6 -148.425 0
endloop
endfacet
facet normal 0 1 0
outer loop
vertex 385.6 -148.425 1.5
vertex 371.6 -148.425 0
vertex 371.6 -148.425 1.5
endloop
endfacet
facet normal 0 -1 0
outer loop
vertex 195.1 -134.425 0
vertex 195.1 -134.425 1.5
vertex 181.1 -134.425 1.5
endloop
endfacet
facet normal 0 -1 0
outer loop
vertex 195.1 -134.425 0
vertex 181.1 -134.425 1.5
vertex 181.1 -134.425 0
endloop
endfacet
facet normal 0 -1 0
outer loop
vertex 252.25 -134.425 0
vertex 252.25 -134.425 1.5
vertex 238.25 -134.425 1.5
endloop
endfacet
facet normal 0 -1 0
outer loop
vertex 252.25 -134.425 0
vertex 238.25 -134.425 1.5
vertex 238.25 -134.425 0
endloop
endfacet
facet normal 0 -1 0
outer loop
vertex 328.45 -134.425 0
vertex 328.45 -134.425 1.5
vertex 314.45 -134.425 1.5
endloop
endfacet
facet normal 0 -1 0
outer loop
vertex 328.45 -134.425 0
vertex 314.45 -134.425 1.5
vertex 314.45 -134.425 0
endloop
endfacet
facet normal 0 -1 0
outer loop
vertex 385.6 -134.425 0
vertex 385.6 -134.425 1.5
vertex 371.6 -134.425 1.5
endloop
endfacet
facet normal 0 -1 0
outer loop
vertex 385.6 -134.425 0
vertex 371.6 -134.425 1.5
vertex 371.6 -134.425 0
endloop
endfacet
facet normal 0 1 0
outer loop
vertex 195.1 -129.375 1.5
vertex 195.1 -129.375 0
vertex 181.1 -129.375 0
endloop
endfacet
facet normal 0 1 0
outer loop
vertex 195.1 -129.375 1.5
vertex 181.1 -129.375 0
vertex 181.1 -129.375 1.5
endloop
endfacet
facet normal 0 1 0
outer loop
vertex 252.25 -129.375 1.5
vertex 252.25 -129.375 0
vertex 238.25 -129.375 0
endloop
endfacet
facet normal 0 1 0
outer loop
vertex 252.25 -129.375 1.5
vertex 238.25 -129.375 0
vertex 238.25 -129.375 1.5
endloop
endfacet
facet normal 0 1 0
outer loop
vertex 328.45 -129.375 1.5
vertex 328.45 -129.375 0
vertex 314.45 -129.375 0
endloop
endfacet
facet normal 0 1 0
outer loop
vertex 328.45 -129.375 1.5
vertex 314.45 -129.375 0
vertex 314.45 -129.375 1.5
endloop
endfacet
facet normal 0 1 0
outer loop
vertex 385.6 -129.375 1.5
vertex 385.6 -129.375 0
vertex 371.6 -129.375 0
endloop
endfacet
facet normal 0 1 0
outer loop
vertex 385.6 -129.375 1.5
vertex 371.6 -129.375 0
vertex 371.6 -129.375 1.5
endloop
endfacet
facet normal 0 -1 0
outer loop
vertex 195.1 -115.375 0
vertex 195.1 -115.375 1.5
vertex 181.1 -115.375 1.5
endloop
endfacet
facet normal 0 -1 0
outer loop
vertex 195.1 -115.375 0
vertex 181.1 -115.375 1.5
vertex 181.1 -115.375 0
endloop
endfacet
facet normal 0 -1 0
outer loop
vertex 252.25 -115.375 0
vertex 252.25 -115.375 1.5
vertex 238.25 -115.375 1.5
endloop
endfacet
facet normal 0 -1 0
outer loop
vertex 252.25 -115.375 0
vertex 238.25 -115.375 1.5
vertex 238.25 -115.375 0
endloop
endfacet
facet normal 0 -1 0
outer loop
vertex 328.45 -115.375 0
vertex 328.45 -115.375 1.5
vertex 314.45 -115.375 1.5
endloop
endfacet
facet normal 0 -1 0
outer loop
vertex 328.45 -115.375 0
vertex 314.45 -115.375 1.5
vertex 314.45 -115.375 0
endloop
endfacet
facet normal 0 -1 0
outer loop
vertex 385.6 -115.375 0
vertex 385.6 -115.375 1.5
vertex 371.6 -115.375 1.5
endloop
endfacet
facet normal 0 -1 0
outer loop
vertex 385.6 -115.375 0
vertex 371.6 -115.375 1.5
vertex 371.6 -115.375 0
endloop
endfacet
facet normal 0 1 0
outer loop
vertex 195.1 -110.325 1.5
vertex 195.1 -110.325 0
vertex 181.1 -110.325 0
endloop
endfacet
facet normal 0 1 0
outer loop
vertex 195.1 -110.325 1.5
vertex 181.1 -110.325 0
vertex 181.1 -110.325 1.5
endloop
endfacet
facet normal 0 1 0
outer loop
vertex 252.25 -110.325 1.5
vertex 252.25 -110.325 0
vertex 238.25 -110.325 0
endloop
endfacet
facet normal 0 1 0
outer loop
vertex 252.25 -110.325 1.5
vertex 238.25 -110.325 0
vertex 238.25 -110.325 1.5
endloop
endfacet
facet normal 0 1 0
outer loop
vertex 328.45 -110.325 1.5
vertex 328.45 -110.325 0
vertex 314.45 -110.325 0
endloop
endfacet
facet normal 0 1 0
outer loop
vertex 328.45 -110.325 1.5
vertex 314.45 -110.325 0
vertex 314.45 -110.325 1.5
endloop
endfacet
facet normal 0 1 0
outer loop
vertex 385.6 -110.325 1.5
vertex 385.6 -110.325 0
vertex 371.6 -110.325 0
endloop
endfacet
facet normal 0 1 0
outer loop
vertex 385.6 -110.325 1.5
vertex 371.6 -110.325 0
vertex 371.6 -110.325 1.5
endloop
endfacet
facet normal 0 -1 0
outer loop
vertex 195.1 -96.325 0
vertex 195.1 -96.325 1.5
vertex 181.1 -96.325 1.5
endloop
endfacet
facet normal 0 -1 0
outer loop
vertex 195.1 -96.325 0
vertex 181.1 -96.325 1.5
vertex 181.1 -96.325 0
endloop
endfacet
facet normal 0 -1 0
outer loop
vertex 252.25 -96.325 0
vertex 252.25 -96.325 1.5
vertex 238.25 -96.325 1.5
endloop
endfacet
facet normal 0 -1 0
outer loop
vertex 252.25 -96.325 0
vertex 238.25 -96.325 1.5
vertex 238.25 -96.325 0
endloop
endfacet
facet normal 0 -1 0
outer loop
vertex 328.45 -96.325 0
vertex 328.45 -96.325 1.5
vertex 314.45 -96.325 1.5
endloop
endfacet
facet normal 0 -1 0
outer loop
vertex 328.45 -96.325 0
vertex 314.45 -96.325 1.5
vertex 314.45 -96.325 0
endloop
endfacet
facet normal 0 -1 0
outer loop
vertex 385.6 -96.325 0
vertex 385.6 -96.325 1.5
vertex 371.6 -96.325 1.5
endloop
endfacet
facet normal 0 -1 0
outer loop
vertex 385.6 -96.325 0
vertex 371.6 -96.325 1.5
vertex 371.6 -96.325 0
endloop
endfacet
facet normal 0 1 0
outer loop
vertex 195.1 -91.275 1.5
vertex 195.1 -91.275 0
vertex 181.1 -91.275 0
endloop
endfacet
facet normal 0 1 0
outer loop
vertex 195.1 -91.275 1.5
vertex 181.1 -91.275 0
vertex 181.1 -91.275 1.5
endloop
endfacet
facet normal 0 1 0
outer loop
vertex 252.25 -91.275 1.5
vertex 252.25 -91.275 0
vertex 238.25 -91.275 0
endloop
endfacet
facet normal 0 1 0
outer loop
vertex 252.25 -91.275 1.5
vertex 238.25 -91.275 0
vertex 238.25 -91.275 1.5
endloop
endfacet
facet normal 0 1 0
outer loop
vertex 328.45 -91.275 1.5
vertex 328.45 -91.275 0
vertex 314.45 -91.275 0
endloop
endfacet
facet normal 0 1 0
outer loop
vertex 328.45 -91.275 1.5
vertex 314.45 -91.275 0
vertex 314.45 -91.275 1.5
endloop
endfacet
facet normal 0 1 0
outer loop
vertex 385.6 -91.275 1.5
vertex 385.6 -91.275 0
vertex 371.6 -91.275 0
endloop
endfacet
facet normal 0 1 0
outer loop
vertex 385.6 -91.275 1.5
vertex 371.6 -91.275 0
vertex 371.6 -91.275 1.5
endloop
endfacet
facet normal 0 -1 0
outer loop
vertex 195.1 -77.275 0
vertex 195.1 -77.275 1.5
vertex 181.1 -77.275 1.5
endloop
endfacet
facet normal 0 -1 0
outer loop
vertex 195.1 -77.275 0
vertex 181.1 -77.275 1.5
vertex 181.1 -77.275 0
endloop
endfacet
facet normal 0 -1 0
outer loop
vertex 252.25 -77.275 0
vertex 252.25 -77.275 1.5
vertex 238.25 -77.275 1.5
endloop
endfacet
facet normal 0 -1 0
outer loop
vertex 252.25 -77.275 0
vertex 238.25 -77.275 1.5
vertex 238.25 -77.275 0
endloop
endfacet
facet normal 0 -1 0
outer loop
vertex 328.45 -77.275 0
vertex 328.45 -77.275 1.5
vertex 314.45 -77.275 1.5
endloop
endfacet
facet normal 0 -1 0
outer loop
vertex 328.45 -77.275 0
vertex 314.45 -77.275 1.5
vertex 314.45 -77.275 0
endloop
endfacet
facet normal 0 -1 0
outer loop
vertex 385.6 -77.275 0
vertex 385.6 -77.275 1.5
vertex 371.6 -77.275 1.5
endloop
endfacet
facet normal 0 -1 0
outer loop
vertex 385.6 -77.275 0
vertex 371.6 -77.275 1.5
vertex 371.6 -77.275 0
endloop
endfacet
facet normal 0 1 0
outer loop
vertex 214.15 -162.7125 1.5
vertex 214.15 -162.7125 0
vertex 200.15 -162.7125 0
endloop
endfacet
facet normal 0 1 0
outer loop
vertex 214.15 -162.7125 1.5
vertex 200.15 -162.7125 0
vertex 200.15 -162.7125 1.5
endloop
endfacet
facet normal 0 1 0
outer loop
vertex 366.55 -162.7125 1.5
vertex 366.55 -162.7125 0
vertex 352.55 -162.7125 0
endloop
endfacet
facet normal 0 1 0
outer loop
vertex 366.55 -162.7125 1.5
vertex 352.55 -162.7125 0
vertex 352.55 -162.7125 1.5
endloop
endfacet
facet normal -1 0 0
outer loop
vertex 366.55 -153.475 1.5
vertex 366.55 -148.7125 1.5
vertex 366.55 -148.7125 0
endloop
endfacet
facet normal -1 0 0
outer loop
vertex 366.55 -153.475 1.5
vertex 366.55 -148.7125 0
vertex 366.55 -153.475 0
endloop
endfacet
facet normal -1 0 0
outer loop
vertex 366.55 -153.475 1.5
vertex 366.55 -153.475 0
vertex 366.55 -162.7125 0
endloop
endfacet
facet normal -1 0 0
outer loop
vertex 366.55 -153.475 1.5
vertex 366.55 -162.7125 0
vertex 366.55 -162.7125 1.5
endloop
endfacet
facet normal -1 0 0
outer loop
vertex 366.55 -134.425 1.5
vertex 366.55 -129.6625 1.5
vertex 366.55 -129.6625 0
endloop
endfacet
facet normal -1 0 0
outer loop
vertex 366.55 -134.425 1.5
vertex 366.55 -129.6625 0
vertex 366.55 -134.425 0
endloop
endfacet
facet normal -1 0 0
outer loop
vertex 366.55 -134.425 1.5
vertex 366.55 -134.425 0
vertex 366.55 -143.6625 0
endloop
endfacet
facet normal -1 0 0
outer loop
vertex 366.55 -134.425 1.5
vertex 366.55 -143.6625 0
vertex 366.55 -143.6625 1.5
endloop
endfacet
facet normal -1 0 0
outer loop
vertex 366.55 -115.375 1.5
vertex 366.55 -110.6125 1.5
vertex 366.55 -110.6125 0
endloop
endfacet
facet normal -1 0 0
outer loop
vertex 366.55 -115.375 1.5
vertex 366.55 -110.6125 0
vertex 366.55 -115.375 0
endloop
endfacet
facet normal -1 0 0
outer loop
vertex 366.55 -115.375 1.5
vertex 366.55 -115.375 0
vertex 366.55 -124.6125 0
endloop
endfacet
facet normal -1 0 0
outer loop
vertex 366.55 -115.375 1.5
vertex 366.55 -124.6125 0
vertex 366.55 -124.6125 1.5
endloop
endfacet
facet normal -1 0 0
outer loop
vertex 366.55 -96.325 1.5
vertex 366.55 -91.5625 1.5
vertex 366.55 -91.5625 0
endloop
endfacet
facet normal -1 0 0
outer loop
vertex 366.55 -96.325 1.5
vertex 366.55 -91.5625 0
vertex 366.55 -96.325 0
endloop
endfacet
facet normal -1 0 0
outer loop
vertex 366.55 -96.325 1.5
vertex 366.55 -96.325 0
vertex 366.55 -105.5625 0
endloop
endfacet
facet normal -1 0 0
outer loop
vertex 366.55 -96.325 1.5
vertex 366.55 -105.5625 0
vertex 366.55 -105.5625 1.5
endloop
endfacet
facet normal -1 0 0
outer loop
vertex 366.55 -77.275 1.5
vertex 366.55 -72.5125 1.5
vertex 366.55 -72.5125 0
endloop
endfacet
facet normal -1 0 0
outer loop
vertex 366.55 -77.275 1.5
vertex 366.55 -72.5125 0
vertex 366.55 -77.275 0
endloop
endfacet
facet normal -1 0 0
outer loop
vertex 366.55 -77.275 1.5
vertex 366.55 -77.275 0
vertex 366.55 -86.5125 0
endloop
endfacet
facet normal -1 0 0
outer loop
vertex 366.55 -77.275 1.5
vertex 366.55 -86.5125 0
vertex 366.55 -86.5125 1.5
endloop
endfacet
facet normal 0 -1 0
outer loop
vertex 214.15 -148.7125 0
vertex 214.15 -148.7125 1.5
vertex 200.15 -148.7125 1.5
endloop
endfacet
facet normal 0 -1 0
outer loop
vertex 214.15 -148.7125 0
vertex 200.15 -148.7125 1.5
vertex 200.15 -148.7125 0
endloop
endfacet
facet normal 0 -1 0
outer loop
vertex 366.55 -148.7125 0
vertex 366.55 -148.7125 1.5
vertex 352.55 -148.7125 1.5
endloop
endfacet
facet normal 0 -1 0
outer loop
vertex 366.55 -148.7125 0
vertex 352.55 -148.7125 1.5
vertex 352.55 -148.7125 0
endloop
endfacet
facet normal 1 0 0
outer loop
vertex 352.55 -153.7312169 0
vertex 352.55 -148.7125 0
vertex 352.55 -148.7125 1.5
endloop
endfacet
facet normal 1 0 0
outer loop
vertex 352.55 -153.7312169 0
vertex 352.55 -148.7125 1.5
vertex 352.55 -153.7312169 1.5
endloop
endfacet
facet normal 1 0 0
outer loop
vertex 352.55 -153.7312169 0
vertex 352.55 -153.7312169 1.5
vertex 352.55 -162.7125 1.5
endloop
endfacet
facet normal 1 0 0
outer loop
vertex 352.55 -153.7312169 0
vertex 352.55 -162.7125 1.5
vertex 352.55 -162.7125 0
endloop
endfacet
facet normal 1 0 0
outer loop
vertex 352.55 -132.04375 0
vertex 352.55 -129.6625 0
vertex 352.55 -129.6625 1.5
endloop
endfacet
facet normal 1 0 0
outer loop
vertex 352.55 -132.04375 0
vertex 352.55 -129.6625 1.5
vertex 352.55 -132.04375 1.5
endloop
endfacet
facet normal 1 0 0
outer loop
vertex 352.55 -132.04375 0
vertex 352.55 -132.04375 1.5
vertex 352.55 -143.6625 1.5
endloop
endfacet
facet normal 1 0 0
outer loop
vertex 352.55 -132.04375 0
vertex 352.55 -143.6625 1.5
vertex 352.55 -143.6625 0
endloop
endfacet
facet normal 1 0 0
outer loop
vertex 352.55 -112.99375 0
vertex 352.55 -110.6125 0
vertex 352.55 -110.6125 1.5
endloop
endfacet
facet normal 1 0 0
outer loop
vertex 352.55 -112.99375 0
vertex 352.55 -110.6125 1.5
vertex 352.55 -112.99375 1.5
endloop
endfacet
facet normal 1 0 0
outer loop
vertex 352.55 -112.99375 0
vertex 352.55 -112.99375 1.5
vertex 352.55 -124.6125 1.5
endloop
endfacet
facet normal 1 0 0
outer loop
vertex 352.55 -112.99375 0
vertex 352.55 -124.6125 1.5
vertex 352.55 -124.6125 0
endloop
endfacet
facet normal 1 0 0
outer loop
vertex 352.55 -93.94375 0
vertex 352.55 -91.5625 0
vertex 352.55 -91.5625 1.5
endloop
endfacet
facet normal 1 0 0
outer loop
vertex 352.55 -93.94375 0
vertex 352.55 -91.5625 1.5
vertex 352.55 -93.94375 1.5
endloop
endfacet
facet normal 1 0 0
outer loop
vertex 352.55 -93.94375 0
vertex 352.55 -93.94375 1.5
vertex 352.55 -105.5625 1.5
endloop
endfacet
facet normal 1 0 0
outer loop
vertex 352.55 -93.94375 0
vertex 352.55 -105.5625 1.5
vertex 352.55 -105.5625 0
endloop
endfacet
facet normal 1 0 0
outer loop
vertex 352.55 -74.89375 0
vertex 352.55 -72.5125 0
vertex 352.55 -72.5125 1.5
endloop
endfacet
facet normal 1 0 0
outer loop
vertex 352.55 -74.89375 0
vertex 352.55 -72.5125 1.5
vertex 352.55 -74.89375 1.5
endloop
endfacet
facet normal 1 0 0
outer loop
vertex 352.55 -74.89375 0
vertex 352.55 -74.89375 1.5
vertex 352.55 -86.5125 1.5
endloop
endfacet
facet normal 1 0 0
outer loop
vertex 352.55 -74.89375 0
vertex 352.55 -86.5125 1.5
vertex 352.55 -86.5125 0
endloop
endfacet
facet normal 0 1 0
outer loop
vertex 214.15 -143.6625 1.5
vertex 214.15 -143.6625 0
vertex 200.15 -143.6625 0
endloop
endfacet
facet normal 0 1 0
outer loop
vertex 214.15 -143.6625 1.5
vertex 200.15 -143.6625 0
vertex 200.15 -143.6625 1.5
endloop
endfacet
facet normal 0 1 0
outer loop
vertex 366.55 -143.6625 1.5
vertex 366.55 -143.6625 0
vertex 352.55 -143.6625 0
endloop
endfacet
facet normal 0 1 0
outer loop
vertex 366.55 -143.6625 1.5
vertex 352.55 -143.6625 0
vertex 352.55 -143.6625 1.5
endloop
endfacet
facet normal 0 -1 0
outer loop
vertex 214.15 -129.6625 0
vertex 214.15 -129.6625 1.5
vertex 200.15 -129.6625 1.5
endloop
endfacet
facet normal 0 -1 0
outer loop
vertex 214.15 -129.6625 0
vertex 200.15 -129.6625 1.5
vertex 200.15 -129.6625 0
endloop
endfacet
facet normal 0 -1 0
outer loop
vertex 366.55 -129.6625 0
vertex 366.55 -129.6625 1.5
vertex 352.55 -129.6625 1.5
endloop
endfacet
facet normal 0 -1 0
outer loop
vertex 366.55 -129.6625 0
vertex 352.55 -129.6625 1.5
vertex 352.55 -129.6625 0
endloop
endfacet
facet normal 0 1 0
outer loop
vertex 214.15 -124.6125 1.5
vertex 214.15 -124.6125 0
vertex 200.15 -124.6125 0
endloop
endfacet
facet normal 0 1 0
outer loop
vertex 214.15 -124.6125 1.5
vertex 200.15 -124.6125 0
vertex 200.15 -124.6125 1.5
endloop
endfacet
facet normal 0 1 0
outer loop
vertex 366.55 -124.6125 1.5
vertex 366.55 -124.6125 0
vertex 352.55 -124.6125 0
endloop
endfacet
facet normal 0 1 0
outer loop
vertex 366.55 -124.6125 1.5
vertex 352.55 -124.6125 0
vertex 352.55 -124.6125 1.5
endloop
endfacet
facet normal 0 -1 0
outer loop
vertex 214.15 -110.6125 0
vertex 214.15 -110.6125 1.5
vertex 200.15 -110.6125 1.5
endloop
endfacet
facet normal 0 -1 0
outer loop
vertex 214.15 -110.6125 0
vertex 200.15 -110.6125 1.5
vertex 200.15 -110.6125 0
endloop
endfacet
facet normal 0 -1 0
outer loop
vertex 366.55 -110.6125 0
vertex 366.55 -110.6125 1.5
vertex 352.55 -110.6125 1.5
endloop
endfacet
facet normal 0 -1 0
outer loop
vertex 366.55 -110.6125 0
vertex 352.55 -110.6125 1.5
vertex 352.55 -110.6125 0
endloop
endfacet
facet normal 0 1 0
outer loop
vertex 214.15 -105.5625 1.5
vertex 214.15 -105.5625 0
vertex 200.15 -105.5625 0
endloop
endfacet
facet normal 0 1 0
outer loop
vertex 214.15 -105.5625 1.5
vertex 200.15 -105.5625 0
vertex 200.15 -105.5625 1.5
endloop
endfacet
facet normal 0 1 0
outer loop
vertex 366.55 -105.5625 1.5
vertex 366.55 -105.5625 0
vertex 352.55 -105.5625 0
endloop
endfacet
facet normal 0 1 0
outer loop
vertex 366.55 -105.5625 1.5
vertex 352.55 -105.5625 0
vertex 352.55 -105.5625 1.5
endloop
endfacet
facet normal 0 -1 0
outer loop
vertex 214.15 -91.5625 0
vertex 214.15 -91.5625 1.5
vertex 200.15 -91.5625 1.5
endloop
endfacet
facet normal 0 -1 0
outer loop
vertex 214.15 -91.5625 0
vertex 200.15 -91.5625 1.5
vertex 200.15 -91.5625 0
endloop
endfacet
facet normal 0 -1 0
outer loop
vertex 366.55 -91.5625 0
vertex 366.55 -91.5625 1.5
vertex 352.55 -91.5625 1.5
endloop
endfacet
facet normal 0 -1 0
outer loop
vertex 366.55 -91.5625 0
vertex 352.55 -91.5625 1.5
vertex 352.55 -91.5625 0
endloop
endfacet
facet normal 0 1 0
outer loop
vertex 214.15 -86.5125 1.5
vertex 214.15 -86.5125 0
vertex 200.15 -86.5125 0
endloop
endfacet
facet normal 0 1 0
outer loop
vertex 214.15 -86.5125 1.5
vertex 200.15 -86.5125 0
vertex 200.15 -86.5125 1.5
endloop
endfacet
facet normal 0 1 0
outer loop
vertex 366.55 -86.5125 1.5
vertex 366.55 -86.5125 0
vertex 352.55 -86.5125 0
endloop
endfacet
facet normal 0 1 0
outer loop
vertex 366.55 -86.5125 1.5
vertex 352.55 -86.5125 0
vertex 352.55 -86.5125 1.5
endloop
endfacet
facet normal 0 -1 0
outer loop
vertex 214.15 -72.5125 0
vertex 214.15 -72.5125 1.5
vertex 200.15 -72.5125 1.5
endloop
endfacet
facet normal 0 -1 0
outer loop
vertex 214.15 -72.5125 0
vertex 200.15 -72.5125 1.5
vertex 200.15 -72.5125 0
endloop
endfacet
facet normal 0 -1 0
outer loop
vertex 366.55 -72.5125 0
vertex 366.55 -72.5125 1.5
vertex 352.55 -72.5125 1.5
endloop
endfacet
facet normal 0 -1 0
outer loop
vertex 366.55 -72.5125 0
vertex 352.55 -72.5125 1.5
vertex 352.55 -72.5125 0
endloop
endfacet
facet normal 0 1 0
outer loop
vertex 233.2 -146.04375 1.5
vertex 233.2 -146.04375 0
vertex 219.2 -146.04375 0
endloop
endfacet
facet normal 0 1 0
outer loop
vertex 233.2 -146.04375 1.5
vertex 219.2 -146.04375 0
vertex 219.2 -146.04375 1.5
endloop
endfacet
facet normal 0 1 0
outer loop
vertex 347.5 -146.04375 1.5
vertex 347.5 -146.04375 0
vertex 333.5 -146.04375 0
endloop
endfacet
facet normal 0 1 0
outer loop
vertex 347.5 -146.04375 1.5
vertex 333.5 -146.04375 0
vertex 333.5 -146.04375 1.5
endloop
endfacet
facet normal -1 0 0
outer loop
vertex 347.5 -143.6625 1.5
vertex 347.5 -132.04375 1.5
vertex 347.5 -132.04375 0
endloop
endfacet
facet normal -1 0 0
outer loop
vertex 347.5 -143.6625 1.5
vertex 347.5 -132.04375 0
vertex 347.5 -143.6625 0
endloop
endfacet
facet normal -1 0 0
outer loop
vertex 347.5 -143.6625 1.5
vertex 347.5 -143.6625 0
vertex 347.5 -146.04375 0
endloop
endfacet
facet normal -1 0 0
outer loop
vertex 347.5 -143.6625 1.5
vertex 347.5 -146.04375 0
vertex 347.5 -146.04375 1.5
endloop
endfacet
facet normal -1 0 0
outer loop
vertex 347.5 -124.6125 1.5
vertex 347.5 -112.99375 1.5
vertex 347.5 -112.99375 0
endloop
endfacet
facet normal -1 0 0
outer loop
vertex 347.5 -124.6125 1.5
vertex 347.5 -112.99375 0
vertex 347.5 -124.6125 0
endloop
endfacet
facet normal -1 0 0
outer loop
vertex 347.5 -124.6125 1.5
vertex 347.5 -124.6125 0
vertex 347.5 -126.99375 0
endloop
endfacet
facet normal -1 0 0
outer loop
vertex 347.5 -124.6125 1.5
vertex 347.5 -126.99375 0
vertex 347.5 -126.99375 1.5
endloop
endfacet
facet normal -1 0 0
outer loop
vertex 347.5 -105.5625 1.5
vertex 347.5 -93.94375 1.5
vertex 347.5 -93.94375 0
endloop
endfacet
facet normal -1 0 0
outer loop
vertex 347.5 -105.5625 1.5
vertex 347.5 -93.94375 0
vertex 347.5 -105.5625 0
endloop
endfacet
facet normal -1 0 0
outer loop
vertex 347.5 -105.5625 1.5
vertex 347.5 -105.5625 0
vertex 347.5 -107.94375 0
endloop
endfacet
facet normal -1 0 0
outer loop
vertex 347.5 -105.5625 1.5
vertex 347.5 -107.94375 0
vertex 347.5 -107.94375 1.5
endloop
endfacet
facet normal -1 0 0
outer loop
vertex 347.5 -86.5125 1.5
vertex 347.5 -74.89375 1.5
vertex 347.5 -74.89375 0
endloop
endfacet
facet normal -1 0 0
outer loop
vertex 347.5 -86.5125 1.5
vertex 347.5 -74.89375 0
vertex 347.5 -86.5125 0
endloop
endfacet
facet normal -1 0 0
outer loop
vertex 347.5 -86.5125 1.5
vertex 347.5 -86.5125 0
vertex 347.5 -88.89375 0
endloop
endfacet
facet normal -1 0 0
outer loop
vertex 347.5 -86.5125 1.5
vertex 347.5 -88.89375 0
vertex 347.5 -88.89375 1.5
endloop
endfacet
facet normal 0 -1 0
outer loop
vertex 233.2 -132.04375 0
vertex 233.2 -132.04375 1.5
vertex 219.2 -132.04375 1.5
endloop
endfacet
facet normal 0 -1 0
outer loop
vertex 233.2 -132.04375 0
vertex 219.2 -132.04375 1.5
vertex 219.2 -132.04375 0
endloop
endfacet
facet normal 0 -1 0
outer loop
vertex 347.5 -132.04375 0
vertex 347.5 -132.04375 1.5
vertex 333.5 -132.04375 1.5
endloop
endfacet
facet normal 0 -1 0
outer loop
vertex 347.5 -132.04375 0
vertex 333.5 -132.04375 1.5
vertex 333.5 -132.04375 0
endloop
endfacet
facet normal 1 0 0
outer loop
vertex 333.5 -134.425 0
vertex 333.5 -132.04375 0
vertex 333.5 -132.04375 1.5
endloop
endfacet
facet normal 1 0 0
outer loop
vertex 333.5 -134.425 0
vertex 333.5 -132.04375 1.5
vertex 333.5 -134.425 1.5
endloop
endfacet
facet normal 1 0 0
outer loop
vertex 333.5 -134.425 0
vertex 333.5 -134.425 1.5
vertex 333.5 -146.04375 1.5
endloop
endfacet
facet normal 1 0 0
outer loop
vertex 333.5 -134.425 0
vertex 333.5 -146.04375 1.5
vertex 333.5 -146.04375 0
endloop
endfacet
facet normal 1 0 0
outer loop
vertex 333.5 -115.375 0
vertex 333.5 -112.99375 0
vertex 333.5 -112.99375 1.5
endloop
endfacet
facet normal 1 0 0
outer loop
vertex 333.5 -115.375 0
vertex 333.5 -112.99375 1.5
vertex 333.5 -115.375 1.5
endloop
endfacet
facet normal 1 0 0
outer loop
vertex 333.5 -115.375 0
vertex 333.5 -115.375 1.5
vertex 333.5 -126.99375 1.5
endloop
endfacet
facet normal 1 0 0
outer loop
vertex 333.5 -115.375 0
vertex 333.5 -126.99375 1.5
vertex 333.5 -126.99375 0
endloop
endfacet
facet normal 1 0 0
outer loop
vertex 333.5 -96.325 0
vertex 333.5 -93.94375 0
vertex 333.5 -93.94375 1.5
endloop
endfacet
facet normal 1 0 0
outer loop
vertex 333.5 -96.325 0
vertex 333.5 -93.94375 1.5
vertex 333.5 -96.325 1.5
endloop
endfacet
facet normal 1 0 0
outer loop
vertex 333.5 -96.325 0
vertex 333.5 -96.325 1.5
vertex 333.5 -107.94375 1.5
endloop
endfacet
facet normal 1 0 0
outer loop
vertex 333.5 -96.325 0
vertex 333.5 -107.94375 1.5
vertex 333.5 -107.94375 0
endloop
endfacet
facet normal 1 0 0
outer loop
vertex 333.5 -77.275 0
vertex 333.5 -74.89375 0
vertex 333.5 -74.89375 1.5
endloop
endfacet
facet normal 1 0 0
outer loop
vertex 333.5 -77.275 0
vertex 333.5 -74.89375 1.5
vertex 333.5 -77.275 1.5
endloop
endfacet
facet normal 1 0 0
outer loop
vertex 333.5 -77.275 0
vertex 333.5 -77.275 1.5
vertex 333.5 -88.89375 1.5
endloop
endfacet
facet normal 1 0 0
outer loop
vertex 333.5 -77.275 0
vertex 333.5 -88.89375 1.5
vertex 333.5 -88.89375 0
endloop
endfacet
facet normal 0 1 0
outer loop
vertex 233.2 -126.99375 1.5
vertex 233.2 -126.99375 0
vertex 219.2 -126.99375 0
endloop
endfacet
facet normal 0 1 0
outer loop
vertex 233.2 -126.99375 1.5
vertex 219.2 -126.99375 0
vertex 219.2 -126.99375 1.5
endloop
endfacet
facet normal 0 1 0
outer loop
vertex 347.5 -126.99375 1.5
vertex 347.5 -126.99375 0
vertex 333.5 -126.99375 0
endloop
endfacet
facet normal 0 1 0
outer loop
vertex 347.5 -126.99375 1.5
vertex 333.5 -126.99375 0
vertex 333.5 -126.99375 1.5
endloop
endfacet
facet normal 0 -1 0
outer loop
vertex 233.2 -112.99375 0
vertex 233.2 -112.99375 1.5
vertex 219.2 -112.99375 1.5
endloop
endfacet
facet normal 0 -1 0
outer loop
vertex 233.2 -112.99375 0
vertex 219.2 -112.99375 1.5
vertex 219.2 -112.99375 0
endloop
endfacet
facet normal 0 -1 0
outer loop
vertex 347.5 -112.99375 0
vertex 347.5 -112.99375 1.5
vertex 333.5 -112.99375 1.5
endloop
endfacet
facet normal 0 -1 0
outer loop
vertex 347.5 -112.99375 0
vertex 333.5 -112.99375 1.5
vertex 333.5 -112.99375 0
endloop
endfacet
facet normal 0 1 0
outer loop
vertex 233.2 -107.94375 1.5
vertex 233.2 -107.94375 0
vertex 219.2 -107.94375 0
endloop
endfacet
facet normal 0 1 0
outer loop
vertex 233.2 -107.94375 1.5
vertex 219.2 -107.94375 0
vertex 219.2 -107.94375 1.5
endloop
endfacet
facet normal 0 1 0
outer loop
vertex 347.5 -107.94375 1.5
vertex 347.5 -107.94375 0
vertex 333.5 -107.94375 0
endloop
endfacet
facet normal 0 1 0
outer loop
vertex 347.5 -107.94375 1.5
vertex 333.5 -107.94375 0
vertex 333.5 -107.94375 1.5
endloop
endfacet
facet normal 0 -1 0
outer loop
vertex 233.2 -93.94375 0
vertex 233.2 -93.94375 1.5
vertex 219.2 -93.94375 1.5
endloop
endfacet
facet normal 0 -1 0
outer loop
vertex 233.2 -93.94375 0
vertex 219.2 -93.94375 1.5
vertex 219.2 -93.94375 0
endloop
endfacet
facet normal 0 -1 0
outer loop
vertex 347.5 -93.94375 0
vertex 347.5 -93.94375 1.5
vertex 333.5 -93.94375 1.5
endloop
endfacet
facet normal 0 -1 0
outer loop
vertex 347.5 -93.94375 0
vertex 333.5 -93.94375 1.5
vertex 333.5 -93.94375 0
endloop
endfacet
facet normal 0 1 0
outer loop
vertex 233.2 -88.89375 1.5
vertex 233.2 -88.89375 0
vertex 219.2 -88.89375 0
endloop
endfacet
facet normal 0 1 0
outer loop
vertex 233.2 -88.89375 1.5
vertex 219.2 -88.89375 0
vertex 219.2 -88.89375 1.5
endloop
endfacet
facet normal 0 1 0
outer loop
vertex 347.5 -88.89375 1.5
vertex 347.5 -88.89375 0
vertex 333.5 -88.89375 0
endloop
endfacet
facet normal 0 1 0
outer loop
vertex 347.5 -88.89375 1.5
vertex 333.5 -88.89375 0
vertex 333.5 -88.89375 1.5
endloop
endfacet
facet normal 0 -1 0
outer loop
vertex 233.2 -74.89375 0
vertex 233.2 -74.89375 1.5
vertex 219.2 -74.89375 1.5
endloop
endfacet
facet normal 0 -1 0
outer loop
vertex 233.2 -74.89375 0
vertex 219.2 -74.89375 1.5
vertex 219.2 -74.89375 0
endloop
endfacet
facet normal 0 -1 0
outer loop
vertex 347.5 -74.89375 0
vertex 347.5 -74.89375 1.5
vertex 333.5 -74.89375 1.5
endloop
endfacet
facet normal 0 -1 0
outer loop
vertex 347.5 -74.89375 0
vertex 333.5 -74.89375 1.5
vertex 333.5 -74.89375 0
endloop
endfacet
facet normal -1 0 0
outer loop
vertex 328.45 -146.04375 1.5
vertex 328.45 -134.425 1.5
vertex 328.45 -134.425 0
endloop
endfacet
facet normal -1 0 0
outer loop
vertex 328.45 -146.04375 1.5
vertex 328.45 -134.425 0
vertex 328.45 -146.04375 0
endloop
endfacet
facet normal -1 0 0
outer loop
vertex 328.45 -146.04375 1.5
vertex 328.45 -146.04375 0
vertex 328.45 -148.425 0
endloop
endfacet
facet normal -1 0 0
outer loop
vertex 328.45 -146.04375 1.5
vertex 328.45 -148.425 0
vertex 328.45 -148.425 1.5
endloop
endfacet
facet normal -1 0 0
outer loop
vertex 328.45 -126.99375 1.5
vertex 328.45 -115.375 1.5
vertex 328.45 -115.375 0
endloop
endfacet
facet normal -1 0 0
outer loop
vertex 328.45 -126.99375 1.5
vertex 328.45 -115.375 0
vertex 328.45 -126.99375 0
endloop
endfacet
facet normal -1 0 0
outer loop
vertex 328.45 -126.99375 1.5
vertex 328.45 -126.99375 0
vertex 328.45 -129.375 0
endloop
endfacet
facet normal -1 0 0
outer loop
vertex 328.45 -126.99375 1.5
vertex 328.45 -129.375 0
vertex 328.45 -129.375 1.5
endloop
endfacet
facet normal -1 0 0
outer loop
vertex 328.45 -107.94375 1.5
vertex 328.45 -96.325 1.5
vertex 328.45 -96.325 0
endloop
endfacet
facet normal -1 0 0
outer loop
vertex 328.45 -107.94375 1.5
vertex 328.45 -96.325 0
vertex 328.45 -107.94375 0
endloop
endfacet
facet normal -1 0 0
outer loop
vertex 328.45 -107.94375 1.5
vertex 328.45 -107.94375 0
vertex 328.45 -110.325 0
endloop
endfacet
facet normal -1 0 0
outer loop
vertex 328.45 -107.94375 1.5
vertex 328.45 -110.325 0
vertex 328.45 -110.325 1.5
endloop
endfacet
facet normal -1 0 0
outer loop
vertex 328.45 -88.89375 1.5
vertex 328.45 -77.275 1.5
vertex 328.45 -77.275 0
endloop
endfacet
facet normal -1 0 0
outer loop
vertex 328.45 -88.89375 1.5
vertex 328.45 -77.275 0
vertex 328.45 -88.89375 0
endloop
endfacet
facet normal -1 0 0
outer loop
vertex 328.45 -88.89375 1.5
vertex 328.45 -88.89375 0
vertex 328.45 -91.275 0
endloop
endfacet
facet normal -1 0 0
outer loop
vertex 328.45 -88.89375 1.5
vertex 328.45 -91.275 0
vertex 328.45 -91.275 1.5
endloop
endfacet
facet normal 1 0 0
outer loop
vertex 314.45 -138.9 0
vertex 314.45 -134.425 0
vertex 314.45 -134.425 1.5
endloop
endfacet
facet normal 1 0 0
outer loop
vertex 314.45 -138.9 0
vertex 314.45 -134.425 1.5
vertex 314.45 -138.9 1.5
endloop
endfacet
facet normal 1 0 0
outer loop
vertex 314.45 -138.9 0
vertex 314.45 -138.9 1.5
vertex 314.45 -148.425 1.5
endloop
endfacet
facet normal 1 0 0
outer loop
vertex 314.45 -138.9 0
vertex 314.45 -148.425 1.5
vertex 314.45 -148.425 0
endloop
endfacet
facet normal 1 0 0
outer loop
vertex 314.45 -124.9 0
vertex 314.45 -119.85 0
vertex 314.45 -115.375 0
endloop
endfacet
facet normal 1 0 0
outer loop
vertex 314.45 -124.9 0
vertex 314.45 -115.375 0
vertex 314.45 -115.375 1.5
endloop
endfacet
facet normal 1 0 0
outer loop
vertex 314.45 -124.9 0
vertex 314.45 -115.375 1.5
vertex 314.45 -119.85 1.5
endloop
endfacet
facet normal 1 0 0
outer loop
vertex 314.45 -124.9 0
vertex 314.45 -119.85 1.5
vertex 314.45 -124.9 1.5
endloop
endfacet
facet normal 1 0 0
outer loop
vertex 314.45 -124.9 0
vertex 314.45 -124.9 1.5
vertex 314.45 -129.375 1.5
endloop
endfacet
facet normal 1 0 0
outer loop
vertex 314.45 -124.9 0
vertex 314.45 -129.375 1.5
vertex 314.45 -129.375 0
endloop
endfacet
facet normal 1 0 0
outer loop
vertex 314.45 -105.85 0
vertex 314.45 -100.8 0
vertex 314.45 -96.325 0
endloop
endfacet
facet normal 1 0 0
outer loop
vertex 314.45 -105.85 0
vertex 314.45 -96.325 0
vertex 314.45 -96.325 1.5
endloop
endfacet
facet normal 1 0 0
outer loop
vertex 314.45 -105.85 0
vertex 314.45 -96.325 1.5
vertex 314.45 -100.8 1.5
endloop
endfacet
facet normal 1 0 0
outer loop
vertex 314.45 -105.85 0
vertex 314.45 -100.8 1.5
vertex 314.45 -105.85 1.5
endloop
endfacet
facet normal 1 0 0
outer loop
vertex 314.45 -105.85 0
vertex 314.45 -105.85 1.5
vertex 314.45 -110.325 1.5
endloop
endfacet
facet normal 1 0 0
outer loop
vertex 314.45 -105.85 0
vertex 314.45 -110.325 1.5
vertex 314.45 -110.325 0
endloop
endfacet
facet normal 1 0 0
outer loop
vertex 314.45 -86.8 0
vertex 314.45 -77.275 0
vertex 314.45 -77.275 1.5
endloop
endfacet
facet normal 1 0 0
outer loop
vertex 314.45 -86.8 0
vertex 314.45 -77.275 1.5
vertex 314.45 -86.8 1.5
endloop
endfacet
facet normal 1 0 0
outer loop
vertex 314.45 -86.8 0
vertex 314.45 -86.8 1.5
vertex 314.45 -91.275 1.5
endloop
endfacet
facet normal 1 0 0
outer loop
vertex 314.45 -86.8 0
vertex 314.45 -91.275 1.5
vertex 314.45 -91.275 0
endloop
endfacet
facet normal -1 0 0
outer loop
vertex 309.4 -134.425 1.5
vertex 309.4 -132.04375 1.5
vertex 309.4 -129.6625 1.5
endloop
endfacet
facet normal -1 0 0
outer loop
vertex 309.4 -134.425 1.5
vertex 309.4 -129.6625 1.5
vertex 309.4 -129.375 1.5
endloop
endfacet
facet normal -1 0 0
outer loop
vertex 309.4 -134.425 1.5
vertex 309.4 -129.375 1.5
vertex 309.4 -124.9 1.5
endloop
endfacet
facet normal -1 0 0
outer loop
vertex 309.4 -134.425 1.5
vertex 309.4 -124.9 1.5
vertex 309.4 -124.9 0
endloop
endfacet
facet normal -1 0 0
outer loop
vertex 309.4 -134.425 1.5
vertex 309.4 -124.9 0
vertex 309.4 -129.375 0
endloop
endfacet
facet normal -1 0 0
outer loop
vertex 309.4 -134.425 1.5
vertex 309.4 -129.375 0
vertex 309.4 -129.6625 0
endloop
endfacet
facet normal -1 0 0
outer loop
vertex 309.4 -134.425 1.5
vertex 309.4 -129.6625 0
vertex 309.4 -132.04375 0
endloop
endfacet
facet normal -1 0 0
outer loop
vertex 309.4 -134.425 1.5
vertex 309.4 -132.04375 0
vertex 309.4 -134.425 0
endloop
endfacet
facet normal -1 0 0
outer loop
vertex 309.4 -134.425 1.5
vertex 309.4 -134.425 0
vertex 309.4 -138.9 0
endloop
endfacet
facet normal -1 0 0
outer loop
vertex 309.4 -134.425 1.5
vertex 309.4 -138.9 0
vertex 309.4 -138.9 1.5
endloop
endfacet
facet normal -1 0 0
outer loop
vertex 309.4 -115.375 1.5
vertex 309.4 -112.99375 1.5
vertex 309.4 -110.6125 1.5
endloop
endfacet
facet normal -1 0 0
outer loop
vertex 309.4 -115.375 1.5
vertex 309.4 -110.6125 1.5
vertex 309.4 -110.325 1.5
endloop
endfacet
facet normal -1 0 0
outer loop
vertex 309.4 -115.375 1.5
vertex 309.4 -110.325 1.5
vertex 309.4 -105.85 1.5
endloop
endfacet
facet normal -1 0 0
outer loop
vertex 309.4 -115.375 1.5
vertex 309.4 -105.85 1.5
vertex 309.4 -105.85 0
endloop
endfacet
facet normal -1 0 0
outer loop
vertex 309.4 -115.375 1.5
vertex 309.4 -105.85 0
vertex 309.4 -110.325 0
endloop
endfacet
facet normal -1 0 0
outer loop
vertex 309.4 -115.375 1.5
vertex 309.4 -110.325 0
vertex 309.4 -110.6125 0
endloop
endfacet
facet normal -1 0 0
outer loop
vertex 309.4 -115.375 1.5
vertex 309.4 -110.6125 0
vertex 309.4 -112.99375 0
endloop
endfacet
facet normal -1 0 0
outer loop
vertex 309.4 -115.375 1.5
vertex 309.4 -112.99375 0
vertex 309.4 -115.375 0
endloop
endfacet
facet normal -1 0 0
outer loop
vertex 309.4 -115.375 1.5
vertex 309.4 -115.375 0
vertex 309.4 -119.85 0
endloop
endfacet
facet normal -1 0 0
outer loop
vertex 309.4 -115.375 1.5
vertex 309.4 -119.85 0
vertex 309.4 -119.85 1.5
endloop
endfacet
facet normal -1 0 0
outer loop
vertex 309.4 -96.325 1.5
vertex 309.4 -93.94375 1.5
vertex 309.4 -91.5625 1.5
endloop
endfacet
facet normal -1 0 0
outer loop
vertex 309.4 -96.325 1.5
vertex 309.4 -91.5625 1.5
vertex 309.4 -91.275 1.5
endloop
endfacet
facet normal -1 0 0
outer loop
vertex 309.4 -96.325 1.5
vertex 309.4 -91.275 1.5
vertex 309.4 -86.8 1.5
endloop
endfacet
facet normal -1 0 0
outer loop
vertex 309.4 -96.325 1.5
vertex 309.4 -86.8 1.5
vertex 309.4 -86.8 0
endloop
endfacet
facet normal -1 0 0
outer loop
vertex 309.4 -96.325 1.5
vertex 309.4 -86.8 0
vertex 309.4 -91.275 0
endloop
endfacet
facet normal -1 0 0
outer loop
vertex 309.4 -96.325 1.5
vertex 309.4 -91.275 0
vertex 309.4 -91.5625 0
endloop
endfacet
facet normal -1 0 0
outer loop
vertex 309.4 -96.325 1.5
vertex 309.4 -91.5625 0
vertex 309.4 -93.94375 0
endloop
endfacet
facet normal -1 0 0
outer loop
vertex 309.4 -96.325 1.5
vertex 309.4 -93.94375 0
vertex 309.4 -96.325 0
endloop
endfacet
facet normal -1 0 0
outer loop
vertex 309.4 -96.325 1.5
vertex 309.4 -96.325 0
vertex 309.4 -100.8 0
endloop
endfacet
facet normal -1 0 0
outer loop
vertex 309.4 -96.325 1.5
vertex 309.4 -100.8 0
vertex 309.4 -100.8 1.5
endloop
endfacet
facet normal 1 0 0
outer loop
vertex 295.4 -124.9 0
vertex 295.4 -124.9 1.5
vertex 295.4 -138.9 1.5
endloop
endfacet
facet normal 1 0 0
outer loop
vertex 295.4 -124.9 0
vertex 295.4 -138.9 1.5
vertex 295.4 -138.9 0
endloop
endfacet
facet normal 1 0 0
outer loop
vertex 295.4 -105.85 0
vertex 295.4 -105.85 1.5
vertex 295.4 -119.85 1.5
endloop
endfacet
facet normal 1 0 0
outer loop
vertex 295.4 -105.85 0
vertex 295.4 -119.85 1.5
vertex 295.4 -119.85 0
endloop
endfacet
facet normal 1 0 0
outer loop
vertex 295.4 -86.8 0
vertex 295.4 -86.8 1.5
vertex 295.4 -100.8 1.5
endloop
endfacet
facet normal 1 0 0
outer loop
vertex 295.4 -86.8 0
vertex 295.4 -100.8 1.5
vertex 295.4 -100.8 0
endloop
endfacet
facet normal 0 0 -1
outer loop
vertex 327.1069592 -171.9562831 1.5
vertex 339.6233520954913 -166.89933209999998 1.5
vertex 339.83264957874565 -166.81477042747358 1.5
endloop
endfacet
facet normal 0 0 -1
outer loop
vertex 327.1069592 -171.9562831 1.5
vertex 339.83264957874565 -166.81477042747358 1.5
vertex 339.9492403424803 -166.76766470107285 1.5
endloop
endfacet
facet normal 0 0 -1
outer loop
vertex 327.1069592 -171.9562831 1.5
vertex 339.9492403424803 -166.76766470107285 1.5
vertex 339.9708791467278 -166.75892205663115 1.5
endloop
endfacet
facet normal 0 0 -1
outer loop
vertex 327.1069592 -171.9562831 1.5
vertex 339.9708791467278 -166.75892205663115 1.5
vertex 340.0875331 -166.7117908 1.5
endloop
endfacet
facet normal 0 0 -1
outer loop
vertex 327.1069592 -171.9562831 1.5
vertex 340.0875331 -166.7117908 1.5
vertex 340.0875331 -166.7117908 0
endloop
endfacet
facet normal 0 0 -1
outer loop
vertex 327.1069592 -171.9562831 1.5
vertex 340.0875331 -166.7117908 0
vertex 339.97087914672784 -166.75892205663115 0
endloop
endfacet
facet normal 0 0 -1
outer loop
vertex 327.1069592 -171.9562831 1.5
vertex 339.97087914672784 -166.75892205663115 0
vertex 339.94924034248044 -166.76766470107285 0
endloop
endfacet
facet normal 0 0 -1
outer loop
vertex 327.1069592 -171.9562831 1.5
vertex 339.94924034248044 -166.76766470107285 0
vertex 339.83264957874565 -166.8147704274736 0
endloop
endfacet
facet normal 0 0 -1
outer loop
vertex 327.1069592 -171.9562831 1.5
vertex 339.83264957874565 -166.8147704274736 0
vertex 339.62335209549104 -166.89933210000012 0
endloop
endfacet
facet normal 0 0 -1
outer loop
vertex 327.1069592 -171.9562831 1.5
vertex 339.62335209549104 -166.89933210000012 0
vertex 327.1069592 -171.9562831 0
endloop
endfacet
facet normal 0 0 -1
outer loop
vertex 340.0875331 -166.7117908 1.5
vertex 338.47171472651024 -162.7125 1.5
vertex 334.8430407999999 -153.7312169 1.5
endloop
endfacet
facet normal 0 0 -1
outer loop
vertex 340.0875331 -166.7117908 1.5
vertex 334.8430407999999 -153.7312169 1.5
vertex 334.8430408 -153.7312169 0
endloop
endfacet
facet normal 0 0 -1
outer loop
vertex 340.0875331 -166.7117908 1.5
vertex 334.8430408 -153.7312169 0
vertex 338.47171472651024 -162.7125 0
endloop
endfacet
facet normal 0 0 -1
outer loop
vertex 340.0875331 -166.7117908 1.5
vertex 338.47171472651024 -162.7125 0
vertex 340.0875331 -166.7117908 0
endloop
endfacet
facet normal 0 0 1
outer loop
vertex 334.8430407999999 -153.7312169 1.5
vertex 323.70533859948983 -158.23114069999997 1.5
vertex 321.86246689999996 -158.9757092 1.5
endloop
endfacet
facet normal 0 0 1
outer loop
vertex 334.8430407999999 -153.7312169 1.5
vertex 321.86246689999996 -158.9757092 1.5
vertex 321.86246689999996 -158.9757092 0
endloop
endfacet
facet normal 0 0 1
outer loop
vertex 334.8430407999999 -153.7312169 1.5
vertex 321.86246689999996 -158.9757092 0
vertex 323.7053385994898 -158.2311407 0
endloop
endfacet
facet normal 0 0 1
outer loop
vertex 334.8430407999999 -153.7312169 1.5
vertex 323.7053385994898 -158.2311407 0
vertex 334.8430408 -153.7312169 0
endloop
endfacet
facet normal 0 0 1
outer loop
vertex 321.86246689999996 -158.9757092 1.5
vertex 326.8061339980363 -171.21171460000002 1.5
vertex 327.1069592 -171.9562831 1.5
endloop
endfacet
facet normal 0 0 1
outer loop
vertex 321.86246689999996 -158.9757092 1.5
vertex 327.1069592 -171.9562831 1.5
vertex 327.1069592 -171.9562831 0
endloop
endfacet
facet normal 0 0 1
outer loop
vertex 321.86246689999996 -158.9757092 1.5
vertex 327.1069592 -171.9562831 0
vertex 326.8061339980363 -171.2117146 0
endloop
endfacet
facet normal 0 0 1
outer loop
vertex 321.86246689999996 -158.9757092 1.5
vertex 326.8061339980363 -171.2117146 0
vertex 321.86246689999996 -158.9757092 0
endloop
endfacet
facet normal 0 0 -1
outer loop
vertex 303.2559196000001 -176.4562069 1.5
vertex 314.39362180051023 -171.9562831 1.5
vertex 316.2364935 -171.21171460000002 1.5
endloop
endfacet
facet normal 0 0 -1
outer loop
vertex 303.2559196000001 -176.4562069 1.5
vertex 316.2364935 -171.21171460000002 1.5
vertex 316.2364935 -171.2117146 0
endloop
endfacet
facet normal 0 0 -1
outer loop
vertex 303.2559196000001 -176.4562069 1.5
vertex 316.2364935 -171.2117146 0
vertex 314.3936218005102 -171.9562831 0
endloop
endfacet
facet normal 0 0 -1
outer loop
vertex 303.2559196000001 -176.4562069 1.5
vertex 314.3936218005102 -171.9562831 0
vertex 303.25591959999997 -176.4562069 0
endloop
endfacet
facet normal 0 0 -1
outer loop
vertex 316.2364935 -171.21171460000002 1.5
vertex 311.29282640196374 -158.9757092 1.5
vertex 310.9920012 -158.23114069999997 1.5
endloop
endfacet
facet normal 0 0 -1
outer loop
vertex 316.2364935 -171.21171460000002 1.5
vertex 310.9920012 -158.23114069999997 1.5
vertex 310.99200119999995 -158.2311407 0
endloop
endfacet
facet normal 0 0 -1
outer loop
vertex 316.2364935 -171.21171460000002 1.5
vertex 310.99200119999995 -158.2311407 0
vertex 311.2928264019637 -158.9757092 0
endloop
endfacet
facet normal 0 0 -1
outer loop
vertex 316.2364935 -171.21171460000002 1.5
vertex 311.2928264019637 -158.9757092 0
vertex 316.2364935 -171.2117146 0
endloop
endfacet
facet normal 0.3746065945217376 -0.9271838541200049 0
outer loop
vertex 310.9920012 -158.23114069999997 1.5
vertex 298.0114273 -163.475633 1.5
vertex 298.0114272999999 -163.475633 0
endloop
endfacet
facet normal 0.3746065945217376 -0.9271838541200049 0
outer loop
vertex 310.9920012 -158.23114069999997 1.5
vertex 298.0114272999999 -163.475633 0
vertex 310.99200119999995 -158.2311407 0
endloop
endfacet
facet normal 0.927183854119995 0.37460659452176204 0
outer loop
vertex 298.0114273 -163.475633 1.5
vertex 303.2559196000001 -176.4562069 1.5
vertex 303.25591959999997 -176.4562069 0
endloop
endfacet
facet normal 0.927183854119995 0.37460659452176204 0
outer loop
vertex 298.0114273 -163.475633 1.5
vertex 303.25591959999997 -176.4562069 0
vertex 298.0114272999999 -163.475633 0
endloop
endfacet
facet normal -0.9961946980917459 -0.08715574274765463 0
outer loop
vertex 139.50538449397558 -178.8722963553339 1.5
vertex 139.475 -178.52500000000003 1.5
vertex 139.475 -178.5250000000003 0
endloop
endfacet
facet normal -0.9961946980917459 -0.08715574274765463 0
outer loop
vertex 139.50538449397558 -178.8722963553339 1.5
vertex 139.475 -178.5250000000003 0
vertex 139.50538449397555 -178.87229635533382 0
endloop
endfacet
facet normal -0.9659258262890704 -0.25881904510251297 0
outer loop
vertex 139.59561475842816 -179.2090402866513 1.5
vertex 139.50538449397558 -178.8722963553339 1.5
vertex 139.50538449397555 -178.87229635533382 0
endloop
endfacet
facet normal -0.9659258262890704 -0.25881904510251297 0
outer loop
vertex 139.59561475842816 -179.2090402866513 1.5
vertex 139.50538449397555 -178.87229635533382 0
vertex 139.59561475842816 -179.20904028665126 0
endloop
endfacet
facet normal -0.9063077870366557 -0.42261826174068745 0
outer loop
vertex 139.74294919243113 -179.525 1.5
vertex 139.59561475842816 -179.2090402866513 1.5
vertex 139.59561475842816 -179.20904028665126 0
endloop
endfacet
facet normal -0.9063077870366557 -0.42261826174068745 0
outer loop
vertex 139.74294919243113 -179.525 1.5
vertex 139.59561475842816 -179.20904028665126 0
vertex 139.74294919243118 -179.52500000000012 0
endloop
endfacet
facet normal -0.8191520442889824 -0.5735764363510596 0
outer loop
vertex 139.94291111376205 -179.81057521937308 1.5
vertex 139.74294919243113 -179.525 1.5
vertex 139.74294919243118 -179.52500000000012 0
endloop
endfacet
facet normal -0.8191520442889824 -0.5735764363510596 0
outer loop
vertex 139.94291111376205 -179.81057521937308 1.5
vertex 139.74294919243118 -179.52500000000012 0
vertex 139.942911113762 -179.81057521937302 0
endloop
endfacet
facet normal -0.7071067811865617 -0.7071067811865333 0
outer loop
vertex 140.18942478062698 -180.057088886238 1.5
vertex 139.94291111376205 -179.81057521937308 1.5
vertex 139.942911113762 -179.81057521937302 0
endloop
endfacet
facet normal -0.7071067811865617 -0.7071067811865333 0
outer loop
vertex 140.18942478062698 -180.057088886238 1.5
vertex 139.942911113762 -179.81057521937302 0
vertex 140.1894247806269 -180.05708888623792 0
endloop
endfacet
facet normal -0.5735764363510599 -0.8191520442889821 0
outer loop
vertex 140.47500000000002 -180.2570508075689 1.5
vertex 140.18942478062698 -180.057088886238 1.5
vertex 140.1894247806269 -180.05708888623792 0
endloop
endfacet
facet normal -0.5735764363510599 -0.8191520442889821 0
outer loop
vertex 140.47500000000002 -180.2570508075689 1.5
vertex 140.1894247806269 -180.05708888623792 0
vertex 140.47500000000008 -180.25705080756893 0
endloop
endfacet
facet normal -0.42261826174069467 -0.9063077870366524 0
outer loop
vertex 140.79095971334866 -180.40438524157184 1.5
vertex 140.47500000000002 -180.2570508075689 1.5
vertex 140.47500000000008 -180.25705080756893 0
endloop
endfacet
facet normal -0.42261826174069467 -0.9063077870366524 0
outer loop
vertex 140.79095971334866 -180.40438524157184 1.5
vertex 140.47500000000008 -180.25705080756893 0
vertex 140.79095971334857 -180.4043852415718 0
endloop
endfacet
facet normal -0.25881904510251386 -0.9659258262890702 0
outer loop
vertex 141.12770364466576 -180.49461550602436 1.5
vertex 140.79095971334866 -180.40438524157184 1.5
vertex 140.79095971334857 -180.4043852415718 0
endloop
endfacet
facet normal -0.25881904510251386 -0.9659258262890702 0
outer loop
vertex 141.12770364466576 -180.49461550602436 1.5
vertex 140.79095971334857 -180.4043852415718 0
vertex 141.12770364466604 -180.4946155060244 0
endloop
endfacet
facet normal -0.08715574274771135 -0.9961946980917409 0
outer loop
vertex 141.4750000000004 -180.525 1.5
vertex 141.12770364466576 -180.49461550602436 1.5
vertex 141.12770364466604 -180.4946155060244 0
endloop
endfacet
facet normal -0.08715574274771135 -0.9961946980917409 0
outer loop
vertex 141.4750000000004 -180.525 1.5
vertex 141.12770364466604 -180.4946155060244 0
vertex 141.47500000000014 -180.525 0
endloop
endfacet
facet normal 7.859020456635335e-8 -0.9999999999999969 0
outer loop
vertex 177.10285559999997 -180.5249972 1.5
vertex 141.4750000000004 -180.525 1.5
vertex 141.47500000000014 -180.525 0
endloop
endfacet
facet normal 7.859020456635335e-8 -0.9999999999999969 0
outer loop
vertex 177.10285559999997 -180.5249972 1.5
vertex 141.47500000000014 -180.525 0
vertex 177.1028556 -180.5249972 0
endloop
endfacet
facet normal 0.05791222619359358 -0.9983216786473699 0
outer loop
vertex 177.33416365176964 -180.51157911592853 1.5
vertex 177.10285559999997 -180.5249972 1.5
vertex 177.1028556 -180.5249972 0
endloop
endfacet
facet normal 0.05791222619359358 -0.9983216786473699 0
outer loop
vertex 177.33416365176964 -180.51157911592853 1.5
vertex 177.1028556 -180.5249972 0
vertex 177.33416365176933 -180.51157911592853 0
endloop
endfacet
facet normal 0.17298345084213868 -0.9849247309996563 0
outer loop
vertex 177.56236767211624 -180.4714993842565 1.5
vertex 177.33416365176964 -180.51157911592853 1.5
vertex 177.33416365176933 -180.51157911592853 0
endloop
endfacet
facet normal 0.17298345084213868 -0.9849247309996563 0
outer loop
vertex 177.56236767211624 -180.4714993842565 1.5
vertex 177.33416365176933 -180.51157911592853 0
vertex 177.5623676721166 -180.4714993842564 0
endloop
endfacet
facet normal 0.28573308795839014 -0.9583092415529357 0
outer loop
vertex 177.7844049657037 -180.40529590964965 1.5
vertex 177.56236767211624 -180.4714993842565 1.5
vertex 177.5623676721166 -180.4714993842564 0
endloop
endfacet
facet normal 0.28573308795839014 -0.9583092415529357 0
outer loop
vertex 177.7844049657037 -180.40529590964965 1.5
vertex 177.5623676721166 -180.4714993842564 0
vertex 177.7844049657037 -180.40529590964965 0
endloop
endfacet
facet normal 0.39466502881094895 -0.9188250731415925 0
outer loop
vertex 177.99729119999972 -180.31385440000014 1.5
vertex 177.7844049657037 -180.40529590964965 1.5
vertex 177.7844049657037 -180.40529590964965 0
endloop
endfacet
facet normal 0.39466502881094895 -0.9188250731415925 0
outer loop
vertex 177.99729119999972 -180.31385440000014 1.5
vertex 177.7844049657037 -180.40529590964965 0
vertex 177.99729119999964 -180.31385440000017 0
endloop
endfacet
facet normal 0 0 -1
outer loop
vertex 198.36680199999967 -170.12910205000017 1.5
vertex 184.6250019847819 -177 1.5
vertex 177.99729119999972 -180.31385440000014 1.5
endloop
endfacet
facet normal 0 0 -1
outer loop
vertex 198.36680199999967 -170.12910205000017 1.5
vertex 177.99729119999972 -180.31385440000014 1.5
vertex 177.99729119999964 -180.31385440000017 0
endloop
endfacet
facet normal 0 0 -1
outer loop
vertex 198.36680199999967 -170.12910205000017 1.5
vertex 177.99729119999964 -180.31385440000017 0
vertex 184.62500198478187 -177 0
endloop
endfacet
facet normal 0 0 -1
outer loop
vertex 198.36680199999967 -170.12910205000017 1.5
vertex 184.62500198478187 -177 0
vertex 198.36680199999955 -170.12910205000023 0
endloop
endfacet
facet normal 0.4039914269388881 -0.9147627708646002 0
outer loop
vertex 198.54157281289173 -170.0519171094491 1.5
vertex 198.36680199999967 -170.12910205000017 1.5
vertex 198.36680199999955 -170.12910205000023 0
endloop
endfacet
facet normal 0.4039914269388881 -0.9147627708646002 0
outer loop
vertex 198.54157281289173 -170.0519171094491 1.5
vertex 198.36680199999955 -170.12910205000023 0
vertex 198.54157281289136 -170.05191710944928 0
endloop
endfacet
facet normal 0.31486242814966725 -0.9491373195379558 0
outer loop
vertex 198.7229110856813 -169.9917607888497 1.5
vertex 198.54157281289173 -170.0519171094491 1.5
vertex 198.54157281289136 -170.05191710944928 0
endloop
endfacet
facet normal 0.31486242814966725 -0.9491373195379558 0
outer loop
vertex 198.7229110856813 -169.9917607888497 1.5
vertex 198.54157281289136 -170.05191710944928 0
vertex 198.7229110856816 -169.99176078884963 0
endloop
endfacet
facet normal 0.2228476534485828 -0.9748532829879891 0
outer loop
vertex 198.90916399999995 -169.9491841 1.5
vertex 198.7229110856813 -169.9917607888497 1.5
vertex 198.7229110856816 -169.99176078884963 0
endloop
endfacet
facet normal 0.2228476534485828 -0.9748532829879891 0
outer loop
vertex 198.90916399999995 -169.9491841 1.5
vertex 198.7229110856816 -169.99176078884963 0
vertex 198.90916400000046 -169.9491840999999 0
endloop
endfacet
facet normal 0 0 1
outer loop
vertex 216.58264094999956 -166.78871105000007 1.5
vertex 212.7448888961216 -167.475 1.5
vertex 198.90916399999995 -169.9491841 1.5
endloop
endfacet
facet normal 0 0 1
outer loop
vertex 216.58264094999956 -166.78871105000007 1.5
vertex 198.90916399999995 -169.9491841 1.5
vertex 198.90916400000046 -169.9491840999999 0
endloop
endfacet
facet normal 0 0 1
outer loop
vertex 216.58264094999956 -166.78871105000007 1.5
vertex 198.90916400000046 -169.9491840999999 0
vertex 212.7448888961216 -167.475 0
endloop
endfacet
facet normal 0 0 1
outer loop
vertex 216.58264094999956 -166.78871105000007 1.5
vertex 212.7448888961216 -167.475 0
vertex 216.58264094999961 -166.78871105000005 0
endloop
endfacet
facet normal 0.10726926952020223 -0.9942300054899783 0
outer loop
vertex 216.8587415627212 -166.75892205663115 1.5
vertex 216.58264094999956 -166.78871105000007 1.5
vertex 216.58264094999961 -166.78871105000005 0
endloop
endfacet
facet normal 0.10726926952020223 -0.9942300054899783 0
outer loop
vertex 216.8587415627212 -166.75892205663115 1.5
vertex 216.58264094999961 -166.78871105000005 0
vertex 216.85874156272092 -166.75892205663115 0
endloop
endfacet
facet normal -0.0314819997884115 -0.9995043189948318 0
outer loop
vertex 217.13630686790003 -166.76766470107285 1.5
vertex 216.8587415627212 -166.75892205663115 1.5
vertex 216.85874156272092 -166.75892205663115 0
endloop
endfacet
facet normal -0.0314819997884115 -0.9995043189948318 0
outer loop
vertex 217.13630686790003 -166.76766470107285 1.5
vertex 216.85874156272092 -166.75892205663115 0
vertex 217.13630686789986 -166.76766470107285 0
endloop
endfacet
facet normal -0.16962630454324298 -0.9855084559794518 0
outer loop
vertex 217.40998548053022 -166.81477042747358 1.5
vertex 217.13630686790003 -166.76766470107285 1.5
vertex 217.13630686789986 -166.76766470107285 0
endloop
endfacet
facet normal -0.16962630454324298 -0.9855084559794518 0
outer loop
vertex 217.40998548053022 -166.81477042747358 1.5
vertex 217.13630686789986 -166.76766470107285 0
vertex 217.4099854805303 -166.8147704274736 0
endloop
endfacet
facet normal -0.3045026976409992 -0.9525114734896133 0
outer loop
vertex 217.6745019 -166.89933209999998 1.5
vertex 217.40998548053022 -166.81477042747358 1.5
vertex 217.4099854805303 -166.8147704274736 0
endloop
endfacet
facet normal -0.3045026976409992 -0.9525114734896133 0
outer loop
vertex 217.6745019 -166.89933209999998 1.5
vertex 217.4099854805303 -166.8147704274736 0
vertex 217.67450190000037 -166.89933210000012 0
endloop
endfacet
facet normal 0 0 -1
outer loop
vertex 261.8491647000002 -184.48696190000007 1.5
vertex 241.67840273897593 -176.4562069 1.5
vertex 230.37599196781593 -171.9562831 1.5
endloop
endfacet
facet normal 0 0 -1
outer loop
vertex 261.8491647000002 -184.48696190000007 1.5
vertex 230.37599196781593 -171.9562831 1.5
vertex 217.6745019 -166.89933209999998 1.5
endloop
endfacet
facet normal 0 0 -1
outer loop
vertex 261.8491647000002 -184.48696190000007 1.5
vertex 217.6745019 -166.89933209999998 1.5
vertex 217.67450190000037 -166.89933210000012 0
endloop
endfacet
facet normal 0 0 -1
outer loop
vertex 261.8491647000002 -184.48696190000007 1.5
vertex 217.67450190000037 -166.89933210000012 0
vertex 230.37599196781593 -171.9562831 0
endloop
endfacet
facet normal 0 0 -1
outer loop
vertex 261.8491647000002 -184.48696190000007 1.5
vertex 230.37599196781593 -171.9562831 0
vertex 241.67840273897593 -176.4562069 0
endloop
endfacet
facet normal 0 0 -1
outer loop
vertex 261.8491647000002 -184.48696190000007 1.5
vertex 241.67840273897593 -176.4562069 0
vertex 261.8491647000005 -184.48696190000015 0
endloop
endfacet
facet normal -0.2876367076489147 -0.957739591127407 0
outer loop
vertex 262.18256921528643 -184.58709285206746 1.5
vertex 261.8491647000002 -184.48696190000007 1.5
vertex 261.8491647000005 -184.48696190000015 0
endloop
endfacet
facet normal -0.2876367076489147 -0.957739591127407 0
outer loop
vertex 262.18256921528643 -184.58709285206746 1.5
vertex 261.8491647000005 -184.48696190000015 0
vertex 262.1825692152864 -184.58709285206743 0
endloop
endfacet
facet normal -0.11720980660973612 -0.9931071750997011 0
outer loop
vertex 262.5282857539043 -184.62789546597378 1.5
vertex 262.18256921528643 -184.58709285206746 1.5
vertex 262.1825692152864 -184.58709285206743 0
endloop
endfacet
facet normal -0.11720980660973612 -0.9931071750997011 0
outer loop
vertex 262.5282857539043 -184.62789546597378 1.5
vertex 262.1825692152864 -184.58709285206743 0
vertex 262.5282857539044 -184.62789546597378 0
endloop
endfacet
facet normal 0.05676810553876517 -0.9983873908426225 0
outer loop
vertex 262.8758404203246 -184.6081335777881 1.5
vertex 262.5282857539043 -184.62789546597378 1.5
vertex 262.5282857539044 -184.62789546597378 0
endloop
endfacet
facet normal 0.05676810553876517 -0.9983873908426225 0
outer loop
vertex 262.8758404203246 -184.6081335777881 1.5
vertex 262.5282857539044 -184.62789546597378 0
vertex 262.87584042032455 -184.6081335777881 0
endloop
endfacet
facet normal 0.2290261601151263 -0.9734202679125397 0
outer loop
vertex 263.21470363074263 -184.5284058975203 1.5
vertex 262.8758404203246 -184.6081335777881 1.5
vertex 262.87584042032455 -184.6081335777881 0
endloop
endfacet
facet normal 0.2290261601151263 -0.9734202679125397 0
outer loop
vertex 263.21470363074263 -184.5284058975203 1.5
vertex 262.87584042032455 -184.6081335777881 0
vertex 263.2147036307426 -184.5284058975203 0
endloop
endfacet
facet normal 0.39434559357755394 -0.9189622151241947 0
outer loop
vertex 263.53460911939317 -184.39112787048677 1.5
vertex 263.21470363074263 -184.5284058975203 1.5
vertex 263.2147036307426 -184.5284058975203 0
endloop
endfacet
facet normal 0.39434559357755394 -0.9189622151241947 0
outer loop
vertex 263.53460911939317 -184.39112787048677 1.5
vertex 263.2147036307426 -184.5284058975203 0
vertex 263.5346091193933 -184.39112787048668 0
endloop
endfacet
facet normal 0.5477178561998038 -0.8366631042420187 0
outer loop
vertex 263.82586496734234 -184.2004584985071 1.5
vertex 263.53460911939317 -184.39112787048677 1.5
vertex 263.5346091193933 -184.39112787048668 0
endloop
endfacet
facet normal 0.5477178561998038 -0.8366631042420187 0
outer loop
vertex 263.82586496734234 -184.2004584985071 1.5
vertex 263.5346091193933 -184.39112787048668 0
vertex 263.82586496734234 -184.2004584985071 0
endloop
endfacet
facet normal 0.6844963520680376 -0.7290162851442683 0
outer loop
vertex 264.0796472307425 -183.96217433797887 1.5
vertex 263.82586496734234 -184.2004584985071 1.5
vertex 263.82586496734234 -184.2004584985071 0
endloop
endfacet
facet normal 0.6844963520680376 -0.7290162851442683 0
outer loop
vertex 264.0796472307425 -183.96217433797887 1.5
vertex 263.82586496734234 -184.2004584985071 0
vertex 264.07964723074264 -183.96217433797878 0
endloop
endfacet
facet normal 0.8005372132552013 -0.5992830468097663 0
outer loop
vertex 264.2882672727583 -183.68349449219727 1.5
vertex 264.0796472307425 -183.96217433797887 1.5
vertex 264.07964723074264 -183.96217433797878 0
endloop
endfacet
facet normal 0.8005372132552013 -0.5992830468097663 0
outer loop
vertex 264.2882672727583 -183.68349449219727 1.5
vertex 264.07964723074264 -183.96217433797878 0
vertex 264.2882672727583 -183.68349449219735 0
endloop
endfacet
facet normal 0.8923182929066426 -0.4514067612964779 0
outer loop
vertex 264.4454094000002 -183.37286379999966 1.5
vertex 264.2882672727583 -183.68349449219727 1.5
vertex 264.2882672727583 -183.68349449219735 0
endloop
endfacet
facet normal 0.8923182929066426 -0.4514067612964779 0
outer loop
vertex 264.4454094000002 -183.37286379999966 1.5
vertex 264.2882672727583 -183.68349449219735 0
vertex 264.4454093999999 -183.37286380000032 0
endloop
endfacet
facet normal 0 0 -1
outer loop
vertex 274.68144500000005 -157.8331697499998 1.5
vertex 274.5219425093284 -158.23114069999997 1.5
vertex 272.4200062143348 -163.475633 1.5
endloop
endfacet
facet normal 0 0 -1
outer loop
vertex 274.68144500000005 -157.8331697499998 1.5
vertex 272.4200062143348 -163.475633 1.5
vertex 267.2175313417422 -176.4562069 1.5
endloop
endfacet
facet normal 0 0 -1
outer loop
vertex 274.68144500000005 -157.8331697499998 1.5
vertex 267.2175313417422 -176.4562069 1.5
vertex 264.4454094000002 -183.37286379999966 1.5
endloop
endfacet
facet normal 0 0 -1
outer loop
vertex 274.68144500000005 -157.8331697499998 1.5
vertex 264.4454094000002 -183.37286379999966 1.5
vertex 264.4454093999999 -183.37286380000032 0
endloop
endfacet
facet normal 0 0 -1
outer loop
vertex 274.68144500000005 -157.8331697499998 1.5
vertex 264.4454093999999 -183.37286380000032 0
vertex 267.21753134174213 -176.4562069 0
endloop
endfacet
facet normal 0 0 -1
outer loop
vertex 274.68144500000005 -157.8331697499998 1.5
vertex 267.21753134174213 -176.4562069 0
vertex 272.4200062143348 -163.475633 0
endloop
endfacet
facet normal 0 0 -1
outer loop
vertex 274.68144500000005 -157.8331697499998 1.5
vertex 272.4200062143348 -163.475633 0
vertex 274.52194250932837 -158.2311407 0
endloop
endfacet
facet normal 0 0 -1
outer loop
vertex 274.68144500000005 -157.8331697499998 1.5
vertex 274.52194250932837 -158.2311407 0
vertex 274.68144499999977 -157.8331697500007 0
endloop
endfacet
facet normal 0.9499670055463103 -0.31235026552474127 0
outer loop
vertex 274.7607671435564 -157.59192321524452 1.5
vertex 274.68144500000005 -157.8331697499998 1.5
vertex 274.68144499999977 -157.8331697500007 0
endloop
endfacet
facet normal 0.9499670055463103 -0.31235026552474127 0
outer loop
vertex 274.7607671435564 -157.59192321524452 1.5
vertex 274.68144499999977 -157.8331697500007 0
vertex 274.7607671435563 -157.59192321524498 0
endloop
endfacet
facet normal 0.9818899185074828 -0.18945233683797344 0
outer loop
vertex 274.80887904586086 -157.342569775633 1.5
vertex 274.7607671435564 -157.59192321524452 1.5
vertex 274.7607671435563 -157.59192321524498 0
endloop
endfacet
facet normal 0.9818899185074828 -0.18945233683797344 0
outer loop
vertex 274.80887904586086 -157.342569775633 1.5
vertex 274.7607671435563 -157.59192321524498 0
vertex 274.80887904586075 -157.34256977563345 0
endloop
endfacet
facet normal 0.997983098064523 -0.06348020146106136 0
outer loop
vertex 274.825 -157.08912950000007 1.5
vertex 274.80887904586086 -157.342569775633 1.5
vertex 274.80887904586075 -157.34256977563345 0
endloop
endfacet
facet normal 0.997983098064523 -0.06348020146106136 0
outer loop
vertex 274.825 -157.08912950000007 1.5
vertex 274.80887904586075 -157.34256977563345 0
vertex 274.825 -157.0891294999989 0
endloop
endfacet
facet normal 1 0 0
outer loop
vertex 274.825 -153.7312169 0
vertex 274.825 -148.7125 0
vertex 274.825 -148.425 0
endloop
endfacet
facet normal 1 0 0
outer loop
vertex 274.825 -153.7312169 0
vertex 274.825 -148.425 0
vertex 274.825 -138.9 0
endloop
endfacet
facet normal 1 0 0
outer loop
vertex 274.825 -153.7312169 0
vertex 274.825 -138.9 0
vertex 274.825 -124.9 0
endloop
endfacet
facet normal 1 0 0
outer loop
vertex 274.825 -153.7312169 0
vertex 274.825 -124.9 0
vertex 274.825 -119.85 0
endloop
endfacet
facet normal 1 0 0
outer loop
vertex 274.825 -153.7312169 0
vertex 274.825 -119.85 0
vertex 274.825 -105.85 0
endloop
endfacet
facet normal 1 0 0
outer loop
vertex 274.825 -153.7312169 0
vertex 274.825 -105.85 0
vertex 274.825 -100.8 0
endloop
endfacet
facet normal 1 0 0
outer loop
vertex 274.825 -153.7312169 0
vertex 274.825 -100.8 0
vertex 274.825 -86.8 0
endloop
endfacet
facet normal 1 0 0
outer loop
vertex 274.825 -153.7312169 0
vertex 274.825 -86.8 0
vertex 274.825 -77.275 0
endloop
endfacet
facet normal 1 0 0
outer loop
vertex 274.825 -153.7312169 0
vertex 274.825 -77.275 0
vertex 274.825 -74.89375 0
endloop
endfacet
facet normal 1 0 0
outer loop
vertex 274.825 -153.7312169 0
vertex 274.825 -74.89375 0
vertex 274.825 -72.5125 0
endloop
endfacet
facet normal 1 0 0
outer loop
vertex 274.825 -153.7312169 0
vertex 274.825 -72.5125 0
vertex 274.825 -70.98750000000015 0
endloop
endfacet
facet normal 1 0 0
outer loop
vertex 274.825 -153.7312169 0
vertex 274.825 -70.98750000000015 0
vertex 274.825 -70.98749999999957 1.5
endloop
endfacet
facet normal 1 0 0
outer loop
vertex 274.825 -153.7312169 0
vertex 274.825 -70.98749999999957 1.5
vertex 274.825 -72.5125 1.5
endloop
endfacet
facet normal 1 0 0
outer loop
vertex 274.825 -153.7312169 0
vertex 274.825 -72.5125 1.5
vertex 274.825 -74.89375 1.5
endloop
endfacet
facet normal 1 0 0
outer loop
vertex 274.825 -153.7312169 0
vertex 274.825 -74.89375 1.5
vertex 274.825 -77.275 1.5
endloop
endfacet
facet normal 1 0 0
outer loop
vertex 274.825 -153.7312169 0
vertex 274.825 -77.275 1.5
vertex 274.825 -86.8 1.5
endloop
endfacet
facet normal 1 0 0
outer loop
vertex 274.825 -153.7312169 0
vertex 274.825 -86.8 1.5
vertex 274.825 -100.8 1.5
endloop
endfacet
facet normal 1 0 0
outer loop
vertex 274.825 -153.7312169 0
vertex 274.825 -100.8 1.5
vertex 274.825 -105.85 1.5
endloop
endfacet
facet normal 1 0 0
outer loop
vertex 274.825 -153.7312169 0
vertex 274.825 -105.85 1.5
vertex 274.825 -119.85 1.5
endloop
endfacet
facet normal 1 0 0
outer loop
vertex 274.825 -153.7312169 0
vertex 274.825 -119.85 1.5
vertex 274.825 -124.9 1.5
endloop
endfacet
facet normal 1 0 0
outer loop
vertex 274.825 -153.7312169 0
vertex 274.825 -124.9 1.5
vertex 274.825 -138.9 1.5
endloop
endfacet
facet normal 1 0 0
outer loop
vertex 274.825 -153.7312169 0
vertex 274.825 -138.9 1.5
vertex 274.825 -148.425 1.5
endloop
endfacet
facet normal 1 0 0
outer loop
vertex 274.825 -153.7312169 0
vertex 274.825 -148.425 1.5
vertex 274.825 -148.7125 1.5
endloop
endfacet
facet normal 1 0 0
outer loop
vertex 274.825 -153.7312169 0
vertex 274.825 -148.7125 1.5
vertex 274.825 -153.7312169 1.5
endloop
endfacet
facet normal 1 0 0
outer loop
vertex 274.825 -153.7312169 0
vertex 274.825 -153.7312169 1.5
vertex 274.825 -157.08912950000007 1.5
endloop
endfacet
facet normal 1 0 0
outer loop
vertex 274.825 -153.7312169 0
vertex 274.825 -157.08912950000007 1.5
vertex 274.825 -157.0891294999989 0
endloop
endfacet
facet normal 0.9961946980917459 0.08715574274765463 0
outer loop
vertex 274.7946155060244 -70.6402036446661 1.5
vertex 274.825 -70.98749999999957 1.5
vertex 274.825 -70.98750000000015 0
endloop
endfacet
facet normal 0.9961946980917459 0.08715574274765463 0
outer loop
vertex 274.7946155060244 -70.6402036446661 1.5
vertex 274.825 -70.98750000000015 0
vertex 274.7946155060244 -70.64020364466613 0
endloop
endfacet
facet normal 0.965925826289063 0.25881904510254033 0
outer loop
vertex 274.7043852415719 -70.3034597133489 1.5
vertex 274.7946155060244 -70.6402036446661 1.5
vertex 274.7946155060244 -70.64020364466613 0
endloop
endfacet
facet normal 0.965925826289063 0.25881904510254033 0
outer loop
vertex 274.7043852415719 -70.3034597133489 1.5
vertex 274.7946155060244 -70.64020364466613 0
vertex 274.70438524157186 -70.30345971334879 0
endloop
endfacet
facet normal 0.9063077870366791 0.42261826174063705 0
outer loop
vertex 274.557050807569 -69.98750000000017 1.5
vertex 274.7043852415719 -70.3034597133489 1.5
vertex 274.70438524157186 -70.30345971334879 0
endloop
endfacet
facet normal 0.9063077870366791 0.42261826174063705 0
outer loop
vertex 274.557050807569 -69.98750000000017 1.5
vertex 274.70438524157186 -70.30345971334879 0
vertex 274.5570508075688 -69.98749999999991 0
endloop
endfacet
facet normal 0.8191520442889413 0.5735764363511181 0
outer loop
vertex 274.357088886238 -69.70192478062705 1.5
vertex 274.557050807569 -69.98750000000017 1.5
vertex 274.5570508075688 -69.98749999999991 0
endloop
endfacet
facet normal 0.8191520442889413 0.5735764363511181 0
outer loop
vertex 274.357088886238 -69.70192478062705 1.5
vertex 274.5570508075688 -69.98749999999991 0
vertex 274.3570888862379 -69.7019247806269 0
endloop
endfacet
facet normal 0.7071067811865831 0.707106781186512 0
outer loop
vertex 274.11057521937283 -69.45541111376187 1.5
vertex 274.357088886238 -69.70192478062705 1.5
vertex 274.3570888862379 -69.7019247806269 0
endloop
endfacet
facet normal 0.7071067811865831 0.707106781186512 0
outer loop
vertex 274.11057521937283 -69.45541111376187 1.5
vertex 274.3570888862379 -69.7019247806269 0
vertex 274.11057521937306 -69.45541111376205 0
endloop
endfacet
facet normal 0.5735764363510761 0.8191520442889708 0
outer loop
vertex 273.82500000000005 -69.25544919243116 1.5
vertex 274.11057521937283 -69.45541111376187 1.5
vertex 274.11057521937306 -69.45541111376205 0
endloop
endfacet
facet normal 0.5735764363510761 0.8191520442889708 0
outer loop
vertex 273.82500000000005 -69.25544919243116 1.5
vertex 274.11057521937306 -69.45541111376205 0
vertex 273.825 -69.2554491924311 0
endloop
endfacet
facet normal 0.42261826174066586 0.9063077870366657 0
outer loop
vertex 273.5090402866513 -69.1081147584282 1.5
vertex 273.82500000000005 -69.25544919243116 1.5
vertex 273.825 -69.2554491924311 0
endloop
endfacet
facet normal 0.42261826174066586 0.9063077870366657 0
outer loop
vertex 273.5090402866513 -69.1081147584282 1.5
vertex 273.825 -69.2554491924311 0
vertex 273.5090402866514 -69.1081147584282 0
endloop
endfacet
facet normal 0.2588190451025069 0.965925826289072 0
outer loop
vertex 273.17229635533386 -69.01788449397559 1.5
vertex 273.5090402866513 -69.1081147584282 1.5
vertex 273.5090402866514 -69.1081147584282 0
endloop
endfacet
facet normal 0.2588190451025069 0.965925826289072 0
outer loop
vertex 273.17229635533386 -69.01788449397559 1.5
vertex 273.5090402866514 -69.1081147584282 0
vertex 273.1722963553338 -69.01788449397557 0
endloop
endfacet
facet normal 0 0 1
outer loop
vertex 272.8250079222783 -68.9874996408711 1.5
vertex 272.825024053719 -68.98750105223817 1.5
vertex 273.17229635533386 -69.01788449397559 1.5
endloop
endfacet
facet normal 0 0 1
outer loop
vertex 272.8250079222783 -68.9874996408711 1.5
vertex 273.17229635533386 -69.01788449397559 1.5
vertex 273.1722963553338 -69.01788449397557 0
endloop
endfacet
facet normal 0 0 1
outer loop
vertex 272.8250079222783 -68.9874996408711 1.5
vertex 273.1722963553338 -69.01788449397557 0
vertex 272.8250240537194 -68.98750105223819 0
endloop
endfacet
facet normal 0 0 1
outer loop
vertex 272.8250079222783 -68.9874996408711 1.5
vertex 272.8250240537194 -68.98750105223819 0
vertex 272.82500792227853 -68.9874996408711 0
endloop
endfacet
facet normal 0 0 -1
outer loop
vertex 196.89908239999986 -68.9874975 1.5
vertex 261.91812361946 -68.9874996408711 1.5
vertex 261.91813975145936 -68.98750105223817 1.5
endloop
endfacet
facet normal 0 0 -1
outer loop
vertex 196.89908239999986 -68.9874975 1.5
vertex 261.91813975145936 -68.98750105223817 1.5
vertex 272.8250079222783 -68.9874996408711 1.5
endloop
endfacet
facet normal 0 0 -1
outer loop
vertex 196.89908239999986 -68.9874975 1.5
vertex 272.8250079222783 -68.9874996408711 1.5
vertex 272.82500792227853 -68.9874996408711 0
endloop
endfacet
facet normal 0 0 -1
outer loop
vertex 196.89908239999986 -68.9874975 1.5
vertex 272.82500792227853 -68.9874996408711 0
vertex 261.9181397514595 -68.98750105223819 0
endloop
endfacet
facet normal 0 0 -1
outer loop
vertex 196.89908239999986 -68.9874975 1.5
vertex 261.9181397514595 -68.98750105223819 0
vertex 196.8990824000004 -68.9874975 0
endloop
endfacet
facet normal 0 0 1
outer loop
vertex 196.71774117963645 -68.99573679791584 1.5
vertex 196.89900421770676 -68.98750105223817 1.5
vertex 196.89908239999986 -68.9874975 1.5
endloop
endfacet
facet normal 0 0 1
outer loop
vertex 196.71774117963645 -68.99573679791584 1.5
vertex 196.89908239999986 -68.9874975 1.5
vertex 196.8990824000004 -68.9874975 0
endloop
endfacet
facet normal 0 0 1
outer loop
vertex 196.71774117963645 -68.99573679791584 1.5
vertex 196.8990824000004 -68.9874975 0
vertex 196.899004217707 -68.98750105223819 0
endloop
endfacet
facet normal 0 0 1
outer loop
vertex 196.71774117963645 -68.99573679791584 1.5
vertex 196.899004217707 -68.98750105223819 0
vertex 196.71774117963625 -68.99573679791587 0
endloop
endfacet
facet normal -0.13577873762351078 0.9907391858654658 0
outer loop
vertex 196.53789397803084 -69.02038448153178 1.5
vertex 196.71774117963645 -68.99573679791584 1.5
vertex 196.71774117963625 -68.99573679791587 0
endloop
endfacet
facet normal -0.13577873762351078 0.9907391858654658 0
outer loop
vertex 196.53789397803084 -69.02038448153178 1.5
vertex 196.71774117963625 -68.99573679791587 0
vertex 196.53789397803098 -69.02038448153176 0
endloop
endfacet
facet normal -0.22504023334717246 0.9743494718914001 0
outer loop
vertex 196.36102480000002 -69.06123499999998 1.5
vertex 196.53789397803084 -69.02038448153178 1.5
vertex 196.53789397803098 -69.02038448153176 0
endloop
endfacet
facet normal -0.22504023334717246 0.9743494718914001 0
outer loop
vertex 196.36102480000002 -69.06123499999998 1.5
vertex 196.53789397803098 -69.02038448153176 0
vertex 196.36102479999965 -69.06123500000008 0
endloop
endfacet
facet normal 0 0 -1
outer loop
vertex 179.75978224999977 -73.69839390000007 1.5
vertex 184.00533705996463 -72.5125 1.5
vertex 196.36102480000002 -69.06123499999998 1.5
endloop
endfacet
facet normal 0 0 -1
outer loop
vertex 179.75978224999977 -73.69839390000007 1.5
vertex 196.36102480000002 -69.06123499999998 1.5
vertex 196.36102479999965 -69.06123500000008 0
endloop
endfacet
facet normal 0 0 -1
outer loop
vertex 179.75978224999977 -73.69839390000007 1.5
vertex 196.36102479999965 -69.06123500000008 0
vertex 184.00533705996463 -72.5125 0
endloop
endfacet
facet normal 0 0 -1
outer loop
vertex 179.75978224999977 -73.69839390000007 1.5
vertex 184.00533705996463 -72.5125 0
vertex 179.75978224999977 -73.69839390000006 0
endloop
endfacet
facet normal -0.31472371761013535 0.9491833234805886 0
outer loop
vertex 179.5783047472839 -73.75856696973743 1.5
vertex 179.75978224999977 -73.69839390000007 1.5
vertex 179.75978224999977 -73.69839390000006 0
endloop
endfacet
facet normal -0.31472371761013535 0.9491833234805886 0
outer loop
vertex 179.5783047472839 -73.75856696973743 1.5
vertex 179.75978224999977 -73.69839390000006 0
vertex 179.57830474728368 -73.75856696973749 0
endloop
endfacet
facet normal -0.40394208766521383 0.9147845592338498 0
outer loop
vertex 179.40340449999943 -73.83579780000026 1.5
vertex 179.5783047472839 -73.75856696973743 1.5
vertex 179.57830474728368 -73.75856696973749 0
endloop
endfacet
facet normal -0.40394208766521383 0.9147845592338498 0
outer loop
vertex 179.40340449999943 -73.83579780000026 1.5
vertex 179.57830474728368 -73.75856696973749 0
vertex 179.40340450000076 -73.83579779999964 0
endloop
endfacet
facet normal 0 0 -1
outer loop
vertex 160.94728700000056 -83.06384499999996 1.5
vertex 172.5249914908578 -77.275 1.5
vertex 179.40340449999943 -73.83579780000026 1.5
endloop
endfacet
facet normal 0 0 -1
outer loop
vertex 160.94728700000056 -83.06384499999996 1.5
vertex 179.40340449999943 -73.83579780000026 1.5
vertex 179.40340450000076 -73.83579779999964 0
endloop
endfacet
facet normal 0 0 -1
outer loop
vertex 160.94728700000056 -83.06384499999996 1.5
vertex 179.40340450000076 -73.83579779999964 0
vertex 172.5249914908578 -77.275 0
endloop
endfacet
facet normal 0 0 -1
outer loop
vertex 160.94728700000056 -83.06384499999996 1.5
vertex 172.5249914908578 -77.275 0
vertex 160.947287 -83.06384500000004 0
endloop
endfacet
facet normal -0.39466936288388743 0.9188232115052528 0
outer loop
vertex 160.73440200138498 -83.15528716832863 1.5
vertex 160.94728700000056 -83.06384499999996 1.5
vertex 160.947287 -83.06384500000004 0
endloop
endfacet
facet normal -0.39466936288388743 0.9188232115052528 0
outer loop
vertex 160.73440200138498 -83.15528716832863 1.5
vertex 160.947287 -83.06384500000004 0
vertex 160.73440200138586 -83.15528716832868 0
endloop
endfacet
facet normal -0.2857572615898779 0.9583020335200453 0
outer loop
vertex 160.51237003209727 -83.22149515423493 1.5
vertex 160.73440200138498 -83.15528716832863 1.5
vertex 160.73440200138586 -83.15528716832868 0
endloop
endfacet
facet normal -0.2857572615898779 0.9583020335200453 0
outer loop
vertex 160.51237003209727 -83.22149515423493 1.5
vertex 160.73440200138586 -83.15528716832868 0
vertex 160.51237003209698 -83.22149515423496 0
endloop
endfacet
facet normal -0.17301017691407614 0.9849200366954467 0
outer loop
vertex 160.28417085512592 -83.26158041852898 1.5
vertex 160.51237003209727 -83.22149515423493 1.5
vertex 160.51237003209698 -83.22149515423496 0
endloop
endfacet
facet normal -0.17301017691407614 0.9849200366954467 0
outer loop
vertex 160.28417085512592 -83.26158041852898 1.5
vertex 160.51237003209698 -83.22149515423496 0
vertex 160.28417085512595 -83.26158041852898 0
endloop
endfacet
facet normal -0.05791896589782654 0.9983212876570982 0
outer loop
vertex 160.052864 -83.275 1.5
vertex 160.28417085512592 -83.26158041852898 1.5
vertex 160.28417085512595 -83.26158041852898 0
endloop
endfacet
facet normal -0.05791896589782654 0.9983212876570982 0
outer loop
vertex 160.052864 -83.275 1.5
vertex 160.28417085512595 -83.26158041852898 0
vertex 160.052864 -83.275 0
endloop
endfacet
facet normal -0.08715574274765463 0.9961946980917459 0
outer loop
vertex 141.12770364466607 -83.30538449397562 1.5
vertex 141.47500000000008 -83.275 1.5
vertex 141.475 -83.275 0
endloop
endfacet
facet normal -0.08715574274765463 0.9961946980917459 0
outer loop
vertex 141.12770364466607 -83.30538449397562 1.5
vertex 141.475 -83.275 0
vertex 141.12770364466613 -83.30538449397561 0
endloop
endfacet
facet normal -0.25881904510252624 0.9659258262890669 0
outer loop
vertex 140.7909597133486 -83.3956147584282 1.5
vertex 141.12770364466607 -83.30538449397562 1.5
vertex 141.12770364466613 -83.30538449397561 0
endloop
endfacet
facet normal -0.25881904510252624 0.9659258262890669 0
outer loop
vertex 140.7909597133486 -83.3956147584282 1.5
vertex 141.12770364466613 -83.30538449397561 0
vertex 140.79095971334863 -83.39561475842818 0
endloop
endfacet
facet normal -0.42261826174069467 0.9063077870366523 0
outer loop
vertex 140.47500000000002 -83.542949192431 1.5
vertex 140.7909597133486 -83.3956147584282 1.5
vertex 140.79095971334863 -83.39561475842818 0
endloop
endfacet
facet normal -0.42261826174069467 0.9063077870366523 0
outer loop
vertex 140.47500000000002 -83.542949192431 1.5
vertex 140.79095971334863 -83.39561475842818 0
vertex 140.47500000000005 -83.54294919243095 0
endloop
endfacet
facet normal -0.5735764363510599 0.8191520442889821 0
outer loop
vertex 140.189424780627 -83.74291111376205 1.5
vertex 140.47500000000002 -83.542949192431 1.5
vertex 140.47500000000005 -83.54294919243095 0
endloop
endfacet
facet normal -0.5735764363510599 0.8191520442889821 0
outer loop
vertex 140.189424780627 -83.74291111376205 1.5
vertex 140.47500000000005 -83.54294919243095 0
vertex 140.189424780627 -83.7429111137621 0
endloop
endfacet
facet normal -0.7071067811865903 0.707106781186505 0
outer loop
vertex 139.942911113762 -83.98942478062709 1.5
vertex 140.189424780627 -83.74291111376205 1.5
vertex 140.189424780627 -83.7429111137621 0
endloop
endfacet
facet normal -0.7071067811865903 0.707106781186505 0
outer loop
vertex 139.942911113762 -83.98942478062709 1.5
vertex 140.189424780627 -83.7429111137621 0
vertex 139.94291111376208 -83.98942478062732 0
endloop
endfacet
facet normal -0.8191520442889821 0.5735764363510599 0
outer loop
vertex 139.74294919243113 -84.27500000000032 1.5
vertex 139.942911113762 -83.98942478062709 1.5
vertex 139.94291111376208 -83.98942478062732 0
endloop
endfacet
facet normal -0.8191520442889821 0.5735764363510599 0
outer loop
vertex 139.74294919243113 -84.27500000000032 1.5
vertex 139.94291111376208 -83.98942478062732 0
vertex 139.7429491924311 -84.27500000000002 0
endloop
endfacet
facet normal -0.9063077870366524 0.4226182617406946 0
outer loop
vertex 139.59561475842816 -84.59095971334843 1.5
vertex 139.74294919243113 -84.27500000000032 1.5
vertex 139.7429491924311 -84.27500000000002 0
endloop
endfacet
facet normal -0.9063077870366524 0.4226182617406946 0
outer loop
vertex 139.59561475842816 -84.59095971334843 1.5
vertex 139.7429491924311 -84.27500000000002 0
vertex 139.59561475842816 -84.59095971334885 0
endloop
endfacet
facet normal -0.965925826289063 0.25881904510254033 0
outer loop
vertex 139.50538449397558 -84.9277036446662 1.5
vertex 139.59561475842816 -84.59095971334843 1.5
vertex 139.59561475842816 -84.59095971334885 0
endloop
endfacet
facet normal -0.965925826289063 0.25881904510254033 0
outer loop
vertex 139.50538449397558 -84.9277036446662 1.5
vertex 139.59561475842816 -84.59095971334885 0
vertex 139.50538449397558 -84.92770364466598 0
endloop
endfacet
facet normal -0.9961946980917433 0.08715574274768298 0
outer loop
vertex 139.475 -85.27499999999982 1.5
vertex 139.50538449397558 -84.9277036446662 1.5
vertex 139.50538449397558 -84.92770364466598 0
endloop
endfacet
facet normal -0.9961946980917433 0.08715574274768298 0
outer loop
vertex 139.475 -85.27499999999982 1.5
vertex 139.50538449397558 -84.92770364466598 0
vertex 139.475 -85.27499999999968 0
endloop
endfacet
facet normal -1 0 0
outer loop
vertex 139.475 -177 1.5
vertex 139.475 -163 1.5
vertex 139.475 -157.95 1.5
endloop
endfacet
facet normal -1 0 0
outer loop
vertex 139.475 -177 1.5
vertex 139.475 -157.95 1.5
vertex 139.475 -143.95 1.5
endloop
endfacet
facet normal -1 0 0
outer loop
vertex 139.475 -177 1.5
vertex 139.475 -143.95 1.5
vertex 139.475 -138.9 1.5
endloop
endfacet
facet normal -1 0 0
outer loop
vertex 139.475 -177 1.5
vertex 139.475 -138.9 1.5
vertex 139.475 -124.9 1.5
endloop
endfacet
facet normal -1 0 0
outer loop
vertex 139.475 -177 1.5
vertex 139.475 -124.9 1.5
vertex 139.475 -119.85 1.5
endloop
endfacet
facet normal -1 0 0
outer loop
vertex 139.475 -177 1.5
vertex 139.475 -119.85 1.5
vertex 139.475 -105.85 1.5
endloop
endfacet
facet normal -1 0 0
outer loop
vertex 139.475 -177 1.5
vertex 139.475 -105.85 1.5
vertex 139.475 -100.8 1.5
endloop
endfacet
facet normal -1 0 0
outer loop
vertex 139.475 -177 1.5
vertex 139.475 -100.8 1.5
vertex 139.475 -86.8 1.5
endloop
endfacet
facet normal -1 0 0
outer loop
vertex 139.475 -177 1.5
vertex 139.475 -86.8 1.5
vertex 139.475 -85.27499999999982 1.5
endloop
endfacet
facet normal -1 0 0
outer loop
vertex 139.475 -177 1.5
vertex 139.475 -85.27499999999982 1.5
vertex 139.475 -85.27499999999968 0
endloop
endfacet
facet normal -1 0 0
outer loop
vertex 139.475 -177 1.5
vertex 139.475 -85.27499999999968 0
vertex 139.475 -86.8 0
endloop
endfacet
facet normal -1 0 0
outer loop
vertex 139.475 -177 1.5
vertex 139.475 -86.8 0
vertex 139.475 -100.8 0
endloop
endfacet
facet normal -1 0 0
outer loop
vertex 139.475 -177 1.5
vertex 139.475 -100.8 0
vertex 139.475 -105.85 0
endloop
endfacet
facet normal -1 0 0
outer loop
vertex 139.475 -177 1.5
vertex 139.475 -105.85 0
vertex 139.475 -119.85 0
endloop
endfacet
facet normal -1 0 0
outer loop
vertex 139.475 -177 1.5
vertex 139.475 -119.85 0
vertex 139.475 -124.9 0
endloop
endfacet
facet normal -1 0 0
outer loop
vertex 139.475 -177 1.5
vertex 139.475 -124.9 0
vertex 139.475 -138.9 0
endloop
endfacet
facet normal -1 0 0
outer loop
vertex 139.475 -177 1.5
vertex 139.475 -138.9 0
vertex 139.475 -143.95 0
endloop
endfacet
facet normal -1 0 0
outer loop
vertex 139.475 -177 1.5
vertex 139.475 -143.95 0
vertex 139.475 -157.95 0
endloop
endfacet
facet normal -1 0 0
outer loop
vertex 139.475 -177 1.5
vertex 139.475 -157.95 0
vertex 139.475 -163 0
endloop
endfacet
facet normal -1 0 0
outer loop
vertex 139.475 -177 1.5
vertex 139.475 -163 0
vertex 139.475 -177 0
endloop
endfacet
facet normal -1 0 0
outer loop
vertex 139.475 -177 1.5
vertex 139.475 -177 0
vertex 139.475 -178.5250000000003 0
endloop
endfacet
facet normal -1 0 0
outer loop
vertex 139.475 -177 1.5
vertex 139.475 -178.5250000000003 0
vertex 139.475 -178.52500000000003 1.5
endloop
endfacet
facet normal -1 0 0
outer loop
vertex 157 -163 1.5
vertex 157 -163 0
vertex 157 -177 0
endloop
endfacet
facet normal -1 0 0
outer loop
vertex 157 -163 1.5
vertex 157 -177 0
vertex 157 -177 1.5
endloop
endfacet
facet normal -1 0 0
outer loop
vertex 157 -143.95 1.5
vertex 157 -143.95 0
vertex 157 -157.95 0
endloop
endfacet
facet normal -1 0 0
outer loop
vertex 157 -143.95 1.5
vertex 157 -157.95 0
vertex 157 -157.95 1.5
endloop
endfacet
facet normal -1 0 0
outer loop
vertex 157 -124.9 1.5
vertex 157 -124.9 0
vertex 157 -138.9 0
endloop
endfacet
facet normal -1 0 0
outer loop
vertex 157 -124.9 1.5
vertex 157 -138.9 0
vertex 157 -138.9 1.5
endloop
endfacet
facet normal -1 0 0
outer loop
vertex 157 -105.85 1.5
vertex 157 -105.85 0
vertex 157 -119.85 0
endloop
endfacet
facet normal -1 0 0
outer loop
vertex 157 -105.85 1.5
vertex 157 -119.85 0
vertex 157 -119.85 1.5
endloop
endfacet
facet normal -1 0 0
outer loop
vertex 157 -86.8 1.5
vertex 157 -86.8 0
vertex 157 -100.8 0
endloop
endfacet
facet normal -1 0 0
outer loop
vertex 157 -86.8 1.5
vertex 157 -100.8 0
vertex 157 -100.8 1.5
endloop
endfacet
facet normal 1 0 0
outer loop
vertex 143 -163 0
vertex 143 -163 1.5
vertex 143 -177 1.5
endloop
endfacet
facet normal 1 0 0
outer loop
vertex 143 -163 0
vertex 143 -177 1.5
vertex 143 -177 0
endloop
endfacet
facet normal 1 0 0
outer loop
vertex 143 -143.95 0
vertex 143 -143.95 1.5
vertex 143 -157.95 1.5
endloop
endfacet
facet normal 1 0 0
outer loop
vertex 143 -143.95 0
vertex 143 -157.95 1.5
vertex 143 -157.95 0
endloop
endfacet
facet normal 1 0 0
outer loop
vertex 143 -124.9 0
vertex 143 -124.9 1.5
vertex 143 -138.9 1.5
endloop
endfacet
facet normal 1 0 0
outer loop
vertex 143 -124.9 0
vertex 143 -138.9 1.5
vertex 143 -138.9 0
endloop
endfacet
facet normal 1 0 0
outer loop
vertex 143 -105.85 0
vertex 143 -105.85 1.5
vertex 143 -119.85 1.5
endloop
endfacet
facet normal 1 0 0
outer loop
vertex 143 -105.85 0
vertex 143 -119.85 1.5
vertex 143 -119.85 0
endloop
endfacet
facet normal 1 0 0
outer loop
vertex 143 -86.8 0
vertex 143 -86.8 1.5
vertex 143 -100.8 1.5
endloop
endfacet
facet normal 1 0 0
outer loop
vertex 143 -86.8 0
vertex 143 -100.8 1.5
vertex 143 -100.8 0
endloop
endfacet
facet normal -1 0 0
outer loop
vertex 176.05 -170.12910205000017 1.5
vertex 176.05 -170.0519171094491 1.5
vertex 176.05 -169.9917607888497 1.5
endloop
endfacet
facet normal -1 0 0
outer loop
vertex 176.05 -170.12910205000017 1.5
vertex 176.05 -169.9917607888497 1.5
vertex 176.05 -169.9491841 1.5
endloop
endfacet
facet normal -1 0 0
outer loop
vertex 176.05 -170.12910205000017 1.5
vertex 176.05 -169.9491841 1.5
vertex 176.05 -167.475 1.5
endloop
endfacet
facet normal -1 0 0
outer loop
vertex 176.05 -170.12910205000017 1.5
vertex 176.05 -167.475 1.5
vertex 176.05 -163 1.5
endloop
endfacet
facet normal -1 0 0
outer loop
vertex 176.05 -170.12910205000017 1.5
vertex 176.05 -163 1.5
vertex 176.05 -163 0
endloop
endfacet
facet normal -1 0 0
outer loop
vertex 176.05 -170.12910205000017 1.5
vertex 176.05 -163 0
vertex 176.05 -167.475 0
endloop
endfacet
facet normal -1 0 0
outer loop
vertex 176.05 -170.12910205000017 1.5
vertex 176.05 -167.475 0
vertex 176.05 -169.9491840999999 0
endloop
endfacet
facet normal -1 0 0
outer loop
vertex 176.05 -170.12910205000017 1.5
vertex 176.05 -169.9491840999999 0
vertex 176.05 -169.99176078884963 0
endloop
endfacet
facet normal -1 0 0
outer loop
vertex 176.05 -170.12910205000017 1.5
vertex 176.05 -169.99176078884963 0
vertex 176.05 -170.05191710944928 0
endloop
endfacet
facet normal -1 0 0
outer loop
vertex 176.05 -170.12910205000017 1.5
vertex 176.05 -170.05191710944928 0
vertex 176.05 -170.12910205000023 0
endloop
endfacet
facet normal -1 0 0
outer loop
vertex 176.05 -170.12910205000017 1.5
vertex 176.05 -170.12910205000023 0
vertex 176.05 -177 0
endloop
endfacet
facet normal -1 0 0
outer loop
vertex 176.05 -170.12910205000017 1.5
vertex 176.05 -177 0
vertex 176.05 -177 1.5
endloop
endfacet
facet normal -1 0 0
outer loop
vertex 176.05 -153.475 1.5
vertex 176.05 -148.7125 1.5
vertex 176.05 -148.425 1.5
endloop
endfacet
facet normal -1 0 0
outer loop
vertex 176.05 -153.475 1.5
vertex 176.05 -148.425 1.5
vertex 176.05 -143.95 1.5
endloop
endfacet
facet normal -1 0 0
outer loop
vertex 176.05 -153.475 1.5
vertex 176.05 -143.95 1.5
vertex 176.05 -143.95 0
endloop
endfacet
facet normal -1 0 0
outer loop
vertex 176.05 -153.475 1.5
vertex 176.05 -143.95 0
vertex 176.05 -148.425 0
endloop
endfacet
facet normal -1 0 0
outer loop
vertex 176.05 -153.475 1.5
vertex 176.05 -148.425 0
vertex 176.05 -148.7125 0
endloop
endfacet
facet normal -1 0 0
outer loop
vertex 176.05 -153.475 1.5
vertex 176.05 -148.7125 0
vertex 176.05 -153.475 0
endloop
endfacet
facet normal -1 0 0
outer loop
vertex 176.05 -153.475 1.5
vertex 176.05 -153.475 0
vertex 176.05 -157.95 0
endloop
endfacet
facet normal -1 0 0
outer loop
vertex 176.05 -153.475 1.5
vertex 176.05 -157.95 0
vertex 176.05 -157.95 1.5
endloop
endfacet
facet normal -1 0 0
outer loop
vertex 176.05 -134.425 1.5
vertex 176.05 -129.6625 1.5
vertex 176.05 -129.375 1.5
endloop
endfacet
facet normal -1 0 0
outer loop
vertex 176.05 -134.425 1.5
vertex 176.05 -129.375 1.5
vertex 176.05 -124.9 1.5
endloop
endfacet
facet normal -1 0 0
outer loop
vertex 176.05 -134.425 1.5
vertex 176.05 -124.9 1.5
vertex 176.05 -124.9 0
endloop
endfacet
facet normal -1 0 0
outer loop
vertex 176.05 -134.425 1.5
vertex 176.05 -124.9 0
vertex 176.05 -129.375 0
endloop
endfacet
facet normal -1 0 0
outer loop
vertex 176.05 -134.425 1.5
vertex 176.05 -129.375 0
vertex 176.05 -129.6625 0
endloop
endfacet
facet normal -1 0 0
outer loop
vertex 176.05 -134.425 1.5
vertex 176.05 -129.6625 0
vertex 176.05 -134.425 0
endloop
endfacet
facet normal -1 0 0
outer loop
vertex 176.05 -134.425 1.5
vertex 176.05 -134.425 0
vertex 176.05 -138.9 0
endloop
endfacet
facet normal -1 0 0
outer loop
vertex 176.05 -134.425 1.5
vertex 176.05 -138.9 0
vertex 176.05 -138.9 1.5
endloop
endfacet
facet normal -1 0 0
outer loop
vertex 176.05 -115.375 1.5
vertex 176.05 -110.6125 1.5
vertex 176.05 -110.325 1.5
endloop
endfacet
facet normal -1 0 0
outer loop
vertex 176.05 -115.375 1.5
vertex 176.05 -110.325 1.5
vertex 176.05 -105.85 1.5
endloop
endfacet
facet normal -1 0 0
outer loop
vertex 176.05 -115.375 1.5
vertex 176.05 -105.85 1.5
vertex 176.05 -105.85 0
endloop
endfacet
facet normal -1 0 0
outer loop
vertex 176.05 -115.375 1.5
vertex 176.05 -105.85 0
vertex 176.05 -110.325 0
endloop
endfacet
facet normal -1 0 0
outer loop
vertex 176.05 -115.375 1.5
vertex 176.05 -110.325 0
vertex 176.05 -110.6125 0
endloop
endfacet
facet normal -1 0 0
outer loop
vertex 176.05 -115.375 1.5
vertex 176.05 -110.6125 0
vertex 176.05 -115.375 0
endloop
endfacet
facet normal -1 0 0
outer loop
vertex 176.05 -115.375 1.5
vertex 176.05 -115.375 0
vertex 176.05 -119.85 0
endloop
endfacet
facet normal -1 0 0
outer loop
vertex 176.05 -115.375 1.5
vertex 176.05 -119.85 0
vertex 176.05 -119.85 1.5
endloop
endfacet
facet normal -1 0 0
outer loop
vertex 176.05 -96.325 1.5
vertex 176.05 -91.5625 1.5
vertex 176.05 -91.275 1.5
endloop
endfacet
facet normal -1 0 0
outer loop
vertex 176.05 -96.325 1.5
vertex 176.05 -91.275 1.5
vertex 176.05 -86.8 1.5
endloop
endfacet
facet normal -1 0 0
outer loop
vertex 176.05 -96.325 1.5
vertex 176.05 -86.8 1.5
vertex 176.05 -86.8 0
endloop
endfacet
facet normal -1 0 0
outer loop
vertex 176.05 -96.325 1.5
vertex 176.05 -86.8 0
vertex 176.05 -91.275 0
endloop
endfacet
facet normal -1 0 0
outer loop
vertex 176.05 -96.325 1.5
vertex 176.05 -91.275 0
vertex 176.05 -91.5625 0
endloop
endfacet
facet normal -1 0 0
outer loop
vertex 176.05 -96.325 1.5
vertex 176.05 -91.5625 0
vertex 176.05 -96.325 0
endloop
endfacet
facet normal -1 0 0
outer loop
vertex 176.05 -96.325 1.5
vertex 176.05 -96.325 0
vertex 176.05 -100.8 0
endloop
endfacet
facet normal -1 0 0
outer loop
vertex 176.05 -96.325 1.5
vertex 176.05 -100.8 0
vertex 176.05 -100.8 1.5
endloop
endfacet
facet normal 1 0 0
outer loop
vertex 162.05 -163 0
vertex 162.05 -163 1.5
vertex 162.05 -177 1.5
endloop
endfacet
facet normal 1 0 0
outer loop
vertex 162.05 -163 0
vertex 162.05 -177 1.5
vertex 162.05 -177 0
endloop
endfacet
facet normal 1 0 0
outer loop
vertex 162.05 -143.95 0
vertex 162.05 -143.95 1.5
vertex 162.05 -157.95 1.5
endloop
endfacet
facet normal 1 0 0
outer loop
vertex 162.05 -143.95 0
vertex 162.05 -157.95 1.5
vertex 162.05 -157.95 0
endloop
endfacet
facet normal 1 0 0
outer loop
vertex 162.05 -124.9 0
vertex 162.05 -124.9 1.5
vertex 162.05 -138.9 1.5
endloop
endfacet
facet normal 1 0 0
outer loop
vertex 162.05 -124.9 0
vertex 162.05 -138.9 1.5
vertex 162.05 -138.9 0
endloop
endfacet
facet normal 1 0 0
outer loop
vertex 162.05 -105.85 0
vertex 162.05 -105.85 1.5
vertex 162.05 -119.85 1.5
endloop
endfacet
facet normal 1 0 0
outer loop
vertex 162.05 -105.85 0
vertex 162.05 -119.85 1.5
vertex 162.05 -119.85 0
endloop
endfacet
facet normal 1 0 0
outer loop
vertex 162.05 -86.8 0
vertex 162.05 -86.8 1.5
vertex 162.05 -100.8 1.5
endloop
endfacet
facet normal 1 0 0
outer loop
vertex 162.05 -86.8 0
vertex 162.05 -100.8 1.5
vertex 162.05 -100.8 0
endloop
endfacet
facet normal -1 0 0
outer loop
vertex 195.1 -166.78871105000007 1.5
vertex 195.1 -166.75892205663115 1.5
vertex 195.1 -166.7117908 1.5
endloop
endfacet
facet normal -1 0 0
outer loop
vertex 195.1 -166.78871105000007 1.5
vertex 195.1 -166.7117908 1.5
vertex 195.1 -162.7125 1.5
endloop
endfacet
facet normal -1 0 0
outer loop
vertex 195.1 -166.78871105000007 1.5
vertex 195.1 -162.7125 1.5
vertex 195.1 -153.475 1.5
endloop
endfacet
facet normal -1 0 0
outer loop
vertex 195.1 -166.78871105000007 1.5
vertex 195.1 -153.475 1.5
vertex 195.1 -153.475 0
endloop
endfacet
facet normal -1 0 0
outer loop
vertex 195.1 -166.78871105000007 1.5
vertex 195.1 -153.475 0
vertex 195.1 -162.7125 0
endloop
endfacet
facet normal -1 0 0
outer loop
vertex 195.1 -166.78871105000007 1.5
vertex 195.1 -162.7125 0
vertex 195.1 -166.7117908 0
endloop
endfacet
facet normal -1 0 0
outer loop
vertex 195.1 -166.78871105000007 1.5
vertex 195.1 -166.7117908 0
vertex 195.1 -166.75892205663115 0
endloop
endfacet
facet normal -1 0 0
outer loop
vertex 195.1 -166.78871105000007 1.5
vertex 195.1 -166.75892205663115 0
vertex 195.1 -166.78871105000005 0
endloop
endfacet
facet normal -1 0 0
outer loop
vertex 195.1 -166.78871105000007 1.5
vertex 195.1 -166.78871105000005 0
vertex 195.1 -167.475 0
endloop
endfacet
facet normal -1 0 0
outer loop
vertex 195.1 -166.78871105000007 1.5
vertex 195.1 -167.475 0
vertex 195.1 -167.475 1.5
endloop
endfacet
facet normal -1 0 0
outer loop
vertex 195.1 -146.04375 1.5
vertex 195.1 -143.6625 1.5
vertex 195.1 -134.425 1.5
endloop
endfacet
facet normal -1 0 0
outer loop
vertex 195.1 -146.04375 1.5
vertex 195.1 -134.425 1.5
vertex 195.1 -134.425 0
endloop
endfacet
facet normal -1 0 0
outer loop
vertex 195.1 -146.04375 1.5
vertex 195.1 -134.425 0
vertex 195.1 -143.6625 0
endloop
endfacet
facet normal -1 0 0
outer loop
vertex 195.1 -146.04375 1.5
vertex 195.1 -143.6625 0
vertex 195.1 -146.04375 0
endloop
endfacet
facet normal -1 0 0
outer loop
vertex 195.1 -146.04375 1.5
vertex 195.1 -146.04375 0
vertex 195.1 -148.425 0
endloop
endfacet
facet normal -1 0 0
outer loop
vertex 195.1 -146.04375 1.5
vertex 195.1 -148.425 0
vertex 195.1 -148.425 1.5
endloop
endfacet
facet normal -1 0 0
outer loop
vertex 195.1 -126.99375 1.5
vertex 195.1 -124.6125 1.5
vertex 195.1 -115.375 1.5
endloop
endfacet
facet normal -1 0 0
outer loop
vertex 195.1 -126.99375 1.5
vertex 195.1 -115.375 1.5
vertex 195.1 -115.375 0
endloop
endfacet
facet normal -1 0 0
outer loop
vertex 195.1 -126.99375 1.5
vertex 195.1 -115.375 0
vertex 195.1 -124.6125 0
endloop
endfacet
facet normal -1 0 0
outer loop
vertex 195.1 -126.99375 1.5
vertex 195.1 -124.6125 0
vertex 195.1 -126.99375 0
endloop
endfacet
facet normal -1 0 0
outer loop
vertex 195.1 -126.99375 1.5
vertex 195.1 -126.99375 0
vertex 195.1 -129.375 0
endloop
endfacet
facet normal -1 0 0
outer loop
vertex 195.1 -126.99375 1.5
vertex 195.1 -129.375 0
vertex 195.1 -129.375 1.5
endloop
endfacet
facet normal -1 0 0
outer loop
vertex 195.1 -107.94375 1.5
vertex 195.1 -105.5625 1.5
vertex 195.1 -96.325 1.5
endloop
endfacet
facet normal -1 0 0
outer loop
vertex 195.1 -107.94375 1.5
vertex 195.1 -96.325 1.5
vertex 195.1 -96.325 0
endloop
endfacet
facet normal -1 0 0
outer loop
vertex 195.1 -107.94375 1.5
vertex 195.1 -96.325 0
vertex 195.1 -105.5625 0
endloop
endfacet
facet normal -1 0 0
outer loop
vertex 195.1 -107.94375 1.5
vertex 195.1 -105.5625 0
vertex 195.1 -107.94375 0
endloop
endfacet
facet normal -1 0 0
outer loop
vertex 195.1 -107.94375 1.5
vertex 195.1 -107.94375 0
vertex 195.1 -110.325 0
endloop
endfacet
facet normal -1 0 0
outer loop
vertex 195.1 -107.94375 1.5
vertex 195.1 -110.325 0
vertex 195.1 -110.325 1.5
endloop
endfacet
facet normal -1 0 0
outer loop
vertex 195.1 -88.89375 1.5
vertex 195.1 -86.5125 1.5
vertex 195.1 -77.275 1.5
endloop
endfacet
facet normal -1 0 0
outer loop
vertex 195.1 -88.89375 1.5
vertex 195.1 -77.275 1.5
vertex 195.1 -77.275 0
endloop
endfacet
facet normal -1 0 0
outer loop
vertex 195.1 -88.89375 1.5
vertex 195.1 -77.275 0
vertex 195.1 -86.5125 0
endloop
endfacet
facet normal -1 0 0
outer loop
vertex 195.1 -88.89375 1.5
vertex 195.1 -86.5125 0
vertex 195.1 -88.89375 0
endloop
endfacet
facet normal -1 0 0
outer loop
vertex 195.1 -88.89375 1.5
vertex 195.1 -88.89375 0
vertex 195.1 -91.275 0
endloop
endfacet
facet normal -1 0 0
outer loop
vertex 195.1 -88.89375 1.5
vertex 195.1 -91.275 0
vertex 195.1 -91.275 1.5
endloop
endfacet
facet normal 1 0 0
outer loop
vertex 181.1 -163 0
vertex 181.1 -157.95 0
vertex 181.1 -153.475 0
endloop
endfacet
facet normal 1 0 0
outer loop
vertex 181.1 -163 0
vertex 181.1 -153.475 0
vertex 181.1 -153.475 1.5
endloop
endfacet
facet normal 1 0 0
outer loop
vertex 181.1 -163 0
vertex 181.1 -153.475 1.5
vertex 181.1 -157.95 1.5
endloop
endfacet
facet normal 1 0 0
outer loop
vertex 181.1 -163 0
vertex 181.1 -157.95 1.5
vertex 181.1 -163 1.5
endloop
endfacet
facet normal 1 0 0
outer loop
vertex 181.1 -163 0
vertex 181.1 -163 1.5
vertex 181.1 -167.475 1.5
endloop
endfacet
facet normal 1 0 0
outer loop
vertex 181.1 -163 0
vertex 181.1 -167.475 1.5
vertex 181.1 -167.475 0
endloop
endfacet
facet normal 1 0 0
outer loop
vertex 181.1 -143.95 0
vertex 181.1 -138.9 0
vertex 181.1 -134.425 0
endloop
endfacet
facet normal 1 0 0
outer loop
vertex 181.1 -143.95 0
vertex 181.1 -134.425 0
vertex 181.1 -134.425 1.5
endloop
endfacet
facet normal 1 0 0
outer loop
vertex 181.1 -143.95 0
vertex 181.1 -134.425 1.5
vertex 181.1 -138.9 1.5
endloop
endfacet
facet normal 1 0 0
outer loop
vertex 181.1 -143.95 0
vertex 181.1 -138.9 1.5
vertex 181.1 -143.95 1.5
endloop
endfacet
facet normal 1 0 0
outer loop
vertex 181.1 -143.95 0
vertex 181.1 -143.95 1.5
vertex 181.1 -148.425 1.5
endloop
endfacet
facet normal 1 0 0
outer loop
vertex 181.1 -143.95 0
vertex 181.1 -148.425 1.5
vertex 181.1 -148.425 0
endloop
endfacet
facet normal 1 0 0
outer loop
vertex 181.1 -124.9 0
vertex 181.1 -119.85 0
vertex 181.1 -115.375 0
endloop
endfacet
facet normal 1 0 0
outer loop
vertex 181.1 -124.9 0
vertex 181.1 -115.375 0
vertex 181.1 -115.375 1.5
endloop
endfacet
facet normal 1 0 0
outer loop
vertex 181.1 -124.9 0
vertex 181.1 -115.375 1.5
vertex 181.1 -119.85 1.5
endloop
endfacet
facet normal 1 0 0
outer loop
vertex 181.1 -124.9 0
vertex 181.1 -119.85 1.5
vertex 181.1 -124.9 1.5
endloop
endfacet
facet normal 1 0 0
outer loop
vertex 181.1 -124.9 0
vertex 181.1 -124.9 1.5
vertex 181.1 -129.375 1.5
endloop
endfacet
facet normal 1 0 0
outer loop
vertex 181.1 -124.9 0
vertex 181.1 -129.375 1.5
vertex 181.1 -129.375 0
endloop
endfacet
facet normal 1 0 0
outer loop
vertex 181.1 -105.85 0
vertex 181.1 -100.8 0
vertex 181.1 -96.325 0
endloop
endfacet
facet normal 1 0 0
outer loop
vertex 181.1 -105.85 0
vertex 181.1 -96.325 0
vertex 181.1 -96.325 1.5
endloop
endfacet
facet normal 1 0 0
outer loop
vertex 181.1 -105.85 0
vertex 181.1 -96.325 1.5
vertex 181.1 -100.8 1.5
endloop
endfacet
facet normal 1 0 0
outer loop
vertex 181.1 -105.85 0
vertex 181.1 -100.8 1.5
vertex 181.1 -105.85 1.5
endloop
endfacet
facet normal 1 0 0
outer loop
vertex 181.1 -105.85 0
vertex 181.1 -105.85 1.5
vertex 181.1 -110.325 1.5
endloop
endfacet
facet normal 1 0 0
outer loop
vertex 181.1 -105.85 0
vertex 181.1 -110.325 1.5
vertex 181.1 -110.325 0
endloop
endfacet
facet normal 1 0 0
outer loop
vertex 181.1 -86.8 0
vertex 181.1 -83.275 0
vertex 181.1 -83.26158041852898 0
endloop
endfacet
facet normal 1 0 0
outer loop
vertex 181.1 -86.8 0
vertex 181.1 -83.26158041852898 0
vertex 181.1 -83.22149515423496 0
endloop
endfacet
facet normal 1 0 0
outer loop
vertex 181.1 -86.8 0
vertex 181.1 -83.22149515423496 0
vertex 181.1 -83.15528716832868 0
endloop
endfacet
facet normal 1 0 0
outer loop
vertex 181.1 -86.8 0
vertex 181.1 -83.15528716832868 0
vertex 181.1 -83.06384500000004 0
endloop
endfacet
facet normal 1 0 0
outer loop
vertex 181.1 -86.8 0
vertex 181.1 -83.06384500000004 0
vertex 181.1 -77.275 0
endloop
endfacet
facet normal 1 0 0
outer loop
vertex 181.1 -86.8 0
vertex 181.1 -77.275 0
vertex 181.1 -77.275 1.5
endloop
endfacet
facet normal 1 0 0
outer loop
vertex 181.1 -86.8 0
vertex 181.1 -77.275 1.5
vertex 181.1 -83.06384499999996 1.5
endloop
endfacet
facet normal 1 0 0
outer loop
vertex 181.1 -86.8 0
vertex 181.1 -83.06384499999996 1.5
vertex 181.1 -83.15528716832863 1.5
endloop
endfacet
facet normal 1 0 0
outer loop
vertex 181.1 -86.8 0
vertex 181.1 -83.15528716832863 1.5
vertex 181.1 -83.22149515423493 1.5
endloop
endfacet
facet normal 1 0 0
outer loop
vertex 181.1 -86.8 0
vertex 181.1 -83.22149515423493 1.5
vertex 181.1 -83.26158041852898 1.5
endloop
endfacet
facet normal 1 0 0
outer loop
vertex 181.1 -86.8 0
vertex 181.1 -83.26158041852898 1.5
vertex 181.1 -83.275 1.5
endloop
endfacet
facet normal 1 0 0
outer loop
vertex 181.1 -86.8 0
vertex 181.1 -83.275 1.5
vertex 181.1 -86.8 1.5
endloop
endfacet
facet normal 1 0 0
outer loop
vertex 181.1 -86.8 0
vertex 181.1 -86.8 1.5
vertex 181.1 -91.275 1.5
endloop
endfacet
facet normal 1 0 0
outer loop
vertex 181.1 -86.8 0
vertex 181.1 -91.275 1.5
vertex 181.1 -91.275 0
endloop
endfacet
facet normal -1 0 0
outer loop
vertex 214.15 -153.7312169 1.5
vertex 214.15 -148.7125 1.5
vertex 214.15 -148.7125 0
endloop
endfacet
facet normal -1 0 0
outer loop
vertex 214.15 -153.7312169 1.5
vertex 214.15 -148.7125 0
vertex 214.15 -153.7312169 0
endloop
endfacet
facet normal -1 0 0
outer loop
vertex 214.15 -153.7312169 1.5
vertex 214.15 -153.7312169 0
vertex 214.15 -162.7125 0
endloop
endfacet
facet normal -1 0 0
outer loop
vertex 214.15 -153.7312169 1.5
vertex 214.15 -162.7125 0
vertex 214.15 -162.7125 1.5
endloop
endfacet
facet normal -1 0 0
outer loop
vertex 214.15 -132.04375 1.5
vertex 214.15 -129.6625 1.5
vertex 214.15 -129.6625 0
endloop
endfacet
facet normal -1 0 0
outer loop
vertex 214.15 -132.04375 1.5
vertex 214.15 -129.6625 0
vertex 214.15 -132.04375 0
endloop
endfacet
facet normal -1 0 0
outer loop
vertex 214.15 -132.04375 1.5
vertex 214.15 -132.04375 0
vertex 214.15 -143.6625 0
endloop
endfacet
facet normal -1 0 0
outer loop
vertex 214.15 -132.04375 1.5
vertex 214.15 -143.6625 0
vertex 214.15 -143.6625 1.5
endloop
endfacet
facet normal -1 0 0
outer loop
vertex 214.15 -112.99375 1.5
vertex 214.15 -110.6125 1.5
vertex 214.15 -110.6125 0
endloop
endfacet
facet normal -1 0 0
outer loop
vertex 214.15 -112.99375 1.5
vertex 214.15 -110.6125 0
vertex 214.15 -112.99375 0
endloop
endfacet
facet normal -1 0 0
outer loop
vertex 214.15 -112.99375 1.5
vertex 214.15 -112.99375 0
vertex 214.15 -124.6125 0
endloop
endfacet
facet normal -1 0 0
outer loop
vertex 214.15 -112.99375 1.5
vertex 214.15 -124.6125 0
vertex 214.15 -124.6125 1.5
endloop
endfacet
facet normal -1 0 0
outer loop
vertex 214.15 -93.94375 1.5
vertex 214.15 -91.5625 1.5
vertex 214.15 -91.5625 0
endloop
endfacet
facet normal -1 0 0
outer loop
vertex 214.15 -93.94375 1.5
vertex 214.15 -91.5625 0
vertex 214.15 -93.94375 0
endloop
endfacet
facet normal -1 0 0
outer loop
vertex 214.15 -93.94375 1.5
vertex 214.15 -93.94375 0
vertex 214.15 -105.5625 0
endloop
endfacet
facet normal -1 0 0
outer loop
vertex 214.15 -93.94375 1.5
vertex 214.15 -105.5625 0
vertex 214.15 -105.5625 1.5
endloop
endfacet
facet normal -1 0 0
outer loop
vertex 214.15 -74.89375 1.5
vertex 214.15 -72.5125 1.5
vertex 214.15 -72.5125 0
endloop
endfacet
facet normal -1 0 0
outer loop
vertex 214.15 -74.89375 1.5
vertex 214.15 -72.5125 0
vertex 214.15 -74.89375 0
endloop
endfacet
facet normal -1 0 0
outer loop
vertex 214.15 -74.89375 1.5
vertex 214.15 -74.89375 0
vertex 214.15 -86.5125 0
endloop
endfacet
facet normal -1 0 0
outer loop
vertex 214.15 -74.89375 1.5
vertex 214.15 -86.5125 0
vertex 214.15 -86.5125 1.5
endloop
endfacet
facet normal 1 0 0
outer loop
vertex 200.15 -153.475 0
vertex 200.15 -148.7125 0
vertex 200.15 -148.7125 1.5
endloop
endfacet
facet normal 1 0 0
outer loop
vertex 200.15 -153.475 0
vertex 200.15 -148.7125 1.5
vertex 200.15 -153.475 1.5
endloop
endfacet
facet normal 1 0 0
outer loop
vertex 200.15 -153.475 0
vertex 200.15 -153.475 1.5
vertex 200.15 -162.7125 1.5
endloop
endfacet
facet normal 1 0 0
outer loop
vertex 200.15 -153.475 0
vertex 200.15 -162.7125 1.5
vertex 200.15 -162.7125 0
endloop
endfacet
facet normal 1 0 0
outer loop
vertex 200.15 -134.425 0
vertex 200.15 -129.6625 0
vertex 200.15 -129.6625 1.5
endloop
endfacet
facet normal 1 0 0
outer loop
vertex 200.15 -134.425 0
vertex 200.15 -129.6625 1.5
vertex 200.15 -134.425 1.5
endloop
endfacet
facet normal 1 0 0
outer loop
vertex 200.15 -134.425 0
vertex 200.15 -134.425 1.5
vertex 200.15 -143.6625 1.5
endloop
endfacet
facet normal 1 0 0
outer loop
vertex 200.15 -134.425 0
vertex 200.15 -143.6625 1.5
vertex 200.15 -143.6625 0
endloop
endfacet
facet normal 1 0 0
outer loop
vertex 200.15 -115.375 0
vertex 200.15 -110.6125 0
vertex 200.15 -110.6125 1.5
endloop
endfacet
facet normal 1 0 0
outer loop
vertex 200.15 -115.375 0
vertex 200.15 -110.6125 1.5
vertex 200.15 -115.375 1.5
endloop
endfacet
facet normal 1 0 0
outer loop
vertex 200.15 -115.375 0
vertex 200.15 -115.375 1.5
vertex 200.15 -124.6125 1.5
endloop
endfacet
facet normal 1 0 0
outer loop
vertex 200.15 -115.375 0
vertex 200.15 -124.6125 1.5
vertex 200.15 -124.6125 0
endloop
endfacet
facet normal 1 0 0
outer loop
vertex 200.15 -96.325 0
vertex 200.15 -91.5625 0
vertex 200.15 -91.5625 1.5
endloop
endfacet
facet normal 1 0 0
outer loop
vertex 200.15 -96.325 0
vertex 200.15 -91.5625 1.5
vertex 200.15 -96.325 1.5
endloop
endfacet
facet normal 1 0 0
outer loop
vertex 200.15 -96.325 0
vertex 200.15 -96.325 1.5
vertex 200.15 -105.5625 1.5
endloop
endfacet
facet normal 1 0 0
outer loop
vertex 200.15 -96.325 0
vertex 200.15 -105.5625 1.5
vertex 200.15 -105.5625 0
endloop
endfacet
facet normal 1 0 0
outer loop
vertex 200.15 -77.275 0
vertex 200.15 -72.5125 0
vertex 200.15 -72.5125 1.5
endloop
endfacet
facet normal 1 0 0
outer loop
vertex 200.15 -77.275 0
vertex 200.15 -72.5125 1.5
vertex 200.15 -77.275 1.5
endloop
endfacet
facet normal 1 0 0
outer loop
vertex 200.15 -77.275 0
vertex 200.15 -77.275 1.5
vertex 200.15 -86.5125 1.5
endloop
endfacet
facet normal 1 0 0
outer loop
vertex 200.15 -77.275 0
vertex 200.15 -86.5125 1.5
vertex 200.15 -86.5125 0
endloop
endfacet
facet normal -1 0 0
outer loop
vertex 233.2 -134.425 1.5
vertex 233.2 -132.04375 1.5
vertex 233.2 -132.04375 0
endloop
endfacet
facet normal -1 0 0
outer loop
vertex 233.2 -134.425 1.5
vertex 233.2 -132.04375 0
vertex 233.2 -134.425 0
endloop
endfacet
facet normal -1 0 0
outer loop
vertex 233.2 -134.425 1.5
vertex 233.2 -134.425 0
vertex 233.2 -146.04375 0
endloop
endfacet
facet normal -1 0 0
outer loop
vertex 233.2 -134.425 1.5
vertex 233.2 -146.04375 0
vertex 233.2 -146.04375 1.5
endloop
endfacet
facet normal -1 0 0
outer loop
vertex 233.2 -115.375 1.5
vertex 233.2 -112.99375 1.5
vertex 233.2 -112.99375 0
endloop
endfacet
facet normal -1 0 0
outer loop
vertex 233.2 -115.375 1.5
vertex 233.2 -112.99375 0
vertex 233.2 -115.375 0
endloop
endfacet
facet normal -1 0 0
outer loop
vertex 233.2 -115.375 1.5
vertex 233.2 -115.375 0
vertex 233.2 -126.99375 0
endloop
endfacet
facet normal -1 0 0
outer loop
vertex 233.2 -115.375 1.5
vertex 233.2 -126.99375 0
vertex 233.2 -126.99375 1.5
endloop
endfacet
facet normal -1 0 0
outer loop
vertex 233.2 -96.325 1.5
vertex 233.2 -93.94375 1.5
vertex 233.2 -93.94375 0
endloop
endfacet
facet normal -1 0 0
outer loop
vertex 233.2 -96.325 1.5
vertex 233.2 -93.94375 0
vertex 233.2 -96.325 0
endloop
endfacet
facet normal -1 0 0
outer loop
vertex 233.2 -96.325 1.5
vertex 233.2 -96.325 0
vertex 233.2 -107.94375 0
endloop
endfacet
facet normal -1 0 0
outer loop
vertex 233.2 -96.325 1.5
vertex 233.2 -107.94375 0
vertex 233.2 -107.94375 1.5
endloop
endfacet
facet normal -1 0 0
outer loop
vertex 233.2 -77.275 1.5
vertex 233.2 -74.89375 1.5
vertex 233.2 -74.89375 0
endloop
endfacet
facet normal -1 0 0
outer loop
vertex 233.2 -77.275 1.5
vertex 233.2 -74.89375 0
vertex 233.2 -77.275 0
endloop
endfacet
facet normal -1 0 0
outer loop
vertex 233.2 -77.275 1.5
vertex 233.2 -77.275 0
vertex 233.2 -88.89375 0
endloop
endfacet
facet normal -1 0 0
outer loop
vertex 233.2 -77.275 1.5
vertex 233.2 -88.89375 0
vertex 233.2 -88.89375 1.5
endloop
endfacet
facet normal 1 0 0
outer loop
vertex 219.2 -143.6625 0
vertex 219.2 -132.04375 0
vertex 219.2 -132.04375 1.5
endloop
endfacet
facet normal 1 0 0
outer loop
vertex 219.2 -143.6625 0
vertex 219.2 -132.04375 1.5
vertex 219.2 -143.6625 1.5
endloop
endfacet
facet normal 1 0 0
outer loop
vertex 219.2 -143.6625 0
vertex 219.2 -143.6625 1.5
vertex 219.2 -146.04375 1.5
endloop
endfacet
facet normal 1 0 0
outer loop
vertex 219.2 -143.6625 0
vertex 219.2 -146.04375 1.5
vertex 219.2 -146.04375 0
endloop
endfacet
facet normal 1 0 0
outer loop
vertex 219.2 -124.6125 0
vertex 219.2 -112.99375 0
vertex 219.2 -112.99375 1.5
endloop
endfacet
facet normal 1 0 0
outer loop
vertex 219.2 -124.6125 0
vertex 219.2 -112.99375 1.5
vertex 219.2 -124.6125 1.5
endloop
endfacet
facet normal 1 0 0
outer loop
vertex 219.2 -124.6125 0
vertex 219.2 -124.6125 1.5
vertex 219.2 -126.99375 1.5
endloop
endfacet
facet normal 1 0 0
outer loop
vertex 219.2 -124.6125 0
vertex 219.2 -126.99375 1.5
vertex 219.2 -126.99375 0
endloop
endfacet
facet normal 1 0 0
outer loop
vertex 219.2 -105.5625 0
vertex 219.2 -93.94375 0
vertex 219.2 -93.94375 1.5
endloop
endfacet
facet normal 1 0 0
outer loop
vertex 219.2 -105.5625 0
vertex 219.2 -93.94375 1.5
vertex 219.2 -105.5625 1.5
endloop
endfacet
facet normal 1 0 0
outer loop
vertex 219.2 -105.5625 0
vertex 219.2 -105.5625 1.5
vertex 219.2 -107.94375 1.5
endloop
endfacet
facet normal 1 0 0
outer loop
vertex 219.2 -105.5625 0
vertex 219.2 -107.94375 1.5
vertex 219.2 -107.94375 0
endloop
endfacet
facet normal 1 0 0
outer loop
vertex 219.2 -86.5125 0
vertex 219.2 -74.89375 0
vertex 219.2 -74.89375 1.5
endloop
endfacet
facet normal 1 0 0
outer loop
vertex 219.2 -86.5125 0
vertex 219.2 -74.89375 1.5
vertex 219.2 -86.5125 1.5
endloop
endfacet
facet normal 1 0 0
outer loop
vertex 219.2 -86.5125 0
vertex 219.2 -86.5125 1.5
vertex 219.2 -88.89375 1.5
endloop
endfacet
facet normal 1 0 0
outer loop
vertex 219.2 -86.5125 0
vertex 219.2 -88.89375 1.5
vertex 219.2 -88.89375 0
endloop
endfacet
facet normal -1 0 0
outer loop
vertex 252.25 -138.9 1.5
vertex 252.25 -134.425 1.5
vertex 252.25 -134.425 0
endloop
endfacet
facet normal -1 0 0
outer loop
vertex 252.25 -138.9 1.5
vertex 252.25 -134.425 0
vertex 252.25 -138.9 0
endloop
endfacet
facet normal -1 0 0
outer loop
vertex 252.25 -138.9 1.5
vertex 252.25 -138.9 0
vertex 252.25 -148.425 0
endloop
endfacet
facet normal -1 0 0
outer loop
vertex 252.25 -138.9 1.5
vertex 252.25 -148.425 0
vertex 252.25 -148.425 1.5
endloop
endfacet
facet normal -1 0 0
outer loop
vertex 252.25 -124.9 1.5
vertex 252.25 -119.85 1.5
vertex 252.25 -115.375 1.5
endloop
endfacet
facet normal -1 0 0
outer loop
vertex 252.25 -124.9 1.5
vertex 252.25 -115.375 1.5
vertex 252.25 -115.375 0
endloop
endfacet
facet normal -1 0 0
outer loop
vertex 252.25 -124.9 1.5
vertex 252.25 -115.375 0
vertex 252.25 -119.85 0
endloop
endfacet
facet normal -1 0 0
outer loop
vertex 252.25 -124.9 1.5
vertex 252.25 -119.85 0
vertex 252.25 -124.9 0
endloop
endfacet
facet normal -1 0 0
outer loop
vertex 252.25 -124.9 1.5
vertex 252.25 -124.9 0
vertex 252.25 -129.375 0
endloop
endfacet
facet normal -1 0 0
outer loop
vertex 252.25 -124.9 1.5
vertex 252.25 -129.375 0
vertex 252.25 -129.375 1.5
endloop
endfacet
facet normal -1 0 0
outer loop
vertex 252.25 -105.85 1.5
vertex 252.25 -100.8 1.5
vertex 252.25 -96.325 1.5
endloop
endfacet
facet normal -1 0 0
outer loop
vertex 252.25 -105.85 1.5
vertex 252.25 -96.325 1.5
vertex 252.25 -96.325 0
endloop
endfacet
facet normal -1 0 0
outer loop
vertex 252.25 -105.85 1.5
vertex 252.25 -96.325 0
vertex 252.25 -100.8 0
endloop
endfacet
facet normal -1 0 0
outer loop
vertex 252.25 -105.85 1.5
vertex 252.25 -100.8 0
vertex 252.25 -105.85 0
endloop
endfacet
facet normal -1 0 0
outer loop
vertex 252.25 -105.85 1.5
vertex 252.25 -105.85 0
vertex 252.25 -110.325 0
endloop
endfacet
facet normal -1 0 0
outer loop
vertex 252.25 -105.85 1.5
vertex 252.25 -110.325 0
vertex 252.25 -110.325 1.5
endloop
endfacet
facet normal -1 0 0
outer loop
vertex 252.25 -86.8 1.5
vertex 252.25 -77.275 1.5
vertex 252.25 -77.275 0
endloop
endfacet
facet normal -1 0 0
outer loop
vertex 252.25 -86.8 1.5
vertex 252.25 -77.275 0
vertex 252.25 -86.8 0
endloop
endfacet
facet normal -1 0 0
outer loop
vertex 252.25 -86.8 1.5
vertex 252.25 -86.8 0
vertex 252.25 -91.275 0
endloop
endfacet
facet normal -1 0 0
outer loop
vertex 252.25 -86.8 1.5
vertex 252.25 -91.275 0
vertex 252.25 -91.275 1.5
endloop
endfacet
facet normal 1 0 0
outer loop
vertex 238.25 -146.04375 0
vertex 238.25 -134.425 0
vertex 238.25 -134.425 1.5
endloop
endfacet
facet normal 1 0 0
outer loop
vertex 238.25 -146.04375 0
vertex 238.25 -134.425 1.5
vertex 238.25 -146.04375 1.5
endloop
endfacet
facet normal 1 0 0
outer loop
vertex 238.25 -146.04375 0
vertex 238.25 -146.04375 1.5
vertex 238.25 -148.425 1.5
endloop
endfacet
facet normal 1 0 0
outer loop
vertex 238.25 -146.04375 0
vertex 238.25 -148.425 1.5
vertex 238.25 -148.425 0
endloop
endfacet
facet normal 1 0 0
outer loop
vertex 238.25 -126.99375 0
vertex 238.25 -115.375 0
vertex 238.25 -115.375 1.5
endloop
endfacet
facet normal 1 0 0
outer loop
vertex 238.25 -126.99375 0
vertex 238.25 -115.375 1.5
vertex 238.25 -126.99375 1.5
endloop
endfacet
facet normal 1 0 0
outer loop
vertex 238.25 -126.99375 0
vertex 238.25 -126.99375 1.5
vertex 238.25 -129.375 1.5
endloop
endfacet
facet normal 1 0 0
outer loop
vertex 238.25 -126.99375 0
vertex 238.25 -129.375 1.5
vertex 238.25 -129.375 0
endloop
endfacet
facet normal 1 0 0
outer loop
vertex 238.25 -107.94375 0
vertex 238.25 -96.325 0
vertex 238.25 -96.325 1.5
endloop
endfacet
facet normal 1 0 0
outer loop
vertex 238.25 -107.94375 0
vertex 238.25 -96.325 1.5
vertex 238.25 -107.94375 1.5
endloop
endfacet
facet normal 1 0 0
outer loop
vertex 238.25 -107.94375 0
vertex 238.25 -107.94375 1.5
vertex 238.25 -110.325 1.5
endloop
endfacet
facet normal 1 0 0
outer loop
vertex 238.25 -107.94375 0
vertex 238.25 -110.325 1.5
vertex 238.25 -110.325 0
endloop
endfacet
facet normal 1 0 0
outer loop
vertex 238.25 -88.89375 0
vertex 238.25 -77.275 0
vertex 238.25 -77.275 1.5
endloop
endfacet
facet normal 1 0 0
outer loop
vertex 238.25 -88.89375 0
vertex 238.25 -77.275 1.5
vertex 238.25 -88.89375 1.5
endloop
endfacet
facet normal 1 0 0
outer loop
vertex 238.25 -88.89375 0
vertex 238.25 -88.89375 1.5
vertex 238.25 -91.275 1.5
endloop
endfacet
facet normal 1 0 0
outer loop
vertex 238.25 -88.89375 0
vertex 238.25 -91.275 1.5
vertex 238.25 -91.275 0
endloop
endfacet
facet normal -1 0 0
outer loop
vertex 271.3 -124.9 1.5
vertex 271.3 -124.9 0
vertex 271.3 -138.9 0
endloop
endfacet
facet normal -1 0 0
outer loop
vertex 271.3 -124.9 1.5
vertex 271.3 -138.9 0
vertex 271.3 -138.9 1.5
endloop
endfacet
facet normal -1 0 0
outer loop
vertex 271.3 -105.85 1.5
vertex 271.3 -105.85 0
vertex 271.3 -119.85 0
endloop
endfacet
facet normal -1 0 0
outer loop
vertex 271.3 -105.85 1.5
vertex 271.3 -119.85 0
vertex 271.3 -119.85 1.5
endloop
endfacet
facet normal -1 0 0
outer loop
vertex 271.3 -86.8 1.5
vertex 271.3 -86.8 0
vertex 271.3 -100.8 0
endloop
endfacet
facet normal -1 0 0
outer loop
vertex 271.3 -86.8 1.5
vertex 271.3 -100.8 0
vertex 271.3 -100.8 1.5
endloop
endfacet
facet normal 1 0 0
outer loop
vertex 257.3 -134.425 0
vertex 257.3 -132.04375 0
vertex 257.3 -129.6625 0
endloop
endfacet
facet normal 1 0 0
outer loop
vertex 257.3 -134.425 0
vertex 257.3 -129.6625 0
vertex 257.3 -129.375 0
endloop
endfacet
facet normal 1 0 0
outer loop
vertex 257.3 -134.425 0
vertex 257.3 -129.375 0
vertex 257.3 -124.9 0
endloop
endfacet
facet normal 1 0 0
outer loop
vertex 257.3 -134.425 0
vertex 257.3 -124.9 0
vertex 257.3 -124.9 1.5
endloop
endfacet
facet normal 1 0 0
outer loop
vertex 257.3 -134.425 0
vertex 257.3 -124.9 1.5
vertex 257.3 -129.375 1.5
endloop
endfacet
facet normal 1 0 0
outer loop
vertex 257.3 -134.425 0
vertex 257.3 -129.375 1.5
vertex 257.3 -129.6625 1.5
endloop
endfacet
facet normal 1 0 0
outer loop
vertex 257.3 -134.425 0
vertex 257.3 -129.6625 1.5
vertex 257.3 -132.04375 1.5
endloop
endfacet
facet normal 1 0 0
outer loop
vertex 257.3 -134.425 0
vertex 257.3 -132.04375 1.5
vertex 257.3 -134.425 1.5
endloop
endfacet
facet normal 1 0 0
outer loop
vertex 257.3 -134.425 0
vertex 257.3 -134.425 1.5
vertex 257.3 -138.9 1.5
endloop
endfacet
facet normal 1 0 0
outer loop
vertex 257.3 -134.425 0
vertex 257.3 -138.9 1.5
vertex 257.3 -138.9 0
endloop
endfacet
facet normal 1 0 0
outer loop
vertex 257.3 -115.375 0
vertex 257.3 -112.99375 0
vertex 257.3 -110.6125 0
endloop
endfacet
facet normal 1 0 0
outer loop
vertex 257.3 -115.375 0
vertex 257.3 -110.6125 0
vertex 257.3 -110.325 0
endloop
endfacet
facet normal 1 0 0
outer loop
vertex 257.3 -115.375 0
vertex 257.3 -110.325 0
vertex 257.3 -105.85 0
endloop
endfacet
facet normal 1 0 0
outer loop
vertex 257.3 -115.375 0
vertex 257.3 -105.85 0
vertex 257.3 -105.85 1.5
endloop
endfacet
facet normal 1 0 0
outer loop
vertex 257.3 -115.375 0
vertex 257.3 -105.85 1.5
vertex 257.3 -110.325 1.5
endloop
endfacet
facet normal 1 0 0
outer loop
vertex 257.3 -115.375 0
vertex 257.3 -110.325 1.5
vertex 257.3 -110.6125 1.5
endloop
endfacet
facet normal 1 0 0
outer loop
vertex 257.3 -115.375 0
vertex 257.3 -110.6125 1.5
vertex 257.3 -112.99375 1.5
endloop
endfacet
facet normal 1 0 0
outer loop
vertex 257.3 -115.375 0
vertex 257.3 -112.99375 1.5
vertex 257.3 -115.375 1.5
endloop
endfacet
facet normal 1 0 0
outer loop
vertex 257.3 -115.375 0
vertex 257.3 -115.375 1.5
vertex 257.3 -119.85 1.5
endloop
endfacet
facet normal 1 0 0
outer loop
vertex 257.3 -115.375 0
vertex 257.3 -119.85 1.5
vertex 257.3 -119.85 0
endloop
endfacet
facet normal 1 0 0
outer loop
vertex 257.3 -96.325 0
vertex 257.3 -93.94375 0
vertex 257.3 -91.5625 0
endloop
endfacet
facet normal 1 0 0
outer loop
vertex 257.3 -96.325 0
vertex 257.3 -91.5625 0
vertex 257.3 -91.275 0
endloop
endfacet
facet normal 1 0 0
outer loop
vertex 257.3 -96.325 0
vertex 257.3 -91.275 0
vertex 257.3 -86.8 0
endloop
endfacet
facet normal 1 0 0
outer loop
vertex 257.3 -96.325 0
vertex 257.3 -86.8 0
vertex 257.3 -86.8 1.5
endloop
endfacet
facet normal 1 0 0
outer loop
vertex 257.3 -96.325 0
vertex 257.3 -86.8 1.5
vertex 257.3 -91.275 1.5
endloop
endfacet
facet normal 1 0 0
outer loop
vertex 257.3 -96.325 0
vertex 257.3 -91.275 1.5
vertex 257.3 -91.5625 1.5
endloop
endfacet
facet normal 1 0 0
outer loop
vertex 257.3 -96.325 0
vertex 257.3 -91.5625 1.5
vertex 257.3 -93.94375 1.5
endloop
endfacet
facet normal 1 0 0
outer loop
vertex 257.3 -96.325 0
vertex 257.3 -93.94375 1.5
vertex 257.3 -96.325 1.5
endloop
endfacet
facet normal 1 0 0
outer loop
vertex 257.3 -96.325 0
vertex 257.3 -96.325 1.5
vertex 257.3 -100.8 1.5
endloop
endfacet
facet normal 1 0 0
outer loop
vertex 257.3 -96.325 0
vertex 257.3 -100.8 1.5
vertex 257.3 -100.8 0
endloop
endfacet
facet normal 0 0 -1
outer loop
vertex 250.46350650000005 -171.21171460000002 1.5
vertex 252.3063781994898 -171.9562831 1.5
vertex 263.4440804 -176.4562069 1.5
endloop
endfacet
facet normal 0 0 -1
outer loop
vertex 250.46350650000005 -171.21171460000002 1.5
vertex 263.4440804 -176.4562069 1.5
vertex 263.4440804 -176.4562069 0
endloop
endfacet
facet normal 0 0 -1
outer loop
vertex 250.46350650000005 -171.21171460000002 1.5
vertex 263.4440804 -176.4562069 0
vertex 252.3063781994898 -171.9562831 0
endloop
endfacet
facet normal 0 0 -1
outer loop
vertex 250.46350650000005 -171.21171460000002 1.5
vertex 252.3063781994898 -171.9562831 0
vertex 250.4635065 -171.2117146 0
endloop
endfacet
facet normal -0.9271838541200168 0.3746065945217083 0
outer loop
vertex 263.4440804 -176.4562069 1.5
vertex 268.6885727 -163.475633 1.5
vertex 268.6885727 -163.475633 0
endloop
endfacet
facet normal -0.9271838541200168 0.3746065945217083 0
outer loop
vertex 263.4440804 -176.4562069 1.5
vertex 268.6885727 -163.475633 0
vertex 263.4440804 -176.4562069 0
endloop
endfacet
facet normal -0.37460659452173023 -0.9271838541200078 0
outer loop
vertex 268.6885727 -163.475633 1.5
vertex 255.7079988 -158.23114069999997 1.5
vertex 255.70799880000004 -158.2311407 0
endloop
endfacet
facet normal -0.37460659452173023 -0.9271838541200078 0
outer loop
vertex 268.6885727 -163.475633 1.5
vertex 255.70799880000004 -158.2311407 0
vertex 268.6885727 -163.475633 0
endloop
endfacet
facet normal 0 0 -1
outer loop
vertex 255.7079988 -158.23114069999997 1.5
vertex 255.40717359803628 -158.9757092 1.5
vertex 250.46350650000005 -171.21171460000002 1.5
endloop
endfacet
facet normal 0 0 -1
outer loop
vertex 255.7079988 -158.23114069999997 1.5
vertex 250.46350650000005 -171.21171460000002 1.5
vertex 250.4635065 -171.2117146 0
endloop
endfacet
facet normal 0 0 -1
outer loop
vertex 255.7079988 -158.23114069999997 1.5
vertex 250.4635065 -171.2117146 0
vertex 255.4071735980363 -158.9757092 0
endloop
endfacet
facet normal 0 0 -1
outer loop
vertex 255.7079988 -158.23114069999997 1.5
vertex 255.4071735980363 -158.9757092 0
vertex 255.70799880000004 -158.2311407 0
endloop
endfacet
facet normal 0 0 1
outer loop
vertex 226.61246689999996 -166.7117908 1.5
vertex 226.72912085327215 -166.75892205663115 1.5
vertex 226.75075965751958 -166.76766470107285 1.5
endloop
endfacet
facet normal 0 0 1
outer loop
vertex 226.61246689999996 -166.7117908 1.5
vertex 226.75075965751958 -166.76766470107285 1.5
vertex 226.86735042125432 -166.81477042747358 1.5
endloop
endfacet
facet normal 0 0 1
outer loop
vertex 226.61246689999996 -166.7117908 1.5
vertex 226.86735042125432 -166.81477042747358 1.5
vertex 227.07664790450863 -166.89933209999998 1.5
endloop
endfacet
facet normal 0 0 1
outer loop
vertex 226.61246689999996 -166.7117908 1.5
vertex 227.07664790450863 -166.89933209999998 1.5
vertex 239.5930408 -171.9562831 1.5
endloop
endfacet
facet normal 0 0 1
outer loop
vertex 226.61246689999996 -166.7117908 1.5
vertex 239.5930408 -171.9562831 1.5
vertex 239.59304079999998 -171.9562831 0
endloop
endfacet
facet normal 0 0 1
outer loop
vertex 226.61246689999996 -166.7117908 1.5
vertex 239.59304079999998 -171.9562831 0
vertex 227.07664790450895 -166.89933210000012 0
endloop
endfacet
facet normal 0 0 1
outer loop
vertex 226.61246689999996 -166.7117908 1.5
vertex 227.07664790450895 -166.89933210000012 0
vertex 226.86735042125437 -166.8147704274736 0
endloop
endfacet
facet normal 0 0 1
outer loop
vertex 226.61246689999996 -166.7117908 1.5
vertex 226.86735042125437 -166.8147704274736 0
vertex 226.75075965751958 -166.76766470107285 0
endloop
endfacet
facet normal 0 0 1
outer loop
vertex 226.61246689999996 -166.7117908 1.5
vertex 226.75075965751958 -166.76766470107285 0
vertex 226.72912085327215 -166.75892205663115 0
endloop
endfacet
facet normal 0 0 1
outer loop
vertex 226.61246689999996 -166.7117908 1.5
vertex 226.72912085327215 -166.75892205663115 0
vertex 226.61246689999993 -166.7117908 0
endloop
endfacet
facet normal 0 0 1
outer loop
vertex 239.5930408 -171.9562831 1.5
vertex 239.89386600196374 -171.21171460000002 1.5
vertex 244.83753309999997 -158.9757092 1.5
endloop
endfacet
facet normal 0 0 1
outer loop
vertex 239.5930408 -171.9562831 1.5
vertex 244.83753309999997 -158.9757092 1.5
vertex 244.8375331 -158.9757092 0
endloop
endfacet
facet normal 0 0 1
outer loop
vertex 239.5930408 -171.9562831 1.5
vertex 244.8375331 -158.9757092 0
vertex 239.89386600196374 -171.2117146 0
endloop
endfacet
facet normal 0 0 1
outer loop
vertex 239.5930408 -171.9562831 1.5
vertex 239.89386600196374 -171.2117146 0
vertex 239.59304079999998 -171.9562831 0
endloop
endfacet
facet normal 0 0 1
outer loop
vertex 244.83753309999997 -158.9757092 1.5
vertex 242.99466140051013 -158.23114069999997 1.5
vertex 231.8569592 -153.7312169 1.5
endloop
endfacet
facet normal 0 0 1
outer loop
vertex 244.83753309999997 -158.9757092 1.5
vertex 231.8569592 -153.7312169 1.5
vertex 231.85695920000006 -153.7312169 0
endloop
endfacet
facet normal 0 0 1
outer loop
vertex 244.83753309999997 -158.9757092 1.5
vertex 231.85695920000006 -153.7312169 0
vertex 242.99466140051018 -158.2311407 0
endloop
endfacet
facet normal 0 0 1
outer loop
vertex 244.83753309999997 -158.9757092 1.5
vertex 242.99466140051018 -158.2311407 0
vertex 244.8375331 -158.9757092 0
endloop
endfacet
facet normal 0 0 -1
outer loop
vertex 231.8569592 -153.7312169 1.5
vertex 228.2282852734897 -162.7125 1.5
vertex 226.61246689999996 -166.7117908 1.5
endloop
endfacet
facet normal 0 0 -1
outer loop
vertex 231.8569592 -153.7312169 1.5
vertex 226.61246689999996 -166.7117908 1.5
vertex 226.61246689999993 -166.7117908 0
endloop
endfacet
facet normal 0 0 -1
outer loop
vertex 231.8569592 -153.7312169 1.5
vertex 226.61246689999993 -166.7117908 0
vertex 228.2282852734897 -162.7125 0
endloop
endfacet
facet normal 0 0 -1
outer loop
vertex 231.8569592 -153.7312169 1.5
vertex 228.2282852734897 -162.7125 0
vertex 231.85695920000006 -153.7312169 0
endloop
endfacet
endsolid csg.js
